# Resource object code (Python 3)
# Created by: object code
# Created by: The Resource Compiler for Qt version 6.10.1
# WARNING! All changes made in this file will be lost!

from PySide6 import QtCore

qt_resource_data = b"\
\x00\x00j4\
\x89\
PNG\x0d\x0a\x1a\x0a\x00\x00\x00\x0dIHDR\x00\
\x00\x02T\x00\x00\x00\xc7\x08\x06\x00\x00\x00\xdf\xf5\xcd\xed\
\x00\x00\x00\x01sRGB\x00\xae\xce\x1c\xe9\x00\x00\x00\
\x04gAMA\x00\x00\xb1\x8f\x0b\xfca\x05\x00\x00\x00\
\x09pHYs\x00\x00\x0e\xc4\x00\x00\x0e\xc4\x01\x95+\
\x0e\x1b\x00\x00i\xc9IDATx^\xed\x9d\x07\x80\
\x5cU\xd9\xbfO\xcaf7\xc9fw\xb3\xd9$\x9b\xde\
{#\x09\x81\x10\x08\xbd7\xb1\xe0\x87\x80HQ?\x15\
\xfcc\xc3\x82\x80\x22(\x0aR\xfc\x10\x0b\xd2T\x8a\xd2\
\x04)R\xa5\x07\x02\xe9\xbd\xf7\xbeIv7\x9bl:\
\xf9\x9f\xe7\x9d9\x9b\xc9\xe4\xde;\xe5\xcel}\x1f\xb9\
fwv\xe6\xce\xb9\xa7\xfe\xce{\xde\xf3\x9ef\x07,\
FQ\x14EQ\x14EI\x9b\xe6\xd1\x7f\x15EQ\x14\
EQ\x944QA\xa5(\x8a\xa2(\x8a\x12\x12\x15T\
\x8a\xa2(\x8a\xa2(!QA\xa5(\x8a\xa2(\x8a\x12\
\x12\x15T\x8a\xa2(\x8a\xa2(!QA\xa5(\x8a\xa2\
(\x8a\x12\x12\x15T\x8a\xa2(\x8a\xa2(!QA\xa5\
(\x8a\xa2(\x8a\x12\x12\x15T\x8a\xa2(\x8a\xa2(!\
QA\xa5(\x8a\xa2(\x8a\x12\x12\x15T\x8a\xa2(\x8a\
\xa2(!QA\xa5(\x8a\xa2(\x8a\x12\x12\x15T\x8a\
\xa2(\x8a\xa2(!QA\xa5(\x8a\xa2(\x8a\x12\x12\
\x15T\x8a\xa2(\x8a\xa2(!QA\xa5(\x8a\xa2(\
\x8a\x12\x12\x15T\x8a\x12\xc7\xa7\x07\x0e\x98O?=\x10\
\xfd\xedP\xf6\xfb\xbc\xae(\x99d\xdf\xfeO=\xeb\xe0\
\xde}\x9fF\x7fR\x14\xa5\xbe\xd1\xec\x80%\xfa\xb3\xa2\
(\x96}\xfb\x0f\x98\xbf\xbe\xb2\xca\xac\xd8Pmv\xee\
\xde\x1f}\xd5\x98\xce\xc5\xb9\xe6\xb4\xb1\x9d\xcc\xc8~\x05\
\x86F\xd3\xbcY3c\xffk\xb20\xe03\xe6\xb7l\
\x11\xc9\x04'6[4o\xc2\x99\x92\x01\xa8\x7f\xd4\xbd\
\xd7\xa7l2\xdbw\xee\x8b\xbe\x1a\xc9\xd7~]\xdb\x9a\
\xf3\x8f\xedb\xeb\xdf\x01ck_\x93\xae\x7f\x8aR\xdf\
PA\xa5(q\x94U\xee6\x17\xffbJ\xf4\xb7C\
9}\x5c's\xddE\x03\xcc\x9c\x15\xdbLi\xfb<\
\xd3\xbe]N\x93\x15\x10+7\xec4o\xcd(3e\
\x15\xbb\xe5\xf7V9\xcdM\xbf.m\xcd\x99Gw\x92\
\xdf[4o\xae\x03~\x9a\xdc\xf1\x8f\xc5\xe6\xb5O6\
E\x7f;\x94\x7f\xdc4\xce\xec\xb3\xe2\x95\xae\xbbCA\
+\x93\xd3R\x17\x1a\x14\xa5>\x90\xb1\x96\xc8\xac*\xd3\
`\xf6V\x94\xfa\xc8\xb4E\x95\xe6\xb9\xf7\xd7\x995\x9b\
v\xca\x12aS\x02K\xd4\x9c\xe5\xdb\xccW\xef\x98f\
\x1e{}\xb5\x0c\xfc\x5c/N\xda`~\xf7\xccRs\
\xed\xbd\xb3\xc5zW\xb9c\xaf\xd9\xb3\xefS;\xf0G\
?\xa8d\x04\xea\xdb\xca\x0d\xd5\xe6_\xef\xad7\x93\xe6\
l\xcdJ\xdf\xdb\x10\x89]\x8e\xc7\xb2\xbc\xb1|\xb7\xd4\
\xd3YK+\xcd\xca\x8d\xd5\xa6b\xfb\xde\xe8_#\xe3\
\x95\xe6\x9a\x92i2b\xa1\xa2r\xbe5}\xb3\x99\xb1\
\xa4\x22\xfaJf\xc0\xb4\x8d\x89\x9bYnS_^Q\
j\x8fd,T\x0f\xbe\xbcR:\xed\xe1}\x0a\xccq\
#:\xd4,{5\x05\xe81\xee~j\x89\xf9\xcf\xe4\
\x8d\xd1W\x0e\xe7\xc1\x1f\x8e6[\xb6\xed1\xeb\xb7\xec\
2\xc7\xda\xfc)l\x9b\x13\xfd\x8b\x92\x0cA\x16\xaa\xc7\
o<\xd2,]\xb7\xc3|8w\xabi\x93\xd7\xc2\x5c\
~f/\x93\x9b\xd34\xadT\x88(,\xc4\x88\xa7w\
gn6S\x16V\x98\x99K*}}\x1d[\xb5l\
n\x86\xf4jgF\xf5/4\xe3\x06\x17\x99\xc1=\xdb\
\xc9\xc4\xbde\x0b\xb5\xf2)\xe1\x09-\xa8\x10SO\xbf\
\xb3\xd6<\xf8\xd2\xca\xe8+\x99\xe33\xc7u1\xdf\xfc\
L\x1fi =;\xb71\xc5\x059\x22\xac\x14%\x9b\
$+\xa8vYA5\xb0G\xbe9it\xc7&%\
\xa8\xe0\xc6\x07\xe7\x9b\x8f\xe6m\x8d\xfev8w~k\
\xb8ia\xf3\xe4\xed\x19\x9b\xcd\x10;h\x1d?\xaa\xa4\
\xc9\xe5Q\x18\x92\x15T\x08\xa9\xab\xce\xe9\xdd\xe4\x04\x15\
\xfe{\xcd\xad\x90\xfah^\xb9y\xe4\x95\x95f\xe9\xda\
\x1d\xd1\xbf\xa4\x06\xed\xf7\x02;\xce\x9c:\xb6S\x8d8\
\xd3!FI\x97\xd0\xad\x90Nr\xee\xf2\xaa\xe8o\x99\
\x05\x0b\x00\x15\x9c\x8e\xfb\x85I\xebME\xd5^]>\
P\x94\x06@\xb3\xe8\xa8\xb4g\xef\xa7f\xf1\xda\xed\xf2\
\xaf\xa2d\x02\x86\x80\x85\xab\xb7\x9b\x1f\xfca\x8e\x15\xf6\
\xf3\xd2\x16S\xb0\xc8\xde\xe7\xf6'\x16\x9b\xef\xdd7\xdb\
\xec\xd8\xb9OvQ\xeaNJ%]22\xad\x89\xdd\
\x09\x95\x0dv\xdb\xcex\xc7\xae\xfdf\xc5\xc6\xea&\xe7\
\xaf\xa2(\xf5\x0d\x9a \xce\xf8A\xb0#\xb2\xaa:\xb2\
Cm\xdf\xbe\x03\xb6\xfd\xee\xd3\xc9\x90\x92\x11^\xfeh\
\xa3\xf9\xee\xefg\x9b\x99K+\xa3\xaf\x84\x07_\xab\x1b\
\x1f\x9a/\x1b+f-\xdd&uW\xeb\xab\x92*\x0d\
\xcaN\x5c\xbeM-T\x8aR\xd7\xd0\x06/8\xae\xab\
\xf8\xa3xq\xfc\xc8\x0e\xa6SQ\xaeY\xbdi\xa7\xfc\
N\x93\xad\xb6\x93.u\x03V\xc2\x82k\xc9=O-\
\xf1\xf5\x91\x0a\xc3\xfc\x95Ur\xdf\xedV\xfc\xbf\xf8\xe1\
\x06\xd9T\xa1(\xa9P\xaf\x05\x15\x0e\xe9ng\x06\x0b\
\x08j\x9dR\x94\xba\xa7\xb9\xed5\xfatic\x1e\xbb\
\xf1H\xf1'\xbb\xfc\xcc\x9e\xe6\xb23z\x9ak?\xdf\
\xcf\xdc}\xcd\x08s\xe3W\x06\x9b\x05\xab\xaa\xcc\x9a\xb2\
\x88\xa0b\xf5/?\xaf\xa5\xc4MR\x94tAL\xfd\
\xe3\xbfk\xa2\xbf\x05\x83\xd8\x1f\xd5\xafP\xc4=~\x8f\
\xc7\x0e\xef`\xfaukkZ\xe7\xb6\x88\xbe\xc3\x9b\xad\
\xdb\xf6\x88?\x1a\x1b*f,\xa9\xd4\x1d\x94JJd\
d\x97\x1fk\xd9~\xe6WvT\xdc\xfe\x8da&\xaf\
UpE\xf6\x03\xff)\x9c/i \x83z\xe6\x9b\x13\
\x8fhz\x0e\xc0J\xed\xa2N\xe9\x89\xc1@Pn\x07\
\x9d\x9d{\xf6\x9b\xfc\xd6-\xe55\x96\xe6Y\xfe\x9f\xb5\
\xac\xf2\x10\xbf\x16\xfe~\xe9i=\x12\x0ef\xcaA\xd4\
)\xfd \xd4\xb5)\x0b\xca\xcdO\x1f\x98\x17}\xc5\x9f\
\xde\xa5m\xcc\x85'v\x93M\x10y\xad\xbc\xf3\x04\xb1\
D\xd0\xd4\x7f\xbd\xbb\xdel\xad\xda\x13}5\x82\xcb[\
\xc6\x9d\xe2v\xad\xccE'w\x97e@EI\x86\xac\
\x0b*f\xae_>\xbd\x87o\xe7\x10\x04~\x17\xab6\
F\xe2\xfc\x10\xbc\x8e\x19\xc71\xc3\x8aUP)YE\
\x05Ur\x10\xc5\xfb\x99w\xd7\x89\x15\xd9\xef\xa8\x1e\x06\
\xfa\xd1\x03\x8a\xcc\xb8\xc1\xed\xb5\xdd\xa6\x80\x0a\xaa\x08\xd4\
\xaa\x0a+z\xbev\xc7\x8c\xc0%86/!\xa4.\
?\xab\xa7\xd4K\x96\xef\x16\xad\xd9n\xb6W\xef\x13\xa1\
O\xfe\x14\x17\xb4\x12\x91TZ\x9c+\xe1\x12\xb0\x9c\x12\
\xee\xe7\xfe\x17V\xd4\xdc\xfb\x9f?\x1b'\x9f#o\x11\
dW\x9e\xdd\xf4vP*\xe9Sk5e\xee\x8am\
)_\x1c\xbf\xe0\x96\xf9\x08\x13\xd2\xa5C\x9e\xb1\xedF\
Q\x94z@\x9b\xdc\x16\x12\x83\xab\xa4\xb0\x95\xcc\xe2\x11\
L\xeeb\x02\x84EjX\x9f\x02\x89\xf9\xa3bJI\
\x07j\xcd\xef\x9e^\x96\xd0\x9f\x89I\xce\x15VL\xcd\
X\x5ci\x1e\xf9\xcf*\x11D[*\xf7\x88\x98B8\
\xe1\x1b\xc5\xef\x88%By<\xf8\xf2\x0a3\xc9\xbe\x87\
\xfa\xfb\xd0\x8f\xc7\xd8IQ\x89XR\x11]\x9b\xed\xfb\
@=L\x94T\xa9U\xe9\xcd,\x82\x8e\x15\xc5\x9f\xca\
E\xf0:f\x14=;\xb7\x96\xd8#a`&]\xdf\
\xa27\xd3\xd8\xf7\xee\xcb~\x82\xf8\x9eL\xf9\x04\x90\x8f\
\xb5\x91\xe6\xc6\x0e\xe5!\xf51\xfa{} \xd9\xfaH\
[\xec\xdb%\xb2\xc4\xf2\x85\x13\xba\x99s\x8f)5'\
\x8c\xea(\x83\xd4iGv2\x17\xda\xd7&\x0c+\x16\
\xe1\x95)\xeac\xfbM\x85\xfa\xdanj\xf25\xfa{\
}\x80\xb4\xe0\x87\xf7\xc1\x9c-\x91\x17|\xf8\xfay\xbd\
\xcd)c;\x9a\x97'o4\xef\xce\xda\x5c3\x09g\
\xacA\xe8\x97\x14\xe6\x9aAv\xfc\x18\xd9\xafP\xce\xe1\
\xc4\x97\x8a@\xb3\x0bWU\x99\xc7\xdf\x5cc6n\xdd\
e\xae\xbft\x90\xf9\xeb\xf5c\xcd\xae=\xfbk|\xff\
\xd2\xa5\xbe\xb5\xe9\xda\x1a_j\x93\xfa\xd8oB\xad-\
\xf9\x11Y\x99\xca\xcd\xb2\xdd\x98\x01E\x12\xf4/\x15\x9c\
\x18K\x16\x1e\x8aN\x82\xcf\xed\xdc\xf3\xa9\xd9T\xbeK\
\x1c\x0e\xcb*\x0e\xae\x993\xb3nkg%\xac\xbb#\
\xdcx\x7f3\xfb\xfet%\x1b\x85\xec\x95F*4\xe9\
\x88\xc5\xbd\x978(\xec\x86\xe2=\x04.\x1d\xd1\xb7\xd0\
\xe4\xd8\xd7\xbd\x84c*\xf7\x07\xf7:;\xac8\xaab\
\xdd\xe6]\xf2Z\xa7\xf6\xb9\xa6kI\x9e)\xb1\xb31\
\xf2\xc9\xeb\xb3\xf1\x907\xa4\x89\x19\x1f\xf7Zk\xefE\
\xbc\x96\x82\xb6-eGW\xdf\xaemk*w\xe2\xbb\
\x1d\xca\xde\xfd\x9f\xdag\xf6\xd6\xf6~\xcf\x1c\x84_~\
\xc4\xd6\x89 \xb2\xb1\xe4\x17\xfb\x1c\xcc\xb67\x95\xef\x16\
_\x8em;\x0e\x1e~K(\x02\xcef\xeb\xde\xa9\x8d\
i\xd5\xb2\x99\x15\x0d\xb6>\x86\x882\x98\xcd\xfaH^\
\xfa\xa5\x8c\xcf\xba\x00\xbc\xe9&\xbf.\xdao6py\
]i\xcby\xf5\xa6j;x\xef\x96\xd7h7\xb4\x19\
\xda\x8eWyds\xc9/\xb6^\xac\xdb\xb2K,7\
D\xb4w\xb0$\x86\xb5\x86\xf4A:m0\x13P\x07\
\xee~28\x22?>\xba\xff\xf7\xffF\x9a\xf7go\
1\x9f,(\x8f\xbe\x1aYj\xee\xd1\xa9\xb5\x8c7\x9d\
\x8b\xf3\x0e\xc9_\xda\x95\xab_\xabl]\x9f\xbb|\x9b\
\xd9m\x85T\xff\xee\xedl\xfd\xaf\x92\xa8\xeb\xd06\xaf\
\xa5\xf9\xca\x99=}\xf3\xb6\xb6\xdbt6\xdb\xb3\x1f\xa8\
\x83\xd8\xe4n\xb3\xcf\xb9n\xcbn\xb3g\xef~\xd3\xae\
M\x8e)\xca\xcfI\x18B%\x16\xe2\xd1\xa5\xe2\x93V\
\xdby\x1c\x96Z\x15TT\xcc1\x03\x8b\xcc\x91\x83\xb2\
\xe7O\xe1*\x00\xbeW\xef\xcc\xdc,\x8d\x8cJE\x85\
\xf2\x83\xca\xc8\xc0H\xe3;wB\xa9\xe9l\x05\x07\xb3\
\x9cT\xa3\xb2\xd3\xf1\xdf\xfd\xe4b3o\xe5\xc1@\xa7\
\x1d\xed\xec\xe8\xb23z\xc8\xec\x88\xb4I\xc5\xb7\xffM\
]Xn\x1ex\xe9\xf0\x08\xbftdO\xdd|\x94\xd9\
o+\x12\xbb\xa98\x12\xc1%#\xd9\xfb\xd3]\x90\xf6\
\x05\xab\xb6\x9bg\xdf]k\xde\x9d\xb9\xc5\xf3\xf9;\xda\
\x01\xe9\xfc\xe3\xba\x98\xb3\x8e\xee,\xdf+I\xf3y\xe6\
\xe5\xeb\xab%\x22\xfe{\xb3\xb6x\xc6\x1d\xe3^\x13G\
\x95\x98/\x9d\xd2\xdd6\xb4\x96\x92\xe6d\xf3\x0f\xa1\xf7\
\xe0K+\xcc\x12;H\xc4\xa6\xb3\x7f\xd7|\xf3\xf9\x13\
\xbaJ\xa7\xe9\xee\x97\xe8\x96|\xfc\xadie\xd2\x09o\
\xb0\x83\xb0\xa3u\xab\x16R\xc6\xd7~\xa1\x9fii3\
\x96<\x8a\xef\x84\x1c\x99\x12TN\x84n\xab\xde'i\
\xe2L\xb19\xcb\xab\x0es\x84\xf5\x02\xc1\xcb\xce$\x8e\
_b\x80K\xa7\x93\xc8f}dv\xf8\xc7\xe7\x97\x9b\
\xd5\xb6\x9d\xf1<\xfc\x8e\x7f\x0a\x17\xd6\x02\x8e\x9b!\xcd\
\xc9\x94Y,\xa4\x89\xf7\xd7E\xfb\xcd$\xa4w\xcf\xbe\
\x03\xe6Y\xda\x8c\x1d\xec\xfd\x82Ob-9w|\xa9\
9{|gyv\xea\x0b\xc9\xce\x86\xa0bp\xa2\xb8\
\xdf\xb1\xfd\xc1\xe4\xf9[\xcd\x94\x05\x15\x81KiXq\
\x8e\x1e\xda\xde\x9ca\xeb<\xf5\x85gJ\xb5<\xc3@\
\xbb\xf9\xd2\xcd\x9fH\xdd\xf2\xe3\xbe\xef\x8c\xb2\xc2\xa7\x85\
y\xf2\xed\xb5\xd1W\x8cl\x80\x9a0\xbcXV5r\
\xec\x00\x1bT\x0fh\xa3{m\xbe\xac\xdd\xbc\xd3|<\
\xbf\x5c\x96\xfb8\x8a\x86\xb6\xd6\xbdcks\xbe\xadO\
\xb1\x87O\xd7e\x9b\xce\xf6\xf8\x12\x8b\xb3\xf2\xad\xde\xb8\
\xcb\xe6\xed\x1aq\xbf\xa1\x9f\xc6?-\x1e\xee\xc9\xa4\xc6\
\xaf?\x8d\xe5\x7fN\xeen5\xc0\xc1\xb4z~w\x1d\
\xe6qXZ\xfc\xdc\x12\xfd9mh\xf8N\xd5\xc7\x83\
\xff\x04\x1d\x1d\xbb&\x18t\xf0\x83\xeaZ\x12~\xe9\xce\
\x0b*\x01\x0a\x96Y\xcd\xbd\xcf.\x13\x91G\x03\x89\xd6\
\x0d_\xf8;\xef#\xb8\xdb\xf3\xef\xaf7\xeb\xb7\xee2\
\xfdmGG'Ea$[\x1e\x15\xdb\xf7\x98;\xff\
\xb9\xc4\xec\xd8\xb9\xbf\xe6\xdaT\xb1\xdb>sk3\xb0\
{\xbe4Z\xd6\xe8\x09L\xf7\xeb\xc7\x16\x89\xd2\x8e\x87\
\xce\xe3l+p\x96\xdb\x0aL\x87\xd7\xcevj\xedl\
\x85%\x0d\x89\xee\x8f\xdf\x19\xb3\xf6Om\xff\xf3\xc7\x7f\
/\x17\x11KC\xf0{~,W\xd3\x17W\x9a7\xa6\
\x94\x89\xaf\x0bi\xb3\xed\xac\xa6\xd3\xa4\x03\xa5r\xd30\
\x7fk;\xf8%\xb6q\xd2){\xc1\xbdp\x04E\xc8\
\xf4\xea\xdc\xda\xce\x0e\xdb\xc8\xb3\xd0h\x13Uh\x06\x86\
'\xde\x5c#\xc1\xf4b\x9f\x8d\x99\x15\xb3\xcbAv\xb0\
\x9c\xbd\xacR\x1a?\xcbGA\xf7\xe3O8Jsh\
l\xec\xbdp\x9cf\x10:oB\x17\x9bg\xbb\xc4\xac\
\xcf\x0c\xcb\xeb\xa4~\x9e\xe5\x99w\xd6E\x7f;\x14\x06\
@\x1a,\xf9F^t\xb0\xf9\xdd\xa7K\xdb\xc3\xea3\
uq\x99\x15\xa1\x7f\xa2\x1c\x9e\x5cj>\xb4\xf5\x7f\xa5\
\x15\x09\xec\x8aK\x06\xf2b\xde\x8a*\xf3\xaf\xf7\xd6I\
\xc7r\x84mG\xb6Tdf\x9d\xacP\xc8V},\
\xb0\x82\x99\xce\xed\xb6G\x17I\xbbg\xb6\xc8\xbdiC\
\x94Yn\xab\xe6\xb2\xecG\x80D\xea\x1e\xbeT\xc9\xb4\
\xf7\xban\xbf\x99\xe4\xc39\xe5\xe6\x86\x07\xe6\x8a\x9fN\
y\x95\xbfh\xe1o\x93\xed@>uQ\x85\x19k'\
\x9a\xf9\xad#\xf5\x9b\xfaK}\xf5\x82I\x06\x9f\xa3\x0e\
\xd3\xa72IMf\x82\xca1-\xb7\xfcm\xa1ya\
\xd2\x06\x99 am\x0e\x82\xbf\x93\x06\xfaw\xca\xb2O\
i[\xb1\x06P\x1c\xd4\xc5l\xe6+\xa2\x86\xef\xa5\xdd\
\xf8\xc1F\x87/\x9e\xd4MbF\x11\xf8\x19\xb0~\x8c\
\x1fVl\x86\xf7.\x90\x9f\x13\xf5=\xfc\x9d\xbc+\xcc\
\xcf\xb1m;_\xea\x0c\xed\x8d\xd7\x8e\x1cT$\x82\xc5\
\xdd\xa3\xae\xdbt\xb6\xc7\x17\x07\xed\xa9\xd2\xf6\x97\xf7\xfd\
k\xb9\xf9\xbfg\x96J\xbf\xcf\xbd\xfc\x84-\xaf\x93\x0e\
\xfa\x82D\xd7.+\x0aO\x1e\xd3\xd1N\x94*\xa4_\
\xc0\xf1?\xb6\x8c\xeaC\xbf\x19\x86\xc4\xd3\x9a\x06\xc4s\
\xef\xad7\x97\xdf6\xcd\xbc;+x\xcd=\x08D\x04\
\x0d\xf9\xeb\xbf\x9da\xa6/\xa9\xb4Ea\xa4\x12P\xd0\
a\xa0q\xa3\xe29\x91?\x99\xc0t\xcc\xacVm\xaa\
\x96\x03?Y\x12K\x04\x1d\x00a%\x18\x90\xae\xbc}\
\x9a\x0c,\xc9\xc2\xe0\xf8\xc3?\xce\x11\xd1\x82\xd5\x85\xc6\
\x83X\xe0^W\xdd>\xdd<eg\x7f\x89\xd2\xeb`\
\x06\xf3\x8b\xbf.\x14\x13<3\x905v\x80\xf5\x13a\
\xc9\xc2\xf3O\xb6\x83\x01\xc7\x0f%3\xc0\x06\xc1\x8c\x85\
e#\xd2\xf7\xda\x94M\xb2l\x99\x0d\xfe\xfc\xef\x15\xe6\
\x9a{f\xca.\x22\xbf\x8e(Y(\xcbk\xee\x99e\
\xf6\xd92\xa0\xc3H4\x10&C\x98\xfa\x88\xc8N\x06\
\x04\xd1K\x1fm\xb0\x1d\xe4\x8e\xa4>S\x9f\xdbo\xb2\
\xf0=\xcfZA\xff\xf3G\xe6\x9b2[W\x93\x85\xc9\
\xc8\xd7\x7f;\xdd\x0a\xab\x88\xa5?\xd9\xf6\x96\x08\xeeB\
\xde\xff\xce\x0e\x8c?{x\xbeL\xb0\xd2\x81\xb2\xbc\xf6\
\xdeY\xe6\xcdie2\xf8\xb2\x03;Si\xf4\x82\xc9\
\xd3\xfcU\xc1G\x9a\x9db\x07f\x96*\x19\xa8\x81>\
\x10a1\xcc\x8a)\xaf\x89R\x10\x0c\xb6L\xd6\xd8\x91\
J\xa8\x04\xae\x01\xf6^\xb1\x13\x81\xfa\xdc\xa635\xbe\
\xf0\xb97\xa6\x96\x99Ko\x9d*\xed(\xd3e\xec,\
\x5c\x0b\xd7l7\xff\xb6\xfd\xf9\x86\xad\xbb\x0f\xe9\xcf\xeb\
{\xbf\x99\x88F#\xa8X~\xe0\xcaT\x05`Y\xeb\
\xa6\x07\xe7\xcb\x80\x800\xd8X\x1e\x11\x19\xe9Bc\x9f\
igy\xbf\xff\xd7\xb2\xe8+\x89\xe1\xfb\x98\x95\xec\xb6\
\x03B\x22hPt\x96\xdf\xfe\xbfY\xe2\xa7\x91*T\
\xde{\x9e^*3\x86b;\x0b\xa5\x93\xfa\xce\xbd\xb3\
\xc5\xcc\x9b*\x94\xc1]O.\x91\x0a\xcc}\x16\xdb\xc6\
\x13JT\xd9\x8f\x92>\x06F\x96\xe3\xc2\x0e\x8e|\x9e\
\xb4\xd1\x19g\xb8\xbf\x10(\x07\x06\xd5LvF\xdc\xf3\
\xce\x7f.\x16\x9f\x85i\x8b*\xa4\x83\x08\x93\x0da\xea\
c\xb2E\xc9\xfb\xc9\xe7\xb5e\x84>\x89\xbe\xe8C}\
o\xbf\xc9@y\xbc8i\xa3<G:\x90\xe6\x1b\x1e\
\x98g~\xfd\xf8\x22\xb1Pe\x02\x96v~\xf9\xf7\x85\
2\xd0\x86\x85\xb2a)\xf2\xe5\x0f7J\x7f\x83\x95+\
\x9b\xe7\xdeaq\xf4\x03\xeb\xc6\xb1#\x8a%\x0d\x0e\xac\
K\x08\x22\xbf\x08\xfe\xc9@]a\xc9\x90e,~v\
\xd4\xf76\x9d\x89\xf1\x85g[o\xfb\xfb{\x9f]\x1a\
Z\xcc$\x82z\x83\xb8\xc2\x02\xea\xf2\xb4!\xf4\x9b\x89\
h\xf0\x82\x8a\xbcy\xec\xf5\xd5R\x10\x89\xa0\x81\xb0d\
\xc3\x12$j>Q\xc3\xa3`\xff\xf8\xdcrq&\xc5\
\x91o\xc9\xda\xf4\x84\x01\xa6\xd8e\xb6\xe2\xd0\xb1%[\
Yv\xed\x8eTh\xdeN\xe5\x0e\xaa\x043\xedL\xfc\
\xf9\x0f\xd6\x9b\x9f\xdc?\xcfs\x8d;Y\x10O\x7f\xb0\
\x83\xc14;K\xfe\xde\xefg'\xb5f\xed\x07\xe9x\
\xf5\xe3\x8df\xa8\x9d-N\x9a\xb3\xc5\xac\xcc\xc09\x8c\
X\x972\xd9\x18\xb8_6\x88\xed\xe4\xe3\xa1\xa3v\xcb\
\x86\x9f;\xbe\xab\xf8\x18\xf2/\x11\x9d\xf1C\x0b\x82Y\
\x1b\xf5\x88s\xf2\xde\x9a^\x96\xb4\x19<\x9e\xb0\xf51\
Y\x0b\x150$\x05\xb5\x19\xfeR\xdf\xdbo2p\xd7\
r;8\xfd\xf9\xdf\xe9\x89)\x07i~s\xaa-[\
+\xae\xc2B{\xfb\xcb\x8b+|-~\xe4\x1f>g\
\xf8\x04\xfe\xed\xfa\xb1\xe6\xb9_\x8e7\xb7\x7fc\xb8\xf9\
\xe6g\xfaH>\xfb\x81`\xc4z\xcd\xf2\xe4\xdc\x15U\
Y\xc9S\x96k\x82&\x86\xb86 |\xa8\xcb\x10\xb1\
\xd0\xb73\x85m\x0f]\xbe\xca\x14\xf5\xb9Mgj|\
\xe1\xba\xf5\xd1\x85\x9eu\x8f\xba\xc2s\xdd\xf9\xad\xe1R\
O\xf0\xc3\xba\xc3\xd6\x15v\xf8\xc6\x0a\xcfD\x0c\xef[\
 \xf5\xa5:z\xb6\xe7\xee\xbd\x07\xbf\xab\xbe\xf7\x9b\xc9\
\xd0\xa0\x05\x15\x95g\xf1\xea\xed\xe6\xef\xaf\xad\x8e\xbe\xe2\
\x0d\xe6\xdb{\xbe=\xd2\xbcp\xdbx\xf3\xa7\xef\x1da\
~k+\xc5_\xae\x1bm\x9e\xb9\xe5h\xe9L\x82\x22\
8S\xd9n{l\x91Xm0\xe1/Or\xf9\x22\
\x16:\xc8\xff\xbd\xd3?0]|\x85`\x07\xe4!\xe6\
\xc9\x04_\x879\xfe\xf7\xcf.;\xac!\xe0\xa0G\xa5\
\xe3\x19/9\xad\x87\x0cD\x89*?3\xd9\x9f\xfce\
\xeeab\x0agc\xee\xf5\xbd/\xf6\x97\xca\x8c\xdfF\
\xa2\x01\x0d\x91\x87\xc5\xabw\x97\xb6f\xfa\xe2\x8aF\xb7\
u\xd7\x8f\xd6\xb9\x87\xe6Ka\xdb\x1cq\xfcg\xb0z\
\xfa\x17GI\x1d\xfc\xf9\x15\x83\xcdWl>\xe2\xf4z\
\xd5\xd9\xbd\xe4\xb8\x16\xb6mSW\x83\xca\x08\xe7\xdb\xbe\
6?7\xd8\x01\x8d\x19W:\x83Y\xd8\xfa\x98)!\
\xdaP\xdao2Pb\x04\x88L4\xb3g@\xa0\xac\
\xff\xfc\x83#\xe4\x99\xd8\xf2O;\xcd4\xf8 M\xb7\
\x13#?\xa1J\x19\xdf\xf3\xed\x11\xe6\xea\x0b\xfa\x9a\xc1\
\xbd\xf2\xc5\x1f\x8bh\xe4\xadr\x9a\x99\x13F\x95\x98{\
\xae\x19)\x1b0\xbc\xe0\x19\xf1q+-\xce\xb3\x83\xf9\
.\x19\xac\x92\x1d\xc8\x93\x85c_\x82\xe0\xbb\xc1M \
Y\x9a\xe3\xa82\x96\x0a\xb3A}n\xd3a\xdb\xb3\xa4\
\xcc\xfe\xdfC/\x1f\xee\xc4\x0e\x08\x91{\xaf\x1d)\x1b\
\x8ehkS\x17\x95\x8b\xf5\xb0u^\x0b\xf3\xd5sz\
I]\xf6\x135?\xb9d\xa0l\xa2p\xd7%\xa7v\
7\x0bW\x1f\x14\xe1\xb1]I}\xef7\x93\xa1\xd6\x9c\
\xd2\xd9&\xdc\xafk\xbe\xe9f;\x0f\xd4f&f\x11\
\xac{\x7f\xef\x0f\xb3\x0f\xd9B\x19\x0b\x19\xfc\xa3/\x0d\
4\x9f\x9d\xd8\xc5\x94U\xec\x96\xdd\x11\x98\xd2?YX\
!;\x87\x8892nH{\xd9u\xc8\x8e\x22\xbfL\
\xc6\xa1\x99-\xc4\xec6\xc3\x87\xa0wi[\x99\x1d\xc5\
?C\x903s<\xe4\xc1U\xb62\xfe\xe8\xe2\x81\x22\
v\xb8\xd8\xa9\xc1\x0e9\x8eM\xc0\x9f\x09_&*\xff\
\xf0>\x05R\x91\x93\xbd?\xcf\xfd\xb5s{\x9b\x1f~\
i\x80\x98\xc0\xb9\xe7\xb8\xc1E\xe6\xec\xf1\xa5\xa6\x97\x9d\
\xd9\xe3?\x94\xca\x98He\xfd\xe9e\x83\xccQ6\xaf\
pH\x1e;\xa8H*\xfa\x11\x03\x0ae\xc7\x90_\xbe\
a^\x1d\xda;\x12?\x0c'n\xb61\xe3\x08\x1e\x9f\
o\x98}\xfd\x968\xa8?8\xa5\xe3\x0fC\xa7\x89\x03\
x\xc7\xa2\xdc@\x07\xc3\xb0\x0e\xbda\x9d\xd2\xa9\x1b|\
\x1e\x11J\xe4\xe6\xeb/\x1d(N\xdaX\x0c\xd8ID\
\x5c\x1dvK~l\x070\x9e\x8b\x9dl\x947\xb9x\
\xd6\xd1\xa56\x7f0\xdf{\x0f(t\x84\x9f\x9d\xd8\xd5\
\xac\xdaXmVn\xd8)\xbb\xdb\xf8>/\xb2U\x1f\
\x09{\xc2\xa0\x1a&\x8f\xa0\xbe\xb5\xdf0\xd0\xff\xe10\
\xec\x07\xcf\xf2\xf3\xcb\x07\x9b/\xdb\xc1\x00A\xc7\xe4\x87\
\x09\xc9\xc8\xbe\x85\xe2X\xcdf\x1d\x97_\x89H\xa6\x0e\
\x93\xd7?\xfc\xf3\x1cq\x5c\x8e\x07\x01w\xefwF\xc9\
\xf9\x8a\xcf\xbe\xb7\xceL\xb1\xf9I\xf8\x00\x9c\xf9i7\
\xb3\x97m\x93\xfa\xf0y;\x81\xc2R\xb4p\xd5\xf6\xe8\
'\x0f\xc2r\xf9\x09G\x94\x88\x134\x8e\xc38\xac\xfb\
\xd5\xc3Ta\xe2\xb5d\xcdv\xdf>\x01x\xe6\xf1C\
\x8be\x073b\xa0}~\x8e\xed\xe3\x8a\xc57(\x1b\
\xd4\x876\x9d\xad\xf6<\xd6\xe6%\xcb\xa5L<\x0e\x99\
\xc8G\xb9\xe1\xd2\xc1\xb2\x91\x0cGo\x84.e\xcfj\
\x06\xae\x1c\xec\xccf\x8cal\xff\xef\xf4\xb2\xe8'\x0e\
\xc2\x98A\x1f\xbe\xd0\xb6W\xfc_qp\xc7!\x9d6\
@\x9b\xe8T\x94'\xd6f\xeak}\xc8\xe3\xb0dG\
\xce\xc7\x80\x89\x8dB`\xe7\x19\xb3&v\x03pp*\
N\x98A\x173\x8f\xa0\xce\x85{\x91\xc9~>>\x14\
\x16g\x08N\x1c\xd9Av\xb5pv\x13\xdb/\xe9\x98\
\x89\xa5\xb1\xc1v\x1e\xec\xaey\xda*W\x06\xfc_\x7f\
}X\xe0L\x97\xddk\x98\x99\x0b\xda\xb4\x90-\xc7\xc9\
8\x8a\xfb\x81\xb0@U\xb3U\x9a\x1d\x09\x08R\x9c\x03\
\x89\x13\x82\xea&\xce\xd3\xe25\x11A \xddC\x0a}\
\x04\xcfp\xebW\x87Jg\xc8\xce\xa1?\xbf\xb0\x5c\x0e\
\x14\xc5L\xcf\xee\xb7\xa3m\x05gV\x9f\x0c\xe4!\xef\
\xa5a\xd2x\xee\x8f\xbb\xd7\x80n\xf9\xe6\xd6\xab\x86D\
\xdf\xed\x0d\x1dt\x81\x15Q\x94%\xb3\x1a\xca\xad\xb1C\
=\xb9\xeb\xea\x11\xe6\xd1\x1b\xc6\xca\xf6\xdd\xd9\xf6\xb9Y\
zy\xf2\xad\xb5\x92\x07\xc4\xfd\xc1\x87\x80\x01\x9d<\xc6\
\x81\x96\x06O}f\xc7\xe3E'w\x93N\xc5\x0b\xea\
;B\x15Q\x89\xa8I\x14R \x19R\xad\x8f\xb1\xbb\
r\xd2\xa5!\xb7\xdfx\x18\x1c\xc8\xb3 \xb0D!\x00\
h7\xcf\xbd\xbf^\xde\xcf\xee\xb4G^Y%N\xc0\
'Zqr\xcf5#|\xcb=\x15hkl\xe2\xf0\
[2\xbb\xe4\xd4\x1e\xb2\x04\xfa\x84m\xcb\xe4'0\xa0\
Q\x0f\x11y\x88\x12\x06/\x84\x14\xfd\x08e\xe1\x05\xcf\
\xd1\xc7\x0e\x86\xc4\x16\xc2\x02\x9d\x8c\x18L\x06\xaa\x97K\
\x97\x1f\xc4\xd0\xc31\x9e\xc1\x96]\x5cX3\xb2d\x9c\
\x12\x1aR\x9bN\xb5=\x93V\xfaw/\x0b\x17\x93\xf9\
#\xedd\xfc\xbd\xd9\x9bk\xca\x84gD\xc0\xe3G\xc7\
\xd1>\xb8t\x10^\x03\xc3I<\x7f\x7fuU\x8d\xbf\
\x14\xf9@\x1bv~w\xf4#\xc4Dt\xddIC\xeb\
7\xbd\xc8\xba\xa0b\x1b\xf5u\x7f\x9cc\xbew\xdfl\
\xf3\xdd\xdf\xcf\x16G\xe7\xff\xf7\x7f\xb3\x12^8\xd7\xd1\
@\x08\x88G\x06\xc4[T0\xed\xd2\xa0\xfd\xa0\xf3B\
\x91?\xf7\xfe:\xd9e\xe4\xa0\x22\xa0\xc6\xc9\xf8\xfev\
\xd6\x8a\x92\xa7\xc21\x83eI\xcb\x0f\xd403]f\
\xb7,\x1bT\xd8\x19b|\x9a\x92\x81\xca~\xa7\xad4\
\x0c\x0a\x7f\xb3\x95\x8d\xce\x9dp\x07\x88N\xcc\xf3\xf7=\
\xb7Lf\x8dt\x14@\xa5!\xc0\x9c\xabtAP\xc9\
\x108#\xfb\x16H\xc7M%s\x9d\x1c\x7f[\xb7y\
\xa7yk\xc6f\x89\x13\xc4\xac \x11?\xbed\xa09\
\x95\x08\xc4\x1fm\x10a\xecf/\xdc\x8bY\xca\xebS\
7I\x1e{5$\x07\xb3\x12\xacZT^\x1c\x04\xc3\
\xf8x5$\xb0\xaa1\xe0?\xf4\xf2\x0a\xf3\x8e\xcd\xf3\
\x9a\xa5\x09[\x90\x94)u\x90\xce\x84\xed\xfd\xe4\x1fq\
\x9b&\x0c\xef u\xbe\x85\xfd?:1?X\x8e\xe5\
\xf4\x00\x06r\x023\x86Y\xc2J\xa7>fbY\xa5\
\xa1\xb6_/\x10#o\xd8\xb6\xe0\x07~\x1e\xa4\x0d\xeb\
\x183d\x07y\x89\x85\x80\xc1\x8c\x9d\xb4\x84\x08\xb9\xf3\
\xea\xe1\xf2La \x8fXn\xf7\x02\xeb\x14\xed\x7f\xea\
\xc2\x8a\x1a\x17\x01\xda3[\xe7\x8f\x1d^,\xb3\xf8\xcb\
\xcf\xec%\xa2\xabm\xeb\x16b9\xe3u/X:\xe1\
\xd9;\xd8\xb2\xc0\xf2\x80\xc0\xc9\x14l@\x09\x82%\xbf\
\xedQ\xeb\x1by\x98o\xfb\x98L\x08\xfd \x1aB\x9b\
N\xa7=s\xad)\xf3\x9e\xd8`\xc9\xc1\x12\xec\x96\x02\
)o\xc4+\xa1\x0f\xa8#WZ\x81\x86\x85\x18z\xd8\
\x89M<,\xb33\xa9\xee\xdc>\xb2DK^\x91O\
X\x87\x88\xf3\xc52-\xf5\xcf\xd1P\xfaM?\xc2\xf7\
\x8cY\x02EI\x03y\xe5\xe3\x0d\xe2\xd7\x13?\x10\x13\
\xe4\x8cN\xd2\x8f\xcf\x9d\xd0U\xc4\x1ck\xfc@[\xa3\
\x10\x89]r\xb1\xad\x08\x04\x18\xc3G\xe0\xbc\x09\x91\xa0\
z\x88\x853\x8f\xf2\xf6\x19pP1)LD\x0a&\
\xccT\x15.\xb3\xbf_\x5c9D\xa2\xf22\x98\xb8\xd8\
)\xae\xb2`\x8e\xa5\xb2Ri\x5c\xe5\xa1\xd2QY\x92\
\x01k\x12\xc1\xech0,\x078\xf8^\xee3qd\
\x8948\x1a\x08\xc7\x84\x04\x81c*\x03\xc1\x8bVL\
\xf1\xac\x0e\xeeE'\x8b)\x96\xc6@\xa7\xc6\xf2\x9f\x1f\
\x9b+\xf6H#\xc4z@\xbem\xb2\xbfg\xa3\x22\xd7\
7xB:\x12W\xc6t\x1a\xe4]\xc7\xf6\xadd\xf9\
\x95\xa3Z>\x7f|79\xa2\x85\x03\xbf\xe9\x1c\x88\x99\
r\xd4\x90b\xa9W\xceG\xc4\x0b&\x19\xd4\x0d\xde\x87\
sp\xba\xc6\x96t\xebc\xb3f\xe1\xcb\xaf!\xb6_\
?X~\xf3\xb3\xb4\xc1g\x8e\xeb\x22\x9b2\x98e;\
\xf0-\x1ca'>\x9f\xb5\x7f\xe3Y&X\xd12\xc3\
\xce\xdeYB\xbb\xf9\x8a\xc1\x87\x0c2\xa9B^ v\
\xbc`)\x96\xb1t\xd6\xb2\xc8\xd2\x08\xdf\xc3\xac\x9d\xfe\
\x80(\xda\xb4m\x06\x1dvE!\xbe\xb0\x08\x10\xa3\xce\
\x0b\x9e\x99:\x83\x10\xe4;q*\xceD\x9e\x22\x08\x13\
m\x88\xc1\xaf\x07\xd1\x00\xd4\x0dD(\xfff\x93\xfa\xde\
\xa6\xd3m\xcf\xf4\xc7\x8c\x09^t\xb5\xf5\x81\xfa\xed\xe0\
3g\x8c\xeb,\xe3\x0cu\x846I\x94r\xda\x94\x9f\
u\x88 \xbd\xadm}'\xbf\xa8S\xf8\xe0\x22\xc4\xce\
\xb1\xed\x96\xba\x16K}\xcf\xe3D\xd4[A\xe5\x1a\x14\
\x95\x81\xb5}\x1c\xd9\x5cc\xa5C\x98\xee\xd3a\x00>\
\x1cXib\xd7S\x19\xd09\x00\x93\xf5\xe2\xd8J\xc5\
E\xa5`\xc7\x0a\x85\x81\x9f\x85\x1fs\x97W\xc9Q\x11\
T\x9etB\x01`\xf6\xe7\xf3\xaf~|0\xfe\x11\x15\
\x06S,\xd1\x88/\x8d\xaeu\xd3\xc1\x92V*\x0c\xb3\
\xc3d,\x02\x0c4\xcc<Y\xc7\xc6z\x04t0<\
\xf7\xc4Q\x1d\xec\xa0C\x87Y 3\x00*\xa8;V\
\xc2\x0bf%\xcc\xa8\xb1f\xb9\x99\x09\xf7\x22\x9f0\xed\
2\x88q/b\xbe\xb4\xc9m.\xef\xf7\x830\x07@\
\xc3\xa1\xbfC\x18\xa7\x96k\x0d\x13\x06\x05\xea \xf9O\
]+\xb5\x1d\xd3\xa9\xb6\x13\xf8\xdc\xc4n\xb6\x0e\xb6\x97\
A\xcc\xd5A\xdeK=\xe0\xe2g\x9c\xbe\x89\xf6\xedG\
\xacS8\xf5\x08\xcb@\xccKI\x93n}d\x89%\
\x0c\x0d\xb5\xfdz\xc1\xb3\xe0\xa2\xe0\x07\xce\xbaX\xdaX\
bp\xb0T\x82\x05\xee\x18{\xe1\x9b\xc2\x80\x84o\xe3\
\xb8AE\x12P\x91\xf7\x1fo\xdbl:\xf0DA\xcb\
\x19X\xa69\xc2\xc7=;\xcb{,\xab\xb2\xdcB\xdd\
\x8b\x15%\xf4\xbd\xf4=\xe4\xb7\x1fK\xd7n7\x85\xf9\
-\xa5Nb\x01\xcf\xd4d\xc9/\xfd\x0e\xfe\xce\xca\x05\
\xf0\x9dDK\xcf6\xf5\xbdM\xa7\xdb\x9e\xed[\xe4}\
^\xb0#\x8e\xe7\x01\x9e\xa3O\x976\xf69[\x1d\xf2\
\xfeH\x9d9p\x98\xd1#\x16\x8c#\x94\xd9f;\x1e\
\xf0\xaf\xcb\xa7x\xea{\x1e'\xa2\xde\x0a*\xa7v)\
Pb\xa9\xe0\x0f\xe0\x1a+\x19\x13\xd4\x89\xa1Zy\xaf\
\x13\x03d\xfe\x88>\x85bQ\xe1\xe7\xd8N\xc3A\xa1\
\xd0@qv\xf4\x03\xe5LgX`;\x18\xd2E\x0c\
\x8fd\x0b\x04\xd1\xc1L\x15\xdf\x04'\x16\xf9N*\x08\
b\x07\x81\xc3\xc0@e\xe1\xd9\x99\x01\xd0\xb1z9q\
{\xe1\xceSr3z\xe0~\xec\xd8\x19\xda\xab\xc0\xfe\
\x1c\x99!p\x89\x99\xdev\xa0~pL\x0b\xb0D\xe7\
\x90{\x1dQ\x22y\xcb\xcf\xee>\x5ct\xc6~\xb8u\
yw\xcfj;\xf3\xc8t%\xae\x8f\x90?\xcc\xf8\x99\
Q}\xf1\xa4\xee\xe6\x82c\xbb\x98\x01V(P\x0e4\
\xfe\xa02e K\x16\xb22\x9d\xfc\xccv}\x0c\xa2\
!\xb6_?X:Yd\xc5\x99\x1f\x13Ft\x10\xf1\
\xe2\xac\xbc\x94=\xa2\x8fp\x22\xa4\x85g\xe1\xa2\xcc\x99\
\xe8\xb8\x01\x81\xe7L\x07\xfaJ\x96w\xfc`@\xa4\x0e\
b\xdd\xc3\xa2w\xee1]L\xd7\x0e\xfe'W\x906\
\xacA~l\xd9\xb6W\x96\x0b\x19$\xc5\xfa\x9c\xa1\xb6\
My&\x82\xef\x05\x06\xebd\xdd\x22\xc2P\x9f\xdbt\
\x98\xf6L\xd9\xfb\xe57VHv\xc8\xf29`\xe9\xce\
\xab\xae \xbc\xb1({\xc1\x84a[ud\x1c\xc0*\
\xc4r\xbb[r\x8c\xa7>\xe7q2\xd4[AU\x1a\
m\xc48\xbd\xf1\xe0n6\x02\x14hP'\x86\xb8`\
w\xca\xc1u\xe2f\xb258Q'\xc5\xdf1q\xfa\
\xe1\x148\xb3!:|\x1c\xec\xfd*F<\xceg\x89\
\xb0\xfa@\xd9c\xa6\xc6G\x89\xf4\xc6Vh\xfe\xc6\xef\
\x5c)\xd4\x91C\xa0\xb3fY\x8e\xb5f*b<N\
\xe0$\x03\x1d=\xbb5\xa8\xd8^y\xc8l\x22\x19\xe8\
t\xab\x02f1\x8d\x0d\xf2\x9d\xce\x84\x8b\xf2\xa0\xde2\
\xb8\x92\x0fA\xf0\xb9\xd8\xe5\xa1 \xa8~2\xd3\x92.\
\x22yj\xbb>\xc6\xd2\x10\xdb\xaf\x1f\xe4I\x90\x03u\
\x8f\x8e\xadM\xb9\x1d\xe0\x9c\xc5\x80\xb2\x1d\xd1\xc7\x8a)\
\x9fg\xf1\x1a\xacR\x81\xfb\xe3\xb0\xef\x07\xfef\x1c\xe5\
\xc1&!\x067\x1cu\xb1\xfe\xbb\xcd@^\x17\xe7\xa9\
\xf9\xe1\x9e\x8bl$\xb6\x90\xdf\xd2Q*\xd0>\x82\xac\
b\xc0\xf2\x8d\xc3\xd5][;\xa3\xafd\x8f\xfa\xda\xa6\
\xc3\xb6gvl{\xc1\xe6\x86\xedv\x12\xccd\x1a\xe1\
*G\x7fE\xff\xe6\xe0\xd9\xd99\xe7\xb7\xcc\xdc\xdb\x8a\
x\xea\x190\x99b\xb7bP\xb3\xab\xafy\x9c\x0cY\
\x17T\xa8\xe1[\xae\x1a\x22\xb1cR\xb9\xbe~^\x1f\
\xf1\x03r\x8e\xd0\xf1\xb0\xb3\xc4\x0f\xbe\xd3)b:\xd9\
\xde\x9d\xdb\xd4\xccf\x82\xa0\xa2\xb0.\xec\x87\xb3\xb6\xb8\
\xca\x89\x7fPP\xc5\x08\x82\x0e\x15\xbf\x09|&RQ\
\xd6\xc9 \xcfl\x1b\x18G'\xf8\x0dB\xc9V$\xd2\
\xc6:;V\xaeD\x03Z\x22\xc8\xab\x9dbf\xcdl\
%\xae\xcf\xc4\x16-[\xeb\xffk\x07\xa7G\xfe\xb3\xca\
\xdc\xf2\xd7\x05\xe6\x1bw\xcd0\x97\xferJ\xcdu\xda\
\xf7?\xa8\xb9\x82N\xd8\x8f'\x13\xd9\x99\xcd\xfa\xe8E\
Co\xbf\xb1\xf8\x85}\x00\xb1\x86\xc58\x7f\xb3$\x83\
X\xc8f\x16\x07\x05\xc4\xc4\xb7\x86\x0dBn\x93\x10\xc7\
\xc9xm\x0a\x8a\xbd\xfe\x9d \xca\xba\xcbB\xc6;|\
*\xc3\xe6)\xfdC\xa2I\xda\x0e+\x8ek\xdec\xbf\
\xaf6w\x0f7\x846\x9dj{F\xbcx\xb9n`\
\xed\xfa\xddSK\xc4\xa2\xf5\xb9\x89]E\xdc\xc4&\x0d\
\xa1\xc3u\xcf\xd3\xde\xc7\xdd\xb0K\x90{\xbb\xd5\x0eD\
\x19\xe5\x96(I\x0d!\x8f\xbd\xc8\xba\xa0\x22\x12/\xfe\
\x02\xa8\xc7T.\xc4\x14[\xa5\x05\x9b\xb9\xf1~D\xce\
7\xc7\x0b\xac[.\xfe\x0a\xe5Rb;\xb1dg~\
T\xc0D\xe0\xdc\xc7\x0c\x8fN?\x1dq\xc0\xf3!R\
\x88\xcd\xe3:\xf7L\xc2\x1diP\x99\xb87\x15\x1b\xff\
'\xd2\x1c\x16D\x5c\x16\xeap\xbd\x85\xaa\x81\xa5\x85\x83\
>\xa5\xf1\xdf:E\x8e\xee \xf4\x04\xd1\xabY\xd2b\
\xf0sW]\x91\xed\xfa\xe8ECn\xbf\xf1xE\x96\
v\xb0\xb4\xee\xac\xb2\xb4%|\xa5\xd8\x95\x96Mb\xad\
\xf9\xb5\x0d\x91\xaf\xc3\xb7\xf2f\xb238\x08\x06h\x96\
\xb3\x10\xdc|\x1b\xc7\xa7\xd4F\xef\xd2\x10\xdat:\xed\
\x19-\xf4\x83\xff\x19\xe0\xf9~\x9e\x0b\xf1\x8d\xf5\x91\x15\
\x8f\xd8\xf7\xb0\x8c\xfeM+p\xbc,C\xbc\xef\xab\xe7\
\xf6\x96\x89L\xac_/\x16\xe2 kbC\xe97\xbd\
\xc8\xba\xa0r`jN\xe5b\x9b>\xdb\x9c\xa1\xa5-\
\x18\x1c\xe1P\xb7\xc9\xc0\xfb\x9c)\x9f\x7f\xbd\xcc\x94~\
\xe0`\x99\x08\xa7\xf8\xe9\x94\xd3\x81\xcf\xa3\xd2kk\xf0\
Rj\x17\xe7\xeb\xf7\xcf\xb7\xd6\x98/\xdd\xfc\x89lW\
\xaeo\x0d?\x96\xfaV\x1f\xeb{\xfbM\x05\xfa\xae\xe8\
\xa3\x08\xe2\xeb\x13\xfd9[8\x1f\x9a\xda\x00\xf1\xbb/\
z\x02\x02\xe2tg\x06|$)\x9fD\xc2\xd89\xf9\
w\xb2\xe3\x02$Z\x0e\x0aKCj\xd3\xe9\xb4g\xde\
\xca\xd2\x1cN\xeb^\xb0\xf4K4\xf6\xcf\xde0\xb9\xc6\
ry\xfe\xf5\x1f\xc9A\xc6~\xbeS\xdckH\xcf|\
9\x82\xccA\xfd\xc7j\x1bm\x82\x87\xd0\xd0\xfaM/\
jMP\x01\xca\x99BfV\x91\xec\x85\xa5\x05\x0bI\
\xffn\xf9IW\x10\xd6F\x9dE\xcb\x99\x18\x93\xed\xc5\
\x92)@\x147\xb3!\x1c[\xb3\xdb\x8c\x95\x86\xca\xaf\
\x1e]h\x1e|ieR\xd6\x02\x96\x80\x08g\x813\
6\x17f\xf2\xa6Lcj\xbf\x04\x10u\xfdV\xaa\xcf\
\x92.A\xfe\x91\xd45W\xcf\xc2\x5c\xec*\xfe\xce\x17\
\xfa\x89c3>X\x8eL\xe4gs[\xf4\x89\xda\x00\
\x96\x11\xfc\xb7\xbaw\x8c\xf8\x0e\x95\xdb\xc9wX!\x97\
\x88F\xdf\xa6m\xfe\x05\x85\xc0\x01\xfc\x10\x9do]\x90\
e\x96\xe7\xe5\x98\x99\x8f\xe6\x95\xd7l\x94b\xfc\xefi\
\xf3$h\x1co\xe8y\x5c\xab\x82\x0a\xe5\xcc:-\x85\
F\xdc\x93\xa4\xae\x09\xa5r\x00#[?cU-\x99\
\xe9\x07>\x0d\xc4\xbd\x00>\x12\xd9\xb2\x9f\xb8\x17\xa3A\
\x96U\xf8\xcf\xee\xdcw\xba\xd9\x10k\xc7Y\xef\x91\x95\
\x06\x95\xc5XT\x1e\xfe\xcf*9\x90\xd3\x0f\xda\xc05\
\x9f\xedk\xfe\xfe\xd3\xb1\xe6\xf5;\x8f\x95s\xaa\x1e\xfa\
\xd1\x98\x1a\xff\xc1\xbb\xaf\x19!\xc7\xfd4f\x1aS\xfb\
\x0d\xda\x05\x87\xc0\xc39\x18\xe8\xbf\x12-wd\x82\xa0\
\xbc%NQ\xac\xafj\xba\xd7\xaf\xbe6\xd4\x8c\xe8W\
 A\x7f\xdd\x0eF\x11\x8cV\xcce\xe2\xe9p\xa4\xf6\
;\x1f\x0e\x18\xcc\x19\xac\x07to+\x961\xa2hg\
KP5\x956\xcd$\xe3\xf9\x80`\xbb\xc9\x80\x01\x84\
8S\xbf\xfc\xeaP\x11R\xb1\xb1\xe6\x98L\x0c\xeb]\
\xe0)\xa8\x1aK\x1e\xd7\xaa\xa0\xa2C\xa1\xb1\xa3R9\
.\x22\x99\x0b\x05J\x87\xe4\xcc\xf4\x8e\xa0Y\x18Nl\
y\xcc\x04\xa38Sb\x22\xe8h\xd9\x91\xe3\x87\xeb\xa8\
\x5c\xd01\x8eo\xc8r\xdf\xd8$\x88-+/\xdc\x80\
\xd4\x10X\xb3i\x97\xac\xf5\xfb\xf1\xe3\x8b\x07\x9a\xfb\xbe\
3\xca\x9c4\xa6\xa3Y[\xb6K\xa2g\xff{\xd2z\
\xf9\xcc\x83/\xaf\x94\x8b\x8e\x88z\xdf\x98i,\xed\x17\
gh|y\xfc M5\xfe\x87\xf61\xf6\x22\xe2\xb2\
LP{a\x87\x15\x91\xe7]]K\xf7\xe2\x18*\xce\
]\x8b\x0d\xfa\xcbnL|\xc6\x92\xf5wKDPL\
1\xc0\x01\x99\xbc'X+;6\x9dP\xce4M\xa1\
M\xb3\xfc\xfd\xe1\x9c\xf2\xc3\x9e\x936C|C6\x8a\
\x04\x81\x90\x22v\xe1c7\x1e)\x87(/X]e\
^\xb2b\xdb-\xdd\x13v\x81\x9d\xe2\xd4\x8f\xb8\xa1\x5c\
h,y\x5c\xab\x82\x0a\xc8Lf2\x08\xa4d//\
\x82f\x85lc\xa6\x02\xb0dHqr\x8cA2\x0e\
\x8b\xf4\x03\x1c\x95\xe2\x07\x0d\x1c\xc7<\x22\xf42\xcb$\
\xaeGf\xba\x8e\xa6Ma[\xff\x01\x80\xe5\x19\x06$\
\xca\x92z#V\x85z\x0a\x1d\xba\xd7\x01\xa1\x0e\x02\xef\
\x11P\xef\x95\x8f7\x9a\x07_Za\xde\x9d\xb5Y\xce\
\xb6\xc2\xc9\x12\xa7M\xeaUU\xf5^\x89%\xd4\xd8i\
<\xed\xb7\x99\xe1`^?\x08NJ\xf4qD\x0eO\
\xc0\xee\xc6d\x9e%]\xb8sI\xd4\xaf\xc8\x8b\xb5e\
;M^N\x0b\xc9\x03v\xcaa\xe9\xd9\x95\xc6\xc5\x01\
\xc6\x0c\xa2\x5c\x94\x93\xb3>dj\xf2C[\xe2\xd0\xdd\
 \xd8\xa6O\x04\xfa\x89#J$\xbc\x0eAQ3m\
\xa5j\x0am\x9a<#\xd4\xc6o\x9eX\x14}\xe5 \
\xd7~\xa1\x9f\x88\x99\xc7o:R\x8e5\xe3\x04\x0d\x84\
\x13\xabF\xd7~\xbe\x9f\xf9\xcd\xff\x0e3O\xdc4\xce\
\xbc\xf4\x9bc\xcc\xff\xda\xbcX\xbby\xa7y\xf8?+\
\xe5\xd8\x18\xb7$H\xfd`\xc7\xf9\xa0\x1e\xed\x0eN.\
bhLy\x5c\xeb\x82*\x130\xa8\x0e\xe9\xe9?{\
y\xdb\x16&f`:P\xfeM%\x98\xe4\x9bS\xfd\
\x0b\x96\xef\xdc\xe0|4l\xbd`\x16\xcd \xaf\x84#\
'n\x07g,+\xa2qU\xd8\x0e\xcf\x80\xc9\x80\xe8\
W\x96\xcc\x86\xb0f\xe0_Q\x17`\xca\x9e\xb3\xcc;\
\x0e\x0a\x7f;oB\x173i\xeeV\xf1?p8\xb1\
\xc8\x0c\x8e\xddg\x1d\x0bsM\xab\x9c\xc6]\xa7\x1aS\
\xfb\xa5\xfc\x82\x04\xcc\xa49[\xad\xf8\xf8TN\x15\x90\
ga\x90\x09x\x96\xb0u\x98\xcf\x12\x00\xd5\x0f\xce0\
\x8b\xb4\xa5\xc8\xf6wV\x0bXJI\xf7\x1a\xd43\xdf\
\x1c9\xa8\xc8\x5cxB\xb7\x9a\xdd\xdc\x99\x80\xf6r\xda\
\xb8N\x81\x02\x8d\x81\xf8\x9e\xa7\x96\xcaq&\xa3\x07\x16\
\xc9y\x82\xbc\x96I\x9aD\x9b\xb6I{\xec\x8d\xd5\x87\
\xf9Da\x9d\x22\x8a>\xd6 \x0eWfb\x80\xb0A\
T}\xf5\x9c^rj\x06\xe5\xc3\xf9\x94l\x22\xfb\xeb\
\xab\xabdC\x99\x8b\xf7F\xd3Bp\x97\xda\xc9\x13u\
\xc3\x05\x07\x8d\xa71\xe5q\x83\x14Td\xe6\xf0\xbe\xfe\
\x0ehT\x8c\x0flG\xe6:m\x9cO\x13A'\xcf\
\x96L\xbf\x1d2T\x0c\xbe\xd3\x05\xcd\xa3\xa0\xf3\xf3\x82\
\x97\xaa\x94\xe4\x10G]\x1f\xd8\x8e\xcbnO\xe7p\x18\
4\xb02H\xfc\xf2\xef\x0be\xe6RW\xf8\x85\x03`\
\x07\x0d\xd1~9\x9e\xc3Ag0\xc8\xd6\xd1\xb3\x8f\xee\
,g[}\xf9\xf4\x9e\xe6\xc2\x93\xba\x99\xf6\xf9\xc1\xe6\
\xf5\x86Nck\xbf\xc4\x96\xf2\x83g\xf9dA\x85\x08\
\x0f\xea'\xb3\xe9\xa01\x9f\xf7\xdc\xf9\xe4\x92\xb4\xeb0\
\xcf\xc5\xb1P~|4o\xab\x1d\x88\x22\xf9\xcf{\xa9\
\x7f\x9c\xa6p\xd2\xe8\x8ei]'\x1e\xd1Q\x0e\xc7e\
W^\xa6\xc4\x94\x832K\xe4$M\xff\xc0\xb2\xcf\xd1\
C\xda\xcb\xf7\x07\x1d\x7f\xe2\x87[\x96\x8a=\xff4\x96\
\xc6\xde\xa6)\xb5\xb7=|\x97\x5c\xb0PBT\x10}\
\xff_\xef\xad7\x7f\x7fm\xb5\xb9\xfb\xa9%\xe6w\xcf\
,5\x8f\xbe\xbeZ\x96\xf5\xde\xb1b\x8b\xbf\xbb]\xf9\
\x08)\xc4N\x89\x159\x1c\xa2\x8c B\xf4\x04\xd1X\
\xf2\xb8A\x0a*\xa0\xb0\x83\xd6uY_g\xe62\xaa\
\x7f\x91Yi+D\xa2\x99\x0b\x8d\x91m\x9a~\xb0\x8e\
L\xc12\x0b\x02f\x9b\xac\xdf\xdb>I\x09\x09\xe5\xe4\
\x07\xe5F0\xc2\xc1v@\xc2QUf\xf8q\xb8\x0e\
\xf1\x8f\xcf/\x97A\xb5.\xd9\xeb\x13\xb0\xd2\xf9\x0c\xed\
\x89n1\xa7\xbeqR:\x83Y\xa4\xd3\x88\x1c\x0b\xc1\
 \xd2\xd2\x0ex\xe9\x0c\x0c\x0d\x89\xc6\xd4~\xb1\x08\x05\
YR\x18\xf0\x09n8\xde\xce\xe8\x13\x1d \xfc\x98\x1d\
\xa4\x98\xe5\x87\x81\x18D~\xe9\xe1(\x91\x17&m\x10\
\x01\x82a\x98\x1d\x95\xc4\xc5\x22\xff\xc2\x5c\x0c\xa2\xd9\xe0\
\xc2\x13\xbb\x8a\xf0\x0b\x82]a\x94=>:\xc4\xc1J\
%\x0e\x17]\x071\xcf\x88st\xc5\xaf\xa7\xc9A\xc0\
,\x1d\x11\x07\xc9\x95Sco\xd3\xf8\x14z\xe5\x19\x22\
\x86<\x980\xacX\xea\x14\x22\x09+\x15\xed\x88\x9fy\
.\xfeu\x17\xbf39\xa6]qJ\x07K\x83\x9c\x1d\
K\x1e$\xa2\xb1\xe4q\x83\x15T4\x04\xce\xa3\xf2\x83\
\xf5u\x06\xd8\xe3\x86\x17\x9b\xd2\x0e\xb95G\xd8\xc4\xc3\
`\xcc\xeb\xbc7\xd6\xa4\x18\xcf\x05\xd1\x13\xe3\xdd1\x13\
4r\x9c!\xc3.\x19(\x91\x19G\xd0\xe0\xca\xce\x93\
\xa5\xeb\xaa\xe5\x94q\x96+\x9c\x80\x02\xe9\xf4\xec\x7fD\
\xd0\x0d\x1aPk\x0b?\x07{\xb7\x84\xc3YmT\x19\
\xce\xd0r\x9dM\xac\x9f \xcf\xb3d\xcd\x0e\xf3\xc8+\
\xab\xa2\xaf4N\x1aS\xfb\xc5\x09\x9b\xe5\x0f?H\xd7\
=O/5c\x07\xb5\x97]i\x12\xb6!\xe6Y(\
s\x96\xeax\x86L\x94;\xf7\xe6\x5c7?\xb02\xf0\
\xdc\x9c\x95\xc6rj\xaa\xbe'.*\xb9\x13\x1c\xd9\x82\
\xa2)\xb2\xfd\xc2E\xa7$\xde\xb9E\xde]\xff\x97y\
\xe2\x5c\xcd\xe0\xea\x8e\xc4\xf1\xc2\xf9aR\x0e\xc4<B\
H9\x11\x8bO\xce\xaaM;\xcd\x13o\xac6\xf3V\
D\xeaSco\xd3X,\xbd(\xab\xdcc\xfb\xd5\x85\
\xd2\xe7\xe23\xc52\xdf\xf9\xc7v1W\x9d\xdd\xdb|\
\xed\xdc\xder\xd8\xf2\xc5\xa7\xf60\x97\x9f\xd9\xcb\x5cq\
VO\xb1\x16]e/\xea\x15VR\xe2\xc7%\xbbA\
\xa1\xb1\xe4q\x83\x15T\xe4eP\xa7\x01\x0c\xb0,\x01\
\x1d=\xa4\xd8\x14\xdaJ\xe1\x1a\x12\x10\x1f\x86N\x8c\xd7\
n\xfd[\xf0`\xcc\xfa/\x87K\xba\xd3\xef\xf9nf\
\x80\x5c1e\xaa\xa4\x09\xe501\xe0t}f\x1d\xdf\
\xbfo\xb6\xac\xe5c\xa9\xa2\xc3t\xb0\x9cB\xc0\xb9\xba\
\xb6L9\xba\x95x\xef2a\xe9\xe7\xa9\xb7\xd7\xca\xcc\
\x8ac\x1c\x22\xa7\xfb\x1f\xda\xfc\xc8\x07\x06\xdf\xeb\xfe4\
\xe70\x7f\x86\xc6Fcj\xbf\xa4\xe3\xe4\xd1\x1d\xa3\xbf\
y\xc3\x80\x8d%\x85x9,\x11\xc6>\xcb\xaa\x8d;\
\xcdO\xac\x18\xc8\xd4\x84\x80g\xfa\xec\xc4\xae\x87\xb4\x93\
XhO\xff{\xe7tqP\xc7\xfa\xb0\x8b\xe8\xe6\x01\
\xda\x88?9\xf1\xc4g_\x9fR&K>\x88R^\
\xe6oA\x9f\x0f\x85\xbd\xf1e\xa7\xf7H\xb8\xe3\x0f\xd8\
\xa2\xff\xd5\xdb\xa7K,\xa3wgn1[\xb6\x1d\xba\
\xfc\x8b\xd5\x89\xf6\x85\xc34\xef\xb9\xf8\x17S\xa4L\x10\
V\x0e\x04:~\x9aX\xc2gG\xfdz\x1a{\x9b\xa6\
\x9e\xb8\xe5\xbdx8l\xf9\xb2_M5_\xb9m\xaa\
\xb9\xff\xc5\x15\xe6\xc9\xb7\xd6Z\x11\xbaV\xfe\x9d<\xbf\
\xdcL\xb1y>\xc9\xbeg\xea\xa2J\xc9o\xea\x04\xbb\
g\xf97\x95\xe3\x80\x1aK\x1e{\xb7\xb8\x06\x02[0\
\x13\xc5\x9d`\xa0\xfd\xf2\xadS\xcc\xafl\xc7\xfc\xc2\xa4\
\xf5\x12aw\xc1\xaa\xed\xe6\x85\x0f6\xc8\xac\xf1kw\
L\x0f\x1c\x8cq\xcc\xfb\xce\x85\xfd$\x1a\xac\xf3k\xa0\
@\x87\xf6\xf6\xde\xb1\xa0\xa4\x81\xcd\xc6/\x9c\x10l\xda\
\xa7\xd3\xbe\xeb\xc9%\xe6\x82\x9fN\x962\xe3(\x84/\
\xdc\xf4\xb1\xb9\xf1\xc1y5\xe7D9\xe8 \x82\xee\x95\
-\xe8\x8cq\xd0\xf5\x83\xce\x1b\xe7\xca3\x8f\xea,\xbe\
'\x11A\xe0\x84\xc1\xa7\xe6\x897\xd7\x98\x1f\xfc\xa1\xf1\
\x8b)Gci\xbf\xcc\xc2YnJ4\xe8\xb3\xf4w\
\xe9\xadS\x0d\xd6\xd4\xbf\xbd\xbaJ\xea3\xf5\xf8\xeb\xbf\
\x9d\xee{\xb0l\xba\xb0s\x16\xbf\x12?\x88\x8f\xf5}\
[\xd7\xfe\xf0\xfcr\xb3n\xf3nY\xfa\xf3\x02\xe1\x87\
\xc30\x83\xda\x8f\xfe<W\xda\x1c\xe9~1z\xbe\x1f\
~G\xf8\xcf\xc4[\xdd2\x05\x964\xda\xfe\x0d\x97\x0d\
\x0a\xf4\xb5t\xb0tE,\xa3_?\xbe\xc8\x5ct\xf3\
'r\xbe\xdb\xc5\xbf\xf8\xc4\x9c\xf3\xa3\x0f\xcd\xe7o\x8c\
D\xf9\xe6o\xbc\xc7k\x99\x0b\xab\x87\xb3\x80Wl\xdf\
c\xbf\xdb4\xfa6MZ\xaf8\xabW`\x9f\xc9R\
1+\x05\xd4[w\xb1L\xea.\xea4\x96\xbe3\xae\
\x9bd\xae\xfc\xcd4\xf3\xf3\x87\x17\x98)\x0b#\x13\x18\
\xac\x85Au\xa31\xf5\x9b\x0dZPQJ\x98\x1a\x13\
EH\xc5tI\xa7\x8bY\xf8\xea{f\x9ao\xffn\
\xa6\xfc\x8c\x9f\x06\x15\xc5\x0f*\xd8u\x17\x0d\x90`|\
l\xd9t\xb4j\xd9L\xb6\x81\xd6\xc5\xa0\xdd\x18\xa1\x13\
+-\xce3\xc7\x0e/\x8e\xbe\x12\x0c\x02\x0ag\xd4\xd8\
\x99\xa5\x83\xba\xf0\xcc-G\x05.'e\x0b\x9e\x03_\
\x1d\xbf\x80\x84\x0c\x0cX\x5c\xe8\xd4\x9f~g\xad\xecf\
{e\xf2&\xf3\xe7\x17V\xd8\xce\x7f\x8a\x98\xab\x9d%\
\xa0I\xd0\x88\xda/\x1d\xfb7\xce\xef\x93\xf0\x9e8\xcd\
\xf3,\x88+\xd2\xefu\x06\x1a\xcb\xdf\x7f\xf8\xee\xa8\x84\
\x0e\xd9A\xe0#\x86e'Q\xde2H\x92\x9f\x1c)\
\xc2E\xferq\x86\xda\x99vp<\xeb\x87\x93\xe4 \
e\x065D_|\xfd\x5c\xb4\xba\xca|<\x7f\xab\xf9\
\xd0\x0ex\xe4A6\xc0\xc7\xab\xc8\x0a\xe3{\xae\x19\x11\
\xe8\x1a\xe0\x07\xf5'Y\xbf*\xfc\xf6\xf0\xa3\x02\x9et\
\xcf\xde\xfd\x8d\xbeM\xbb%kDk&\xda\x04\x93\x17\
,[Lv\x990`=\x227\xa9\x1e^\xc2\xaa1\
\xf5\x9b\x0dZP1{!\x1f\x7fv\xf9\xe0\xa4L\xc2\
\xa9\xc0l\x88\xfb\x8e\x1b\x5cd^\xfd\xf8\xe0VP\x9c\
\xef\x86\xf4*\x903\x89\x94\xccA\x83\xb8\xf4\xf4\x9e\xa1\
\x1a4\x83\xc7m_\x1f&\x8e\x8aA\xc1\x16\xb3\x09\xf5\
\xe3\xfa/\x07wLt08\x1f3\xb3c\xe9\x84\xa5\
\x9eXq\xc8g\x89\xfdr\xd3W\x06G_i\x9c4\
\xa6\xf6\x8b\xd5kH\xaf|\xd9R\x1e\x06\x02\x13\xde{\
\xedH\x11|a\xea\xb0\xcb[\x06\xc9~\xdd\xfc\xc3(\
\xc4B\x1ea\x01\xe4\xc2\x82\x95\xcc \x85\xcf\x12q\xc2\
\xb0T%\xf1\xf6\xb4`\xc0\xe5yp\x88\xfe\xd3\xf7\x8f\
H\xfayRe\xcc\xc0\x22\xf1\x17\x8a\xddQ\x86\xd5\x03\
KfSh\xd3\x13\xec\x84\xf6\x9b\x17\x84\xab\xbf\xf10\
a\xc0\x12\xfa\xfe\xec\xadb\xa9\x22O\xbc\xeaUc\xe9\
7\x1b\xb6\x85\xcaB\xfe\xb3f{\xfb7\x86\x99\xe3G\
\xfa\xfb\xe1\xa4\x02\xb3\x94\xdb\xbf1\xdc\x8c\xb5\x0d\x8c\x1d\
1D\x16\x06\x94<A\xfc\x8e\xe8_\xa8\xcb}\x19\x86\
\xc6\xd0\xab\xb4\xb5\xf9i\x82F\xe5\x07\xfe8\x88)\x1c\
\x8f\xd9\x9a^W\xe0,9\xd4\x8a\x83\xcb\xcf\xea\x19}\
%5X\xae$\x0f\x98\xb1\xe1|\xd9\xd8iL\xed\x97\
\xd97\xf5\x90Ca\xd3\xa9\xc3\xf8z\xddy\xf5\x08\xb1\
\xc8x\xedfM\x15\x9e\x97\xfa\x88e\x87\xfa\x94I\x5c\
Dj\xb7\xcc\x12\xe4\x04\x9e\x09(/\xacL\x04E\xbd\
\xe7\x9a\x91r\xbc\x89\xdfN\xc6T\xa1\xcdQf\x1c\xa7\
\x83\xf5\xdb\x9d=G\x092\xf4\xf3\xf7\xc6\xde\xa6\x11\xad\
<\xac;t:\xd3 \x826W\xee\x16\xff4\x9c\xfd\
c}\x08\xa1\xb1\xf4\x9b\x19\x11Tt\x00u\x05\x9dF\
K\x9b\x99[\xb7\xed57ZeJ\x87\x84\xe3g:\
\xd0\x11\xb3D\xc0\xf9@\xec*x\xf2\xed\xb55\x9d1\
\xb0]t\xe2\xa8\x12\xd3\xb6u\xe2\xb5|%\x0dl\x1b\
c\xbb-\xc2((\x92v,\x94\xd9\x9d\xdf\x1an\xbe\
\xf5\x99>f\xc1\xaa*\xf3\xca\xe4\x8d&\xae\xad\xd6:\
L\xc0\xf0\x0d\x22]\xa9\xd4E\x82\xe6=\xfc\xe31\xb2\
\xa5\xdd/&Nc\xa31\xb5_\x9e\x05\x81q\xf9\x99\
=E \x06\x9dE\x17\x0b\xcbX\xa4\xfb\x96\xab\x86\xd8\
|\xd8c\x9eyg\xad\xef6\xf2T@\xd31\xf3\xe7\
\x9c;f\xee\xe4-\xa2-\x0cX\x87\xae:\xa7\x97\xb9\
\xf7\xdaQ\xb2c\xd2\xf9/2\x1eg\x13\xeeO,#\
\xach\xcb\xd6\xed\x90\xe3M\x1e\xbd\xe1H\xd9\x9a\x9f\xce\
2 P>\x083\x8eKay\x14\xa7\xf6\xd8\xb3\xec\
\xc8;D\x1b\xe5\xda\x98\xdb4>L\x88\xd5\x9f=\xbc\
\xc03d\x07\x13\x9d\x17n\x1b/\xe7\xe7q=\xf7\xcb\
\xf1\xe61\x9b\xf7\x5c\x7f\xbb~\xac\xd4[\xea|P}\
\xa7]\x10\x84\x15\xd7\x8e\xb9\xcb\xb7I\x80Y\xe7\xab\xe6\
h\x0cy\xdc\xec\x00\x8b\xed!`\xdd\xbcz\xd7\xa7f\
\xea\xa2\x8a\xc3\x1e\xa6o\xd76v6Xd6\x95\xef\
6\xcf\xbd\xbfNT(fU\x02\xc1ez\x86\xc8\x0e\
\x8e\xa9\x0b\xcb\xcd\xd0\xde\x05\xd2\x99\x92\x96\x19\x8b+\xcd\
\xace\x95r\xde\x14\x1d\x14k\xe9\x0e\x1a\x0a\x1dki\
\xfb<3z@\xa19jH\xb1li\xa6\xc1\xd2\xb0\
f-\xddVS\xe04f\x96\x10\x8e\x1fY\x22\xa6x\
\xbf\xb4\xf3v\xfc\x0c\xe8\xc41\x83;H\x0f\xb3b\xb6\
\x86>\xfc\xf2J\xf9<Q\x86\x09\x8c\x97J>d\xfa\
\xfe\xecbA\x84\xc4\xdeKf\xf06?\xd8M\xf1\x97\
\x17W\xc8w\xb2\x1c\x13t/ri\xb1\xcdc\xcc\xbb\
\xee\x9c4(\xb0\x1d \xdbg\xd9A\xc2\x0e\x11f'\
\xc43\xf9\xcc\xb1]\xa4\xb3\xf2\x82 \x8e\xeeX\x8b\x0f\
fo1\xef\xcd\xda\x22~\x1a\xae\xec(\x07\x9e\xd7\xa5\
\x89\xb2cw\xc9\xebS6\xc9\x96g8\x7fB\x17S\
\xd4.\xc7|8g\xab\x9cB\x0f\x0c.\xfd\xed`\xc0\
)\xf9/[\xd1\xb5x\xcdv\xa9\x8fW\x9d\xd3[\xfe\
\x8d%l>\xf3\xf9\xaa\x9d{\xe59\x88?\xc41\x09\
\xf8\xcd\xe0\xefC`I\xfe\xc5\xec\xcd@@\x94mv\
Z\x11\x00\x8f%\x8dE6]<7\x7f;{|g\
\xf3\xf2G\x1b\xa5n;\xc8\xd3\xd3\x8e\xecd\xa6-\xae\
\x90zJ>r\x888\xe7^\xca,3\x86l\xd6\xc7\
L\xdf\xbb>\xb4\xdfL@\xb9\xb2{\xaeCa\xae\x08\
8vA\xbd5c\xb38\xc4s,\x0e\xe9\xa3nS\
\xee\xfd\xbb\xb6\x95\x19\xf5\xd1V\xe4`\xe1ag\xda\xdc\
\x15\x11\x9f*\x1cp\xa9\x0f\xef\xdbz\xe3\xea0\xd0~\
N\x18\xd5A|\xc2\xc8\x17\xbf:\x1c\x0byK[\xef\
\xdb\xa5\x8d\xdc\x93\xfe\x18Grv=\xb2\x8c\xc2a\xd4\
\xf1\xfe\x88nB\xd3\xa7\xb4\xadX\xa3\x06\xdb\xf66\xd8\
\x96#\xa1&h\xc7s\x97W\x99\xc9\xf3\xb7\x9a\xddQ\
\xe1G\x8c\xb8\x8bO\xe9aZ\x05\xa4#\x13\x90\xbf\x08\
\xb9\x0f\xe7\x96\x9b>\xf6yX\xe6\xa7<\xa9/\x1f\xcf\
\x8f\x94;yL\xa0\xc8]\xbb?\x15\x9f5\xdaR^\
ns;\xe0\xe7J\xbd\xa1\xbe\x8c\x1dT$y\xc9Q\
@sl\x9eO\xb7u-\xd6\xb2M\x19\x0d\xb3\xf7f\
\x82\xc7\xfd\xebC\x9b\xcef{f\xd7\xa3\xd7\xc1\xc4\x88\
\x15\xc4\xf8\xe25;\xc4\xfaO=\xcb\xb5\xf5\xda\x81{\
E>\xed\xd0\x0a%\xda\x18\x9bG\xc8\x17/\xc8S\x8e\
\xa8!\x18(~j\xe7M(\x95M#\x8e\xfa\x90\xc7\
a\x09-\xa8\x00o{\x12O\xba\xec\x8f\x02Y^a\
+(\x83\xdc\x94\x85\x15\xd2aP\x18\xd9\x12TR\x18\
\xd5{k\x0a\x93#\x15\xd8\x8a\xc9N\xa2D\x10\x8b\x85\
\xca\x823\xddB;x\xc7\x9a#I'\x15\x85m\xd1\
=;\xb7I\x98n\x0a\xbc*Z\x90\xdc\x85ws\x7f\
\xcc\x9d\x9f\xd8|\xa0\xd1R\xb1\x88\x9c\xcc\x8e\x85T\xf3\
!\x93\xf7\xa7\xdc\xe8H\xf1Op\xf7\xa2\xb3\xa4\xe3\x9f\
j\xefEg\xc4\xd2E\x22A\x05\xdc\x8b\x8e\x9f\xf7\xbb\
{\xd1\xd92\xe3\xa6\xe3\xa6\x1eP?\x12\x09*\x9eo\
\x89m\x1c\xd4'*{g;`\xfa\xb1\xdcv,s\
WT\xc9`\x15;\xdba\x8b\xfdI\xf6\xd9it\xc4\
\xd8\xe1/\xae>r\x94\x0d\x8d\x0a\x82\x06\xa3\xb0\xf9\xcc\
\xe7\xf9\xae\xe5\x1bvXQY(\x9d\x9e\x1f\xdc\x97x\
+\xf3Wn\xabYn\xa0\x91\x8f\xb33.\xc2D\xf0\
\xb3K\x03\xf7e\x86N\xa7@\xfe&\xea\x182Y_\
\xe2\xc9\xe4\xbd\xebK\xfb\xcd\x04\xf4u\xd4K\x06v\x06\
}\xbf-\xe1\xc0A\xd0\xf3\xec\x80\x8e\xb0q\xe2\x04\xda\
\xe4\xb50'\x8e\xea(1\xb8\xc8\x1b\xf7D;\xed\xb3\
2\x19@\x10Q\xe7\x83\xea\xb0\x83\xcf\x13\xc5\xfa\xfd\xd9\
\x9be &\x10i7\xdb\x0e\x83\xead,\xe4/\xed\
w\xf3\xb6\xdd\x12\xe2\x81\x81-\xb6\xbdQ\x07\x99\xac\x9c\
b\x077\xbfv\x9dI\xf8nD \xce\xc9\x9b\xcaw\
\x99\xae6\x7f\xa9/\x08\xbf\xf6v@M\x04\x83\xf9\xea\
M\xd5\x12o\x0a\x0b[\xecr%M\x08\x7f8\xda\x13\
u&vY\xb1>\xb4\xe9L\xb7g\xda\x0a\x93V\x04\
U<L\x84\xb1D.Y\xbb]&\xacA\xf0=\x13\
\xed\x84\x85\x094\xbb\xfc\xa8#^<\xf0\xc3\xd1fs\
\xc5\x1e\xf3\xe1\xbc\xadb\x85:\xc6\x8a\xa2\xd84\xd6\x87\
<\x0eCF\x04\x15\x89\xc5:\x81B\x8c\xed\x14\xe2\xa1\
\xd1\x93\x81#mF\xa6\xe3c\x90\x0c\x98\x16\xe9lf\
\xdb\x99-i\xe1;idt\xaa\xfc\x8c\xd9x\xb7\xed\
T\xf8\x1bb\x82\x7f]\xb0\xbfXH\x1f\x05\xdd\xcbV\
\xaa1\x03\x8adf\x96L\x9a\xb9\xdf\xdf_[US\
\xe9\xbd\xa0\xc2\x8f\xe8W`\x15vd\xf6\x93\x0a\x99\xbc\
?f^vM0c\xf5\xab\x05|\x9eY \x8d%\
\xd1\xbd0\x97\xc7w\xb6\xb1`:\xefc\xf3\x93\xddK\
A\x1d/\x8d\x9cA\xe3\xbdY\x9be\x06\x84\xb5\x89\x03\
]\x0b\xda\xb6\x94\xe7FlQf\xce\x7f\xc3A\xfar\
\xed\xfb\xc6\x0c,\x94\x98%4\xb27lG\xe0\xb7\xc3\
\x87A\x8b\xa0t^\x83Q&\xf2\x99\x8e\x9av1\xcd\
\xce~\xa9s\xec6\xc3\xe9\x95\x0b\xaa\xec\x80\xcb\xa0\x8b\
\x03p|\x9eqo\x9e\x97\x03b\xd9A\xc5\xfb\xbc \
\xed\x08T\x06\x15\xaf~!\x9b\xf51\x1b\xf7\xae\xeb\xf6\
\x9b)({\xc2;p\xd4Ks[\xbd\x0a\xda\xe4\xc8\
l\x9c\x01\x9a\x10\x05\xd4aD\x0e\x03`,\xb4\x11|\
\xca\xb00\x8c\x1d\xd8^\x06J\x96a\xd2\xa9\xc3\xb1P\
\xbd\x98,a\xf1\x9b\xb9d\x9b\xdc\x8f\xec\xc0\xf1\x9dz\
\x89\x88p\xe2\x81\xbaFl*\xf2\x994\xfa\xd5=\xf2\
\x97\xf4b\xf99\xf1\x88\x12\xb9W\x06\xc7\xa6@x\x1e\
\x9e\x01A4\xc3N\x90\x98\x04\xee\xb3\xe3P\xebV\xcd\
\xc5RC\x84m\xea\x0a\x83%m\x8b:\x8a\xf5\x9b\x83\
\x9dc\xad\xe8\x0e\xea\x06\xcf\xc2gFZQ\xc0\xc6\x05\
,\x8c\xf1\xd4u\x9b\xceF\x9b\xfb\xc6]3<\x8f:\
\xe2\xf0\xe3\x13YN\xfb\xcf\xca\x9aI\x8a+s\xaf\xbb\
\x92\x87,\x07\xdf\xf7\xdc\xf2\x9a\xb0\x1a\xf1\x5c\x7f\xe9 \
\x99d\xb0b\xd5\xb5C\x9e\xb9\xc0#^Z}\xe87\
\xd3%#\x82\x0a\xe8\xdc8\x98\x14\xd3\x1c\x02+\x1e2\
\xbb\xc46\xb8\xd3\xc6v\xb4\x19\xd3*\xab\x0d\x8f\xc2\xa7\
\xa3\xa2P0\x8bGNx\x8f\x08?\xf7\xb8\xee\xa9]\
:\xa8\x22t|Xk\x88\x1c\x8b\x19q\x84\x15\x12\xcc\
.\x19\xfc\x93M/\xdf=ea\xb9\x0c\x0a\xfc\x1c\x9f\
\xbd\xdc\xbf\x9d\xed\xb80?\xf2\x1d\xa9\xe6C&\xefO\
~\xb0\xc4\xf0\x91\xadx\x84\xf6\xf7\xba\x17\xd1n1\xab\
&R\xf2X\xa8\xc8\xeb\xf7\xa3\xa2\xda\xeb^tv\xc7\
\x8f*\x91\x192\x8d2\x08\xd2\x86\xd0c@bv\xcc\
\xef\xf6?\xb9\xaf\xbb5\xc9q\xe5FC\xef\xde\xb1\x8d\
\xec\xea\xe2\x0c)\xea\x1b\x8d\x89\xad\xe9\x98\xffI_,\
\x12\x8b\xa8W;9\xc6\xc0\xab\xd3\xc9T>\xf3Y\xd2\
\xc1\x92\x0b3\xa9\xbd\xf6w*\xa3\xdc\x93\xff\xc5<\x0b\
i\xe6\xbe4v\xe2$\x8d\xb434~\xfe\xd8\xce\xaa\
\xf8|\xfc\xb6t\xde\x8f\xa9\xfd\x1c;\xd3\xf2\x1bP3\
\xf5\x1c^d\xeb\xde\xdc\xab\xae\xdao&\xe196Y\
\xb1\xc7\xb2\x1f\xa7\xf0S|\x11\x8b)\xcf\x11y\x0f\xe9\
ri\xa7<9\x13\x0f+~\xef\xcem$\xdd\x08\xcc\
\x17?\xda`g\xf5\x87\xef\xba\xa3\x0es\xe8\xf2\x09V\
\xcc$3p\x02i\xa2>b\x11\x9bg/\x04\x06w\
%_\xdd\xfdc\x8b1>\x7f\x81\xb6\xcb\xc0\xd5\xcb\xa6\
\x91\xc1\xb1G\xa76R\xff\xea\x22\x8fi\xd7\xf4]+\
6\xec\x10\x87\xea\xf5v\xfca\xc9\x08\xe4y\xe4\xbf\x98\
\x07\xb2\xc4\xd6\x15\x92\xcc2%\x96\x10D,VL\x9e\
\x85\xb2\xf0\xc3\xe5a]\xb4i\xbe#\x93mnM\xd9\
.s\xc5\xaf\xa7F\x7f;\x94\xbb\xae\x1e!\xf9\xe4\xfc\
\xaa\xa8c,\x99O\x18\xde\xe1\xb0\xb4Q\x0eL\x12\xf0\
\xa3\x22>\x1c\xfd\xae\x17\xf8GQ\xafY\xb2f2p\
\xd9\xe9=e\xb2\x14O]\xe6q\x182&\xa8\xb8\x0b\
\x03)\xcbD\xe5\xf6\x8a\xbd+\x0f\xcd,\xb3\xb8]\x8e\
}\x00Nx\x8f\xfe!\x8b\xf0\xfd4(\xd4.\x9d\x1a\
\x96\x13\x06\xe8\xedvv\xc8k(_\xd4-\x85I\xe7\
\xc0\xbf\xac\xdb\xd2\x01\xe3?@F\xe3l\x9f\x8e9\x90\
B'\x0f\xb6V\xb1\x1e|ha\x22P\x98-S\x99\
\xd255f\xf2\xfe\xdck[\xf5^q\x5c\xa5\xfcb\
\xe1^n\x06\x9bH\x00\x01\xf9\xcd\xcc\x89\xd9\x22\xb3\xe1\
X\x981\xb2|\xc3\x0c0\xa8\xb3\x8a\x852\xe4\xf9\xb8\
\xdf\xaaM\xd5\x22\xd6+\xb7\xef\x93\x99\xa9\x94\x1d\xeb\xf7\
\xf6~]l\xe3`\xc9\x81\xa5\xbe\x1c;\xc8\xb8\xc7\xe6\
\xf3\xccJ\xcb(w\xdb8]\x95\xe4Y(k\xeac\
\x22KY&\xf3\x99%-f\xd4\x95Q\x9f\x95J;\
\xfbg\xb6L\x5c$\xea\x1fm\x04\xe1\xda\xd3\x0eP\xfc\
\xee\x06I\xbe\x1b?1.\x9e\x09\xf8K\xbb\xb692\
\x10$\xea\x14\xb2Y\x1f\xb3uo\x9e\xb3\xae\xdao&\
\xe19\x88\xeaNY\xe3\x87\xb2\xb1|\x97\xd4E\x96\xde\
H?\xfd!\xfe\x1d\x08)\xea0\xed\x0d\x0bUl{\
\xa3-m\xaa\xd8c\xaal\x9dqu\x98\xc7b\xc6N\
\xd4\xf5\xa0:\xecEl\xde\xb2$\xbf\xc1\xe6+yK\
?\x80\xdf\x11\xe9E\xc4\x92\x7f\xe4#\xc2\x8d\xb2$\x8d\
\xc5\x0592a\xc1\xd7\x92\xef%\x99\xc9\xf4\x0d\xd9\x86\
\x01\x9dg\xa2o\xd8\xb0u\xb7L\xc2\x18\xe0\x11\xa4\x5c\
nP%\xbf[\xe76\xb7}ZK\xe9\x8b\x18Xi\
C\xb45\xfa\xa5T\x9e\xa5\xae\xdat&\xdb\x1c\x13\xd6\
\x1b\x1f\x9c\x1f\xfd\xedP\x08?\x80\x8b\x06\xd6$\xf2\x86\
\x9f\xcf8\xaa\xb3\x8c\x07A\xf8Y\xbc\xe0\x99[\x8e6\
\x0bWU\xc9\xc4\x9bv\xcb\xa6\x02\xca\xc0/\xa9u\xd9\
o\xa6C\xc6\x04\x95\x83\xbb\xc5\x9b\xe1\x80\xc2\xad\xab\xbe\
\x8d\xf4\x10/\x85G\x95\x94\xd9\xffs)\x94$\xd9\xff\
\xe3_T.\x8a<\x13\x9d0YP\xf3}1p\xeb\
\xfav\xffZ\xb9\x17\x97\xbdW\x8a\xb7\x13\xb8'\x9d\xa5\
\xdc\x97\xfbG_\x8f\xdc3r\xdf\xc8,%\xf2z<\
\x94?\x9fs\xa4\x92\x16\xf9>>\x1f\xfd\xdd\xc1g\xd3\
\xc9\x1b\x97\x96\xd8g\x91\xbbD\xef\xc7-\xbd\x04\xa7\xfb\
l,\xa9\xa4\xa1\xe6;\xa3\xbf;R\xb9\x87\x1f\xd9\xbc\
7\xd4E\xfb\xcd4\xe4QM\x1d\x8e\xfe\x0e\x91tG\
\xd2\x9eJ\x1d\x06W_\xc2\xc0=\xdd\xbd\xa5~E\xfe\
\xabAnO\xfa\xf8'\xfa}\x99\xf8\xdel\xe2\xea\x0b\
\xc4\xd6\x19!\xe6Y l}q\xf9&Y\xe7\xfe\xb5\
\xaf\xcb\x1d\xed\xff\xb9\xbc\xcat\x9b\xae\xf9\xbe\xe8\xef\x8e\
d?\x0f\xdc\x83\x08\xe4?\x7f\xd8[P\xe1\x9a\xf1\x9d\
/\xf4\x93M\x15X4\xf9\x1d\x97\x0d?\xd1\x89\xa8}\
s\xdafs\xfb\x13\x8b\xa2\xaf\x1c\x0a\xae#w_3\
\xc2<\xf3\xee:\xb3jc\xb5\x08r\x1c\xd3\xf1}\x0b\
J\xb3\xcb\xa7\x9ag\xe6_\xfb\xba|\x22\xfa\xbc|<\
\x1b\xfdf\xaad\x5cP)\x8a\xa2(\x8aR\xffY\xbf\
e\xb7\xb9\xecWS\xa2\xbf\x1d\x0e>Q\x842\xd8\xb1\
s\x9fi\xde\xa2\xb9\xc9\xcb9|i\xd7\xea(\x117\
\xb8\xfc\xdc\xfd\xd4\x12\xb1\x12z\xc1nA\x1c\xc6\x1f|\
i\x85\xfc\xceR\xeb\x17O\xec&\x16\xcf,\xe9\x9bZ\
G\x05\x95\xa2(\x8a\xa24Q8\xf8\xd8oW\x1e\xb0\
\xcb\x9b(\xea\x84)`\x99\xb9 \x1a\xea\x80\x0d\x0b8\
\x86\xe3\x87\xfb\xfc\x07\xeb\x03\xefA,+\xe2\xcc\xe1\x8f\
\xe5B\x83\xb0\x09\xe2\x92S{\xc8\xf2dcA\x05\x95\
\xa2(\x8a\xa24AX\x86\x9e\xb1\xb8\xd2\xfc\xf8\xfe\xb9\
\xd1W2\x8f;\x12\x8c#}\x10^\x80\x9f\xd3\xb0\xde\
\x05\xb2I\xc9\xf9<5\x062\xef\x95\xa5(\x8a\xa2(\
J\xbd\x07\xbf#\xc2\xcc\x10\xa9\x1f\x87\xeeL\xc2\xbd\xcf\
\x9dP*b\x8a\x0dE\x04Tv\xe0?E\xac,/\
\xbf\xa7\x86\x8cZ\xa8\x14EQ\x14\xa5\x89\x12\xd9,a\
$\x9e\xdb\xa3\xaf\xaf\x16_(^K\x17v\xef\x8d\x1f\
\xda\xde\x5cvfO\xd3\xa3ck\x09\x7fB\x14v\xe7\
\x1c\xce\xdf\x09\x00JL\xcaTw\xa8\xd6wTP)\
\x8a\xa2(J\x13\x05\x05@\xb8#B\xde\x10\x1d\x9d\x90\
\x04\xc4&\xfcda\xb9\x84?\xc07\xca\xcf\xd1\xdc\xc1\
\xe7\x88IF\x0c(\xe2\xa2\x11\x92\x82P7\x1c\x9d\xc4\
i\x00\x0e\x04T\xb7\x92<s\xea\xd8N\xf2\x9e\xc6\x86\
\x0a*EQ\x14Ei\xc2`\x91\xe2t\x0a\x0e.&\
P+\xe2\x88\x98h\x0e\xe2\x94\x01\xe7i\x12\xd3\x8b\x85\
:\xe2G\xf1\x83\x8bI&\x7f\xaf\xd8-g\x0d\xce[\
Q%N\xeb\xb1`\x99\xe2\x00s\x8e(j\xd7&\xa7\
\xd1\xec\xec\x8bE\x05\x95\xa2(\x8a\xa24q\x08\xa2\xe9\
\xacJ\x04\xd0\xe4\xd8\xaf\xc2\xb6-%p&\xd6$\xc2\
\x1c\xc4\x06\xc3$\x22=Ag\x09\xb2K\xc0Z\x82\xcf\
\xc6\x07\x1aE4\x11\x18\x96S2\x8e\x18P$\xa7S\
d\xdaW\xab>\xa1\x82JQ\x14EQ\x14\xf1s\xe2\
\xd0a\x8e|\xc2\xf7IN\x98\xb0\x0a!\xfe\xc8\xa4 \
p4'\xf8'\x06(B#\xf4\xef\xdeVB/p\
\x9eec\xda\xd1\xe7\x85\x0a*EQ\x14EQj`\
\x09\x10\x0b\x14\x96'|\xa8X\xcac\x09\x8f\x83\xbd\xfd\
\xfc\xd5\x91J\xb9\xadZ\x98NE\xad$Xgi1\
W\x9e,\x07\x22\xb2\x1a\xe3\x12_<*\xa8\x14EQ\
\x14E9\x0c,V5\xc7>Y\xa5\xc0\xb2 \xe7\xa3\
\xc6\x9fy\xc3\xb9\x8f,\xe5\xa1\x99\x10N\xf5\xf9\x18\xa8\
l\xa2\x82JQ\x14EQ\x94\xa4\xf0R\x0cML7\
\xf9\xa2\x82JQ\x14EQ\x14%$\x1a)]Q\x14\
EQ\x14%$*\xa8\x14EQ\x14EQB\xa2\x82\
JQ\x14EQ\x14%$*\xa8\x14EQ\x14EQ\
B\xa2\x82JQ\x14EQ\x14%$*\xa8\x14EQ\
\x14EQB\xa2\x82JQ\x14EQ\x14%$*\xa8\
\x14EQ\x14EQB\xa2\x82JQ\x14EQ\x14%\
$*\xa8\x14EQ\x14EQB\xa2\x82JQ\x14E\
Q\x14%$*\xa8\x14EQ\x14EQB\xa2\x82J\
Q\x14EQ\x14%$*\xa8\x14EQ\x14EQB\
\xa2\x82JQ\x14EQ\x14%$*\xa8\x14EQ\x14\
EQB\xa2\x82JQ\x14EQ\x14%$*\xa8\x14\
EQ\x14EQB\xa2\x82JQ\x14EQ\x14%$\
*\xa8\x14EQ\x14EQB\xa2\x82JQ\x14EQ\
\x14%$*\xa8\x14EQ\x14EQB\xa2\x82JQ\
\x14EQ\x14%$*\xa8\x14EQ\x14EQB\xa2\
\x82JQ\x14EQ\x14%$*\xa8\x14EQ\x14E\
QB\xa2\x82JQ\x14EQ\x14%$*\xa8\x14E\
Q\x14EQB\xa2\x82JQ\x14EQ\x14%$*\
\xa8\x14EQ\x14EQB\xa2\x82JQ\x14EQ\x14\
%$*\xa8\x14EQ\x14EQB\xd2\xec\x80%\xfa\
\xb3\xd2\xc4q5\xa1Y\xb3\xc8\xbf\xc9\xb0g\xdf\xa7\xa6\
\xb9\xfd@\x8b\x16\xcdL\x0a\x1fK\x8a}\xfb\x0f\x98\x96\
\xf6\xbe\x99f\xff\xa7\x07L\x8b\xe6\x89\xef\x9b\xce\xf7\xef\
\xb5\xf9\xd1\xcc\xe6\x07\xcd\xaae\x8b\xe6)\xe5e\xba\xf0\
<\xcd\xed\xf3\xc4\x7f\x15\xc5\xf9i\x92\xcf\x9a,\xc9\xe4\
\xc9\xbe\xfd\xb6N\xd8\xef\xa4^\x84![\xe5\x9f\x08\xda\
\xc1\x01\xfb?\xbf\xf4\xa7\x9b.\xeeKYA\xa6\x9f\xab\
6\xeb\x80#\xb6\x1d\xed\xdc\xbd\xdfl\xab\xdeg\xca*\
v\xcb\xf7\x15\xe6\xe7\x98\xc2\xb69\xa6\xc8\xfe\x0b\xe4Y\
6\xfa\x08GlZ\xaal:\xaav\xee3[\xb7\xed\
1[\xab\xf6\x9a]6m\xa5\xc5\xb9\xa6M^KI\
O\xdb\xbc\x16\xa6un\x8bH9\xdb\xff#\xdf\x14%\
\x13\xa8\xa0Rj\xf8`\xf6\x163eQ\x85\xd9\xb3\xf7\
\xd3\xe8+\xc1\xd0\x81u,\xca59-\x9b\x99\x1e\x9d\
Z\x9b\xbe]\xda\x9a\xce\xeds\xa5\x83\xa2S\x0d\xd3Q\
\xd1\x01\xbf5}\xb3\x99\xb1\xa4\x22\xfaJ\xe68rP\
{s\xfc\xa8\x0e\xf23c\xa6\xd7\xc0\x99\xce\xf7\xbb\xfc\
\xc8k\xd5\x5c\x06\x93\x82\xb6-m~\xe4\x99>]\xda\
\xc8\xdf\xe9\xf4\x19R\x9ag\xd0.\x8cx\x99\xb3\xbc\xca\
\xbc3s\xb3Y\xbdqg\xf4\xd5\x08=:\xb76\xe7\
\x8c/\xad\xf9\xfe\xb0\x83*\xe9\x9f\xbdt\x9by\xe5\x93\
\x8dfs\xc5\x9e\xe8\xab\xc6l(\xdfeZ\xb7j!\
\xcf\xcc@\xd5\xb5$\xcf\x5cvFO\xd3F\x06\xad\xf4\
\xea\x01\xdf\xf5\xb6\xcd\xffi\x8b3_\xfe\x89\xe8\xda!\
\xcf\x5crZ\x0f\xa9\x03\x94Ul\xfd\x08S/]\xfd\
()leF\xf4)0\xddm\x9b\x01\xfb\xa8\xf6;\
\xe4\xc7\xb4\xa8\xed:\xc0=6\x96\xef6\xef\xda\xef\x9b\
\xb2\xb0\xc2\xcc\x5cR)\xaf{\xd1\xaaes3\xa4W\
;3\xaa\x7f\xa1\x197\xb8\xc8\x0c\xee\xd9N\xd2\xcbd\
#,\x94\x05\xc2t\xfd\x96]\xe6\xc3\xb9[k\xd2\xc2\
$/\x11\xfd\xba\xb55\xc3m\x19p\x8d\x1b\xdc\xde\x8a\
\xad\x16\xa2>C\xce\x01\x94&\x8e\x0a*E:\xc3\xf7\
fm1\xbf\xfc\xfb\xc2\xe8+\xe9\xc3\x80:ax\xb1\
9ml'3z@\xa1XkR\xed\xa4\xe8(\x9f\
~g\xady\xf0\xa5\x95\xd1W2\xcb\xc0\x1e\xf9\xe6\xbe\
\xef\x8c2sWT\x99|\xdb\x91v\xeb\xd8\xfa\x10\x8b\
A\xa6\xbf\x9f<aP\x91\x81\xa5_\x81\xcd\x97\xa2\x8c\
\x0d*\xf0\x83?\xcc13\x97VF\x7f;\x14\x84\xcd\
\x97O\xefaf/\xdb&\xa2\x17\x91\x97\xae\xe5\x88|\
\xb9\xe8\xe6OL\xe5\x8e\xbd\xd1W\xfc\xb9\xf0\xc4n\xe6\
\xaasz\x99e\xebv\x98\xee6\x7f\xc9\x83T\xb9\xfa\
\x9e\x99f\xd1\xea\xed\xd1\xdfj\x0fD\xc0\xb3\xb7\x1em\
6l\xddi'\x06F\xd2\x9fc_\xcbt\xbd(n\
\xd7\xca\x8c\x1eXh\xc6\xd8\xfa0qd\x07\xd3*\xa7\
y\xda\x82'\xdbu\xc0M\x90>\x9aWn\x1eye\
\xa5Y\xbavG\xf4/\xa9A\xdb\xbb\xe0\xb8.\xe6T\
\xdb?8q\x96jut\x9f{w\xe6\x16I\xcb\xea\
M\x87\x8a\xc8T\xa1\xbc\xcf\x9dPj.>\xb5\xbbi\
\xd7\xa6\xa5\x08+\xb5Z)\xe9\xa0>T\x8atN\x93\
\xe6l\x89\xfe\x16\x0eL\xffoN-3?\xbe\x7f\xae\
\xf9\xe2\xcf?1\xffzo\x9d\xbcN'\xf8i\x92\xda\
\x1dq3\xd7\xce\xb8\xb3\x85\x13\x04\x8b\xd6T\x89\xb5e\
\xe5\xc6\xeaC\xd2\x96\xe9\xef'O\xa6-\xaa0\x8f\xbd\
\xbe\xda\xfc\xf0Os\xcd\xd7\xee\x98n^\x9fR&\x03\
4\xf9R\x1bS\x1a\xac\x17\x94EY\xc5\x9e\xb4\xbe\x8f\
\x01\x15\x0b@2b\x0a\xde\x9e^&\xff2\xd8\xbd\xf2\
\xf1F\xc9\x83TI\xf6\xbb2\x0d\x16\x0e\x96\x8d6\x95\
\xef\xb1i\xdfd\xa6/\x8eX`2]/\xb6V\xed\
\x91\xb6r\xc7?\x16\x9b\xab~3\xcdLY\x10\xb1z\
Q/\xb2Q'\xd2\xad\x03\xbcu\xa1\x15\xb6\x88\xb6\x1b\
\x1f\x9c\x97\xb6\x98\x02\x04\xf2\xedO,6\xdf\xbbo\xb6\
\xd9\xb1s\x9f,\x91s%\x0b\xedt\xfe\xca*\xf3\x8d\
\xbbf\x98[\xfe\xb6 \xb4\x98\x02\xca\xfb\xd9w\xd7\x99\
\x8b\x7f1\xc5<\xf0\xa2\x15\xcbV\xe1\xb9\xb6\xa9(\xa9\
\xa0\x82J\x11\xb6n\xcb\xfc\xe0\xc5\x80\xf8\xc7\xe7\x97\x9b\
_=\xba\xd0\xec\xdbw\xc0\xec\xda\x93|\xe7\x99\xce\x00\
\x9c*\xa4\x89\xe5\xcd\x15\xeb\xad\xa0\x8aKV6\xbf\x7f\
\xc5\x86js\xd7\x93K\xcc%\xb7L1\x1f\xdb\x19?\
3\xf4l\x0b+\xf2\x9dgZ\xbd\xe9P\xf1\x98,\xcc\
\xd8\xdf\x9e\x11\x11I\xc9PV\xb9\xc7\xccZ\xbaM\x96\
V\xd6m\xdee\x96\xad\xdf\xd1\xa0\x06(\x0c\xf7\xa4w\
\xf7\xde\xfdf\xc9\xba\xed\xb2,\x07\xd9\xaa\x17\xe4\xd7\x0d\
V\xac \xae\xa8\x93\xbb\xf6\xec\x97A=\x93\xa4[\x07\
^\xfeh\xa3\xf9\xee\xefg\xfbZ\xc0\xd2a\xce\xf2m\
\xe6\xc6\x87\xe6\x8bU\x8ez\x82\x80M&I\x7f{u\
\xb5\xa4%\x8c\xa8\xf3\x03a\xf5\xd4\xdbk\xcdw\xee\x9d\
e\xb6[\xb1\xb7\xdb\xf6W\xc9,\x1f*\x8aC\x05\x95\
\x92u\xf09\xb9\xe6w3M\xe5\xf6\xbd\xe2,J\xa7\
\x9eM\xf1\x90\x88\xfc\xd6-\xe5_\x06L\x84\xd4\xb6\xea\
\xbd2\x80\xd66X(nzx\xbe\x88N\xd8m\x07\
\xd2L\x0f\xa2\xf1\xa4k\xfd`\x89r\xd2\x9c\xad\xd1\xdf\
\x92\xe3\xad\xe9e\xa6\x87,\x9753K\xd6\xa4.\xa8\
X\x8a\xa9+X\xe2\xa3n\x90W\x95\xdb\x19\xeck\xa7\
~\xbc\xf6\xc9&s\x93\x15\x1a,\x91\xae)\xab6\xd5\
Y\x10p\xa9\xd4\x01\x967\xefyjIV\xc40\x96\
&\xee\xbb}\xd7>\xf3\xe2\x87\x1b|-\x92|3\x16\
R\xc4&V\xdelC\xba\xbeu\xd7\x0ci\x9f\xf4U\
8\xdb\xa73\x09Q\x9a\x1e*\xa8\x94\x84\xb0$x\xca\
\xd8\x8e\xe6\xf4q\x9dj.~\x1f\xd5\xafP|\x22\x92\
\x01\xab\xcc\x9d\xff\x5c\x22~#\xcct+\xb6\xa7\xb7\xf4\
\xe4\xc0\x99\x94\xefO\xe7:\xfd\xc8N2\xa8\xb0#\xc9\
\x0e-i\x0d\x16^\xdf\x8f5\xa6sqn\xca\xfeB\
,7\xb0\x9c\xc2\xd0Qe\xc5\x1d\xc2\xaa>A\xfe\xbc\
3cK\xca\xd6\x19\xfc\xf2\xf8\xec\xa0\x1e\xed\xcc\xba-\
;\x93\xb6B8\xf09\xab\x0b\xf03b7\xd8\xc6\xf2\
]\xf2{\xb2b\x8av\x82\xef\x18>K\xee:\xeb\xe8\
\xce\xd2^\x8e\x1d\xdeA\xee\x9b\x0c\xb4\x8f\xffL\xdeh\
J\x8b[\x8bc>\xf9V\x17 \xa6\xfe\xf1\xdf5\xd1\
\xdf\x82A\xfc\xd2\x06\x8e\x1f\xd9\xa1\xe6yi\x0f\x89\xda\
\x02;\xf1rs\x9a\x9b-\xf6\xdf\x19K*='\x14\
x3\xe1\xdf\x89\xd8L\x861\x03\x8b\xa4\x1c\xbe~^\
os\xddE\x03\xe4\xa2,\xf0\x93b\xc3D2`1\
D\xd8\x92\xb6\xf5\xb6\xee\x96\x95\xefQQ\xa5$D\x9d\
\xd2\x15!\xc8\xa9\xd5uN~\xac)\xdbi^\xfdx\
\x93\x0c\x02\x89\xfc^n\xfa\xca`\x11#/}\xb4\xde\
\x9c7\xa1\x8b\xec\x0c\xf3\x22(=t\x8c\xd7~\xbe_\
\xf4\xb7\xd4a\xb6;i\xeeV\xf3\xc9\x82rq\xcee\
\xa0;\xcf\xde\x13\xab\x84#\xec\xf73\x08~<\xbf\xdc\
L\x9e\xbfU\x1cy\x93\x11#\x88\xd4\x1f_<\xd0,\
^\xb3\xddt\xe9\x90g\xda\xe6\xb5L\xcaa7(\xad\
\xce!\xf9\xee\xa7\x96\xc8\xe0\xc0`\xc3.\xc7X'\xfc\
d\xf8\xf9\xc3\x0b\xcc\x07i\xf8\xd9\xdd|\xc5`\xd3\xb3\
s\x1b\xf3\xdc\xfb\xeb\xcd1\xc3\x8a\xcd\x11\xfd\x0bEx\
$\x22\xd5]\xa2\xef\xcf\xdebn~dA\xf4\xb7\xc3\
\xb9\xe2\xac^\xe2t\x9c,\xe5U{\xcc\xa3\xaf\xaf\x96\
\x01\x9e]\x9bW\x9d\xd3[DC\x98v\x02\xecH{\
\xf2\xed\xb5\xe65\xdb^\x82\x96\x93\xb0\xa2>\xf0\xc3\xd1\
f\xb3\x1d\xd8\xf9\xcc\xb1\xc3\x8b\x0f\xa9\x9f\xf1d\xb2\x0e\
0\xbf\x98b\xdb\xc6O\x1f\x98\x17}\xc5\x9f\xde\xa5m\
\xe4\xb9\x8f\x1fU\x22\xf9\xe4\x05b\xe9\xf5)\x9b\xcc\xbf\
\xde]/V\x9fX\x1e\xbf\xf1H\xb3t\xdd\x0e\xdbF\
\xb6\xcad\xeb\xa2\x93\xbb\xcb2\xa0\x83z@\xddqV\
\x5c?\x10n\x9f;\xbe\xab\xb4\xe3\x0e\x05\xadd\xd9\x14\
kx\xf5\xae\xfd2ij\xd7\x9a\x1d\xa8\xcdm\x1a[\
H~r\xcf\xe7\xed\x95h2\xe5\xda:\xe9g3\x09\
\xf7N\xd5\x89^i:\xa8\xa0R\x84D\x1d2\x1d\xcb\
#\xff\x89\xecnB\x84\xe4\xb3\x1b\xc6\xd2\xaeu\x0b\xd9\
\x0a\x8d\xa5j\x87\xed\xbc\x98\xd5\x05\xed\xccb\x86\xf8\xc0\
u\xa3Ed\xd0Y\xb2#\xd0k\xa0H\x94\x1ev\x0a\
10\xa5\xc3\xee=\xfbk\xac@\x0c*\xfd\xba\xe5\x9b\
\xd3\xac\x98IVP\xf9}\x7fk;\xa0p\x0fv\x0a\
\xb5o\x97#\xcb]]KZK\xbe\xfc\xed\xd5UI\
u\xe0\x0c\xc8\x9f\xb7\x03\xc3\x876\x7f\xd8%I\xe8\x81\
Ddr0\xf5\x82\xbc\xfa\xdc\x0d\x93=\x05\x00\xb3\x7f\
\xbe\xdb\xcfz\xe0D\x22u\xa7\xad\x15\x09\x9f9\xb6\xcb\
!\x03f\x10\xe4\xd5\xc2UUf\x9d\x1d\x00\xe3}\xdc\
b\xa1N!\xd2O\xfb\xfe\x07\xd1W\x0e\xe7\xae\xabG\
\x98b;\x18\xce]\xbe-\xfa\x8a?X\x22\xb0\xa8:\
\x11Ly\x92\x8f\x89\x04U|;\x89\x85\xd8G\x84L\
\xa0\xad\x0c\xe8\x9eo\x16\xae\xae2?\xb9\x7f^\xa0\xd0\
F\xa8\x5cyv/\xf3\xd0\xcb+dW\x1c\xe2\xc5O\
df\xaa\x0eP;+\xac\xe8\xf9\xda\x1d3\x02'G\
\xce\x1aw\xf9Y=\xc5\xdf\x88e\xb2Ev\x22\xb0\xdd\
N$\xa8/|\x0f\xf9\x8dH\x22\x06\x14\xcf\x8d\x10a\
\xf9\xff\xfe\x17V\xd4\xdc\xfb\x9f?\x1b'\x9f#\xec\x01\
\x82\xec\xca\xb3{\xcbg\x011\xcbd\xed\xea\xbbg\x06\
\x8aO,\x99?\xb9d\xa0L\xce\x16\xd8|]`\xd3\
BX\x87x\xe8\xb7\x08U1\xb8g\xbe\x19b\xd3\xc3\
\xf7\xde\xf6\xd8\x22\xf1\xf1\x0b\xe2\xb6\xaf\x0d\x93\xf0\x13\x93\
\xad\xe8\xc3\xfa\x86(S\x14/\x92\xeb\xd9\x14%\x0a\x9d\
\x12\x1d#\x03\x01\x17;\x86\xd8=\xf4\xe8kkd6\
x\xf3\x15Cj|\x94\xbc\xa0\xf3\xfa\xd8\xce~\xbbt\
\xc85\xf3\xed`\xc9\x0c<\x1dI\x8f\x18\xdbf;e\
.:qv\x0c%{\xd1Q3 p\x11\xba\xa0\xa7\
\xeddS\xdd&\xed\xf5\xfd\xce\x9a\xb0pUd\x80@\
p\xdd\xff\xc2r\xb3t\xedv\xf3\xbfV(\xfd\xf9\x07\
G\xc8\x00\x13\x04\xcb,\x0c\xe6\xbdl\x07\x8e\x95 \xd9\
\x98`\xd9\x02Q\xf3\xdfie\x9e\x03\x1aB\x86\x01\xe6\
\xd2\xd3zD_9\x9c\xf7fn\x91\xcd\x08\x03{\xb4\
\x93%\xd6\x8a\xed\xf8\xabE\xff\x98\x04{\xf7\x1d\x10\x81\
>w\xc56\xdf+\xd1\x80\xe8`\x99\xd9\xeb\xf3\xf1\x17\
\xe2\xc0\x09\x1dD\x07\xb1\xd5R\xab\x1d\x11\xc1\x81\xb8F\
\x1cp\xed\xb5un\xadM\xe7\x1bS7\xc9N\xbb\x01\
V\xc4\xff\xf8\xe2\x01\xd1w{\x83\xd5\x86\xef\xef\xd4>\
O,\xaa\xd9\xf0\xa7\x8a\x87\xe7\xfc\xdd\xd3\xcb\x12Z\x9a\
\x11\xd2WX15cq\xa5\x15\x90\xab\xa4\xbeo\xb1\
\xf5\x1f1E\xff@\xbd\xe1wD\xcb\xdb36\x9b\x07\
\xad(\xe4\x19\x8e\x1b\xd1\xc1<\xf4\xe31\xe6\xa4\xd1%\
\xd2O \xbah7\x10_/x\xf6_?\xbe(P\
L!\x0e\xef\xbef\x84|\xdfco\xac6\xef\xd8\xef\
\x8a\x15S\xdc\x03!\xcc\xbf\x04\x16]\xb7y\xa7\x88\xba\
g\xde]g\xba\x14\xe7\x99;\xbe1<a\x9b|\xd6\
\x96\x17u\x80g#\xd4\x8a\xd7\xb2\xa4\xa2\x80\x0a*%\
eX\x8e\x1a3\xa0\xd0\x8c\xb5\x9d\xd9\xb0>\x052\xfb\
,)\xca1\xef\xcf\xd9\x223\xf1DK+\x0c\x80\x05\
v6\x89X`Y,\x95m\xd3\xf1 \xf0H\xcf\xe0\
h\x9c\xa7T\xae\xa1\xbd\xdb\x99\xa3\x06\xb77\x83z\xe4\
'\xb5\x0c\xe5E\xfc\xf7\xf3/\x96\x04\x82C\xb6\xcfg\
y\xa0\x99\xf8\x12!\xaeX.\xb8\xf3\xea\xe0\x0e\x9c\x81\
\x81\x9dL\xc4>by\x04\xd1\xc9ku\x05\xf9\xc2\x80\
\xe8\xc5I\xa3;\xca\xbf<?\xfe2^0\x18\x120\
\x96\xbf\xf3\x18\xcb7$\xef\x9c\xcewc\xcd!?\xb1\
\xd49q\x12\x7f1X\xa6\x0a\x83\xac\xd7\xbdb/,\
&X\x95\xc6\x0e\xc4\x9a\x93ZW\x898`\x10>\xa2\
\x7f\x91\x0c\xfa\xc4\x9ab\xb9\x93\xb6\xc2\xc0\x8e\x00\x99\x90\
\xc0\xaf\x8a\x90\x00\x08\xf7\xc2\xb6-eC\x07Kc\xd9\
\xac\x0b\xdc\x19\x8bP\xa2\xa5]\xac\xa8X\x1e_\x9e\xbc\
\xd1\xbc;ks\x8do\x91\x88\x17\x9bo%\x85\xb9f\
\x90}\xce\x91\xfd\x0a\xedU e\x8f\xf5\x08k\xe3\xe3\
o\xae1\x1b\xb7\xee2\xd7_:\xc8\xfc\xf5\xfa\xb1\xb2\
\x9b\x91\xef\x8c\x07\xd1\x82X\x0b\xda\xcdG\xde\xe1B@\
>=\xf3\xce:\xb1\x94\x01m\x121\x8b\x1f\xdc\xc8\xbe\
\x85\xe6X+\xe2\xf0\x9b$\xc0)u\xf6\xe8!\xed%\
\x16\xd7K\x1fm\x10\xab\xe9\xad_\x1d\x12\xd8\xfeq\x0d\
 \x8d#\xfa\x16H\xf8\x13\x96\x83\xd3\x99\x04*\x8d\x9f\
\x16?\xb7D\x7fV\x9a0,\xd9x\x99\xc9\x81(\xc7\
,\xe9\xe14\xca`\x80\x00\x19;\xa8\xbd\x0c\xfa\xf8\xc7\
\xf4\xe9\xd2V\x06>.fq\x03\xed\xbfO\xdb\x0e\xce\
\xaf\xd3\xe9d\x07\x9a\x93m\xc7\xf6\xa1\x9d\x813\xeb\xee\
\xd3\xb5\xeda\xfeB\x89\xd2C\x1a\xa6G\xd33vP\
d\x09\xa3\xaf\xbd\x0fiI\xf6\xea]\xdaV\xc4\x80\xd7\
`\x19\xe6\xfb\x07to+\xe2\x8ae(\x06\x15\xacM\
t\xd8\xb3\x96V\x9a\xfe\xdd\xf2e\x96\x8e\xbf\x99_\xfe\
0@\xf0\x9e\x1e\x9d\xda\xc8\x8c\x9b\x08\xf4A\xce\xbd\x89\
\xd2\x8a\xb3\xb0\xb3v\xf0\xbc,C&k\x91c\x90\xba\
\xf7\x99e\x9ei\xbd\xe6\xb3}\xed\xe0\xb2\xd7\x8a\x8f\x16\
b\x9d\xa4~x\xc1\xe0\x88o\xcb\xe25U\xa6\xdc\x0a\
\x03DE\xb2\x22\x88\x81\x11A5\xca\x09\x13\x8f\x8b<\
\xe7y\xfe\xfe\x9a\xff\x0e\xb03\x8e\xea,\xf5\x0bQ\x82\
\x98\xc2\xdf\x06A\xe3u?w\xe13\x83\xe8F\x0c\xb8\
\xba\x99n;\xe9f\xf3\x9c\x7fI+\xed\x836\x80\xd8\
\xe6^X\xc4\xfc8{|g\xd9e\xb6\xde\x8a\x10\xd2\
\xed\x9e5\x9eL\xd5\x01,\xa4K\x02D\x0c\xf5\xfa\x07\
\xff3@|\xd6\x08\x14\xea@\x80\xf6\xb2}\xc1\xf1#\
K\xccQC\x8aM?\xdb\x16\x10<\xd4a~\x1e\xda\
;\xd2\x16\x8a\xda\xe5\xc8\xb2\xeb\xcc%\x15V\xc05\x93\
\xfb`\xb5\x04\x96\xd2\x10\x9d\xa4\x91\xb4\xfd\xe9\xdf+\xa4\
-\xf8\xf1\xb3\xcb\x87\x98\x1c\xfb^\xfc\xa1\x9c\xd0\xe4\xb3\
\x1c{\x83\xcf\xd9q6-\xe4\x17\x1bE\x98\xcc\xf0\xdd\
\x88=\x9e\x9f\xd7\x11zk6\xef\xb4\xe5\xd4N\xf2\x97\
\xba\x11\xc4\x99\xb6\x0e\xcdX\x12yf\x82\x01'\xdb\x86\
\x94\xa6\x83Z\xa8\x94\x94a @ \xd0y\xb9\x8b\x81\
\x0f+Ba\x9b\x96\xe2s\x12\xb4\x9b\x86%-:#\
,5t\x84\xf8l\x84q\xe5\x8bOK*W\xd0\xcc\
4Y\xbc\xf2\x82\x8b\xd9:V\x0e\x06/\x06\xd6\xd3m\
\x87\xcc\xf2\x06\x02\x81\xa3M\x82`{8\x030yJ\
\xcc\x9e\xbaXf\xa0l\x08<\xe9e\x15\xa1|\x11\x90\
,\xe9\x10c\xea\xe41\x11k\x95\x17\xcc\xf0\x11\x05\xfd\
\xad\x90\xa8\xb0\x02,\xd5e^\xf22\xdez\x14{\x91\
\xe7)a\xdf\x9e\x8c\x85\x8a\x8b\xf7\xc5\x0a\xfdT\xf0j\
'\xae~\xb8eq,\x99A\x90O|\xff~[\xfe\
\xec<\xcb\xe6N36RP\xdeA \xa2\xd7\x96\xed\
\x942u \x84\xc4\x0a4\xae\xb3\xf8(\x91o\xf1\xcf\
K>\xf2\xbe\xfe\xb6\xce\x9c=\xbe\xd4\x1c5\xb4\xd8\x0a\
\xb7\xed\x86\xb3\xf6x>\xfa\x83\x0e\x85\xad\x0c\xcd\x91g\
\xa4\x8e \x00\xfd@ \x8e\xec[ \xd6_g\xe1\xe6\
\xbb\x10J\xe7[\xf1\x8eh\xa7\xed\xf0\x1ae\xc0\xfd\xb1\
\x5c\xf1\xb3+\x13\xca\xa0\x7f\xd7|Y\x92\xbe\xf4\xf4\x1e\
\xf2\xba\x1f,]s\x8f\xce\xed[\x99E\xab\xab\xc4\xb2\
\xa6(\xf1\xa8\xa0R2\x8a\x9b\xb5\x05-k\xb9\x9d>\
\x9c\x9fE'Wi;\xf2\xda\x97\x0b\xb5\x07\x03\x06\x1d\
8\x1d<\x22\x04\xff\x9c\x8bN\xee\xe6\xbb\xc3\x11>Y\
X!B\xa6\xd4\x0e\xb8\x0bVUI\xac\xac\xda\x86\x01\
&h\xb9\x0f\x91\x875\x83(\xdaA\xcb~<\x07\xcb\
~Xf\xd0f+\xad\xa0\xf6\x12iM\x8f\x83\x07\xfa\
\xfa\x81\xc8`S\x03\xf9\x85\xe0\x09r\xce\x0f\x03q\xc6\
\xde\xf2\xf1\x95sp\xe6\x1d\x168|&\x1dL\x1a\x8e\
\x1e\xda\xde\x0c\xed\xd5N\x84\x14\xed9\x08\xfa\x07\xde\xc7\
\xa4\xe2\xfcc\xbb\x98\xf1\xf6\xb3\xee\xc0\xe2a\xbd\xdbI\
~ \x1e\x89a\x16TG\x98\x90\xb0\x0c\xe7\x96\x0b#\
b'Wv\x1b\x16\xe5\xb7J\x98\xaf\x0e\xdaenN\
3\xf1\xa7\xc2\x92\xe7\x07}\x16\xbb\x15\xbbvh-V\
u\x96\x22\xb5\x0e+\xf1\xa8\xa0R\xea\x14f\xa3\xf8\x87\
dq\xe2]\xaf\xa0\x03g\xf9\x8ee\xc6\x13G\x97D\
_=\x1cD\x17\xe1\x13\xb0R\xed\xd9w@v.\xd5\
\xb6\x95\x8aA\x04\xeb\x98\x17\xc4\x1b\xc2\xd2\x88u`\xcd\
\xa6\x9d2\xc8L\x1c\x119p\xda\x0b\x96\xa4\xda[\x91\
\xcd\xa0\x87e\xa2.,n\xf5\x0d\xea\xc0\x8a\x8d\xd5\xd1\
\xdf\x0e\x87%3\x84\x81[\x12\xa3\xadd\xcb2BZ\
\xf0\xd7\x0b\xe2\x941\x1de\xd3\x85[Z\xa4.#\x92\
\x87\xf5.\x10+T* \xbc\x98`\xb0\xacJ\xa8\x04\
.\x5c\x06\x10F\xdc+\xe8\x88\x1f\xda\x0f\xbeY\xb1K\
\xa5X\x82\x11\xf9\xedZ'\x17j$\x16,\x89\x88\xa3\
#\x07\x15E_\xf1\x86\x89\x0d\xcb\x87\xe8\xa8\xa5\xebw\
\x88\x7f\x9b\xa2\xc4\xa2\x82J\xc9\x0aA\xbe\x0f\x1d\x0bs\
\xe5_\xfcn\xe8\xc8\xf0\xabiJ\xd1;\x184\x18\x1c\
\xf1#\x0b\x02_\x9cn%yb=X\xb91\xe2\xa0\
\x5c[P.~\xcb?n\xb9\x0fa\x04\x0c`ev\
\x90\xc5Q\xd9\x0f\x84\x19\xbb\xbe\xb0b\x11\x1f\x88\xa0\x99\
\xd9\x5c\xbej\x08\x90oA\xfeS\xf8]\x01\xc1/\x01\
\x9d\xc0\xd2Y\xb6\xf0\x13\xcf\x80\x889vD\xb1Y\xbe\
\xfe\xa0\x00\xc4\xd2\x84 \x0a\x93&\x04#K\x81,\xbf\
\xc5Z\x95\x82\xf2e\x9c\x15>\xbc\x17A\x0f\xfc\x8c\x1f\
\x14\x82=U1\xe5\xe0\x1e\xc4I\x0bb\xf1\x9a\x1d\xa6\
\xb48O\xbc\xf77W\xec\xb1m$\xfa\x07E\x89\xa2\
\x82J\xc98,\x1b\xc4\x07\xf0\x8b\xc59X\xef\x8b\x0a\
\x04v\xfb5\xb5\xa1\x95\x0e\x9c\xe5\x93 \x98\xa53\xd0\
\xe0\xb0\xcf\x96\xff\xda\xf4\xdb }oN\xf3\x16T\xb1\
\xcb}\xc0 \x868b\xb0\xf1[\xf6\x83\xffN/\x13\
\x8b\x06\x85\xcd`\x98\xad\xe5\xab\x86\x00\xf97uQE\
`\xcc\xb6\x89#;\xc8\xa6\x00.\xf2\xb8\x8d\xad\x07X\
\x85\xb2\x01>n\x1b\xb7z;\xb5CIa+\x11>\
k7G&J\xa4\x83\x9d|\xec@LW\xc4\xf8\x81\
\xffTP\xff\xd1\xbbK[\xd9\x0c\xe1v\xf5\x91\x166\
\x80Pg\xc3\xc0\x8e\xce X\xe6\xe3\xbb\x88\xc1\x87e\
6\xeci\x0fJ\xe3C\x05\x95\x92Q\xb0l\x04\xcd.\
\x01_\x09\xacS\xc4pjf\xffG@\xccT\xbaB\
\xbe\x83\x9d<\xdf\xbd\xb0\xbf\xf9\xf6\xe7\xfa%\xdd\x99\xd6\
\xb7e&:\xe7 _\xb3\x0d[#\xf1\x95p\xf2g\
6\xbc\xc1\x0ex\xb5e\xa5bp\xf5\xdb\xb2\x1e\xbb\xdc\
\x07,\xd1\x14\x17\xe4J\xfe\x06-\xfb!\xd0\x10\x88\xa5\
\x1dr\xe5\xdea\xc2e4d\xa8\xbf\x88\xe3\xdb\x1f_\
\x1c}\xe5p\xb0\x02b\xf1\x9b\xba\xb0B~\xa7\x9d\x10\
,6\xd3\xe2\xc5\xe1\xb7C\xd3!\x96\x19KMh\x02\
\xdb\xde\xd8\xbd\x97j8\x89DP\x87\xe6%\xe8?\xda\
\xdb\xb6_\xb53\xb2\x0cJ~`\x99*\xb0m$l\
\xde`q\x0b\xc2\xc5&#\x981\x13\x08\x84_S\xb7\
\xb2*\x87\xa2\x82J\xc9(\x08\x1b\x02\xfd\x05\xc1\xb6\xea\
\x95Q\xdf\x11:Af|\xf81$\x0bg\xdf=\xf2\
\xca*\xd9&\x9f\xca\x15YZ\x8c\x04\xe5\xac/\x04\xed\
\x86\xdc\x19\xb5H9\xff\x14\x04Vm$\x9d\xfc!\x00\
\xa5\x17\xf1\xcb}\x94wi1\xe7\x17Fvv\x9dz\
d'y\xdd\x0bD\x14>8,\xcf\xe0s\xc5V\xf5\
\xc66 19`\xe9\xe8h[\xc7\xf1\x7fs:\x9f\
\xa7tAZ\x11I\xdf\xfd\xfd\xec@+\xcc%\xa7\xf6\
\x90\x01|\xd6\xb2\x88\xd0in\xab\x00\xe2;\x95v\x92\
,\x04O\xdd\x15\x15\x0b~\xe0;\x04\xdbvD\xace\
\x08\x18B\x10d:9,\xfd'JKqA\x8e\xcd\
\x9bH^R\xffzv\xce\x5c\x08\x03\xf7\x9c^\xb8`\
\xa7\x94\x01\x17N\xea\xaa\xa7\x94XTP)\x19\x83\xd9\
\xe5\xa49[\x03}1:\x16\xb6\x928M\xb1\x82\xaa\
M\xae\x7fdu/\x18h\x08+\xc0q.\xa9\x5co\
O/\x13\x91\x82\xb37\x9dc}\xe8\x0c\x83:p\xb7\
\x04\x83\xa3-;\x9f\x22\x1dx\xf6\x13\xcd\xe0\xf4\xda\x14\
oA\xe5\xb5\xdcG\x9c,g!\xc4\xe9<h\xd9\xef\
\x8d\xa9\x91e?\x0c\x1b\xf8\xe34\xa6e?\x17J`\
\xfc\xd0b;ih/N\xe5\xe4%N\xdcD\xbd'\
\xf6\x18G\xc4pF\x9e\xf3\xff\xf1\x82\x1dlD\xa0\xe7\
~\xce\xaa\x8aXE\xc8&c\x89M\x15\xca\x90(\xf6\
A\x94\x14\xb0\xdbp\x9f\x08`\xace\x85ms\xa4\x0c\
\xb3A\x90\xd0\x04v>:k\x11\x90\x16\x9e!\x13\xb8\
p\x16^\xb8\x09\x0e;\x12\xb12\xc6\xa6AQ@\x05\
\x95\x92\x16\xb13e7\xc4\x13\xfd\xf9\xae'\x97D\x7f\
\xf3\xe6\xcbg\xf4\x94\xe5\x8ee\xd1 z\xdc\x87ch\
\xb20N\x1c\x06\xf1fZ\xb5lf^\xb7\x83\xfa\x8b\
\x936\xc8\x00Q\x97 &\xdcR\x8a\x1fl\x99g)\
\x82\x03^I\x7f\xb6\xe5\x14\xf7g\xb0\xf7;\xce\xc5k\
\xb9\x8f\xe0\xaen\xa0O\xb4\xec\x87\xe5\x8b\xad\xf6\xdd;\
\xb6\x91:\xb0{o\xe3\x19\x94X\xea>\xef'\x1f\xc9\
\x99\x82\xb1\xd7\xa5\xb7N1\xd7\xffe\x9e\xf9\xfd\xbf\x96\
\xf9\x9e\xb7\xe7\xf8\xe6g\xfa\x98\xcb\xcf\xec)\x87j\xbb\
e8\xc4\x14y\xdc\xb1({\x07\xf3R\xb7\x82\xa0\x9e\
n\xdf\x19)+\x82\x96\xa6jUN\x16\x04(\x16\xb3\
 \xb0\xd49\x7fB\xd2\x80\xc0\xc9TR\xf2\xf3\xfc\x05\
\x15\xd69\x90eN\x9bD\x04\x95\x1e\x85\xab\xc4\xa2\x82\
JI\x08\x1d\x07~\x0b\xceg\x89%\x8d\xd8\xd9\xe9z\
;\xf8\xde\xf2\xd7\x05\xe6\x17\xf6\x0a:\x03\x8c\xd83g\
\xd8\x99\xf7\xe4y\xe5\x12Q\x1d\x88t\xdc\xb9}^\xc6\
L\xf6\x89`\xbbv\xc4\xa1to\xf4\xd0\xdd\xba\xeb\x10\
\x11IXt\x82\xa8\xb6\xa2/\xb7U$\xb3E|d\
;\xb9\xf6\xfe~\xb1\xa7\xdcr\xdf\xf2\xf5\x111\xec\x96\
\xfb\x88'\xe6H\xb4\xec\x87PCH\x0d\xea\x19\x89\xaa\
\xbf\xa6\xacn\xcb\xa0\xbe\x80U\xeb\xce\xabGH\x04w\
\xa2\xe3c\xe9u0\x80\x1f\xd1\xaf\xd0\xb6\x95\xect\xd7\
\x94Y\x22\xab\x10\x96T|\x1e\x01\xf1\x82%'\x0bz\
J\xeaT\x22k\x19\xce\xe3N\xdc\x90\x84\xdcVVP\
\xc9O\xe1\x09\xb2\x18\xc7Z\xa4h\xbbM\xd5\x07P\xf1\
G\x05\x95\x92\x10|\x968\xa4\xf4\x8e\x7f,\xae\xb9~\
\xfe\xf0\x02\xf3\xb5;\xa6\x9b3\xaf\x9bd\xber\xdbT\
\xf3\xee\xac\xe0\xf3\xbf\xd8\xd9w\xc3e\x83\xc4\xe2\xe2\xfc\
B\xe8\xc8\x09\x08I\x0c\x99\xda\x00\xcd\xc6n&\xc1\xfe\
\x5c\xbe\x0d\xa7\xd2\xc8\xafu\x85s\xf2\xf5\x83\xc3c\x09\
\xe8\xc8Dxw-X\xa8\x18$_\xfbxc\xf4\xb7\
Ca\xb9\x0f\xf1\xe3\x8e\xe8\xe0\xbd\xb1\xcb}\x8eD\xcb\
~\xaf~\xb2I>\x87\x98F\x9c\xb1|\xd2T!X\
&\x87f\xdfr\xd5\x10Sj\xf3\xed\xf9\xf7\xd7\x9bi\
\x8b#\x8e\xe8\x80u\x923\xe4\x22G\xd5D_\xcc\x02\
\x89\xca\x80\xbf\xbb\xa0\x9f\xd4\x01\xacB\xd9\x22QZ\x9c\
\xd5V\xb0y\x92\xc9\xfecG\xd4\x0a\xe7\x05K\x8b\xb1\
\xe0\xc7\xa5\x06*%\x16\x15TJB\xe8\xe0\x88ID\
pFwq\x80*K?\xc9\x0c\x86\x0c\xb87_1\
D\xc4\xd3\xbf\xde_W\xe3\x17\xc2\xeb\x0c\x16,!\xa4\
\x02\x9fc\x07\x14~&\xa9\x5c\xf8\xb5\xc4\xc6\xf4\xa9\xeb\
\xbe\x90\xe5\x8a\xa0\xa5\x16\x9e\x93\xcbu\xda\xc9\xe4u\x18\
\xf8\x1evXq\xc4\x89\x17,\xf7\x11\x99\xda\xcd\xd4\xe3\
\x97\xfb\x1c\x0c\xb8A\xcb~\xef\xcd\xdc,b\xbaWi\
\x1b\xb3jcu\xc2\xe5\xa6\xc6\x0a\xf9\xf6\xbd/\xf6\x17\
q\xc9\xf2\xdeco\xac\x96c|\x1c\x88\x06\xea,\xa2\
\xcbmL\xc8\x16\xf1e\xe8\x05\xbe|\x10Yf\xcb\x8e\
\x85\x0a\xe2\x85K<;\xec$\xc4YmI\x02>\x98\
\x99JK\x90\xa5./7\xf2\x9d\xce\xffRw\xf8)\
\xf1\xa8\xa0R\xb2\x0a&\xf4{\xbe=BB%<\xf7\
\xde:\x09\xee\x08n@%xa\xa2\xe3*\xe2aY\
\xe4\xc7\x17\x0f4\xd7]4 \xa5\xabsq\x9e\x994\
\xf7\xe0RJ\x96\xc6\x83\xa4a\x0c\x0bZ\xde()\x8a\
\x84T\x08ZF\xcd(6=,7y\xe1\x96\xfb8\
f\x06\x18\x80\xe3\x97\xfb\x1c,\xdf\x06-\xfb!\xd88\
(\x9a\xf3\xd6X\xf6[\xb5\xa9i\x1eE\xc33\xff\xbf\
\xdf\xcd4\x93\xec\xe4\x84C\x81\xc7\x0c\x88D\xeaF<\
\xb1\xa46~X\xb1\x1c(\x9ch;\x7fXHG\x22\
\x11S\x19]b\x03\x9a\xab,\xf9e\xa1\x051\xd9r\
q\xea\xfc \x5c\x01\xa1D\x1c\x99\x14vA\x82\xca\x85\
8i\x8auUI\x0e\x15TJV\xa0S\xbc\xf0\xc4\
n\xe6\x81\xeb\xc6\x88\xcf\xc3\x93o\xaf5k\xa3\x8e\xce\
\x0c\xb8t\xc8G\x0eJo\xe6\xcd\xbd9\xae\xe6\xee\xa7\
\x96\xa4t=\xf8\xd2\x8a\x1a\x01C\x9f\x98-?\x90T\
 @\xa1\x1f\xad[E\x06\x16\xe7\xf8\x9a\xaa%/U\
\x0e\xd8Ly{\xba\xff\xd9}\xc9,\xf79\x92\xd9\xed\
\xd73z\x90\xee\xb2u\xec\xf6k\xf8\x83\xd4\x90^\xed\
\xcc\x0b\xb7\x8d7\xaf\xdfy\xac\x5cO\xdd|\x94\xb9\xf5\
\xaa!\xb2k\xcfO$ .\x7f\xf6\xf0\x02YV?\
\xe1\x88\x123f`\x91L>>o'\x0d#\xfb\x16\
f52\xba\x83\xfa\x95H\xc4`\x15\xaay\x8f-*\
\xa2\xf7\xd7\x15\x9ck\x99\x97s0\xbd\xce\xe2\x9d\x09\x88\
\x80\xee\x87+\x0b\x96\x1c\xa9\xff\xb5\xe5\xf7\xa94\x1cT\
P)\x19\x83\x0e\x87 \x9b\x9cH\xff\xc4M\xe3\xcc\x95\
g\xf7\x92\xf3\xaf\x1e\x7fcu\x8d\x90\xa1#\xe2\x0c\xaf\
\x13\x8f\xe8(\xd1\x97\xc3\x0a\x1a\xac[X\xbb\x10f\xa9\
\x5c\x0c\x0e]K\x22g\xa5\xd5%K\xa3\xf1\x9c\xbcp\
\x91\x9b\xabvF:p\xc4G\xb6R\x8b\xa0\x99\xb5t\
\x9b\xef\x0c}\xcc\x80B\x19@\xbeq~\x9f\x9a\xcd\x09\
XO\x82\xf2o\x9c\x15\xcc~\xe0t\xcd0\xd8\xaf[\
\xbeD\xdff\x90j\xe8\xb04\xc7\xceM\x96\xc4_\x9f\
\xb2I\xe2nu\xb4\xc2\xf2R+\xa8\xfe\xf0\xddQ\x81\
\x91\xf1\xff\xf8\xfcr\xd9yz\xec\xf0b\xf1\x97B\xec\
S\xafk\x87f\x12W*\x08\x96\xf7\xa9\x8f\xb4\x1d\xca\
-\xe2\xcf\x97y\x11\x8c\xb8K\xb4Q\x03\x87\xf4\x9c\x9c\
H\xde\x90\x02\xe2Veb\xf5\x8d:\x18d}r\x16\
c\xb7\xe4\x9d\xc9\xdd\x85J\xe3@\x05\x95\x92\x10\x06\xcd\
x\x9f\xa5s'\x94\x9a\xcb\xce\xe8i\xbe~^oY\
~\xc3\xb1\xf6\xdfvv~\xf75#\xc4\x9a1}q\
\x85y\xe8\xe5\x15rj|\xac\xcf\x14\x03\xc5q#:\
\xd4\x1c\xfc\x1a\x1a{\x8b^\x9d\xdb\xc8r\xc9X;\xbb\
O\xe6\x1a7\xb8Hv\x1brlF]BpK?\
\x7f%\xc0\xe2\xc1\xf6p\xb7\xbbJf\xc8Y\xea\xc0\x11\
K\x1c\x0d\xe3\xc7?\xfe\xbb\xd63Xj\xd0\xf5\xee,\
ok\x17\xb0\x8c\xc9n\xcfAVd\xb0[\x0a_\xaa\
\xc6\xb0\x94\xb2\xdb>\xcb\xdc\x15\xdb$\x16\x1b\xcf\x8f\x93\
\xf9__]%\xfe6w~kx\xe0.2DU\
Y\xc5\x1eSR\x90kf\xdb\xcf\xd7\xd6.2&%\
l~\x08\xc2\x1d\x91\xd3)**\xb2UV-\x9a7\
7m[\x07[\xcb\x10\xfd\x85m\x22K\x94\x08)\xda\
Q&p\xfe\x95~\x0c\xe9\xd9\xcel*\xdf-\xe5\xc2\
rg]O\xc6\x94\xfa\x87\x0a*%!^>K\xd7\
~\xbe\x9f\xf9\xd2)\xdd\xcd\xe9Gv2G\x0c(\xb4\
\x9d\xcc\x01\xd9n\xff\xe8\xeb\xab\xcd\x83VH\x11\x94\xd0\
Y\x1d\x98\xc5!\x06\xf0\xc39\xef\x98.2S\xcf\xd4\
\xec\x9b>\x0d_,N\x8a\xc7B\x90\xcc5v`\xfb\
\x88\xefV\x1dv\x88\x0cH\xeeX\x11?F\xf5+\x90\
\xb0\x02@\x07\x9e\x97\xcb\xf6\xf0\xec\xc0\x12N\xecV\xfd\
x(O\xaf`\xa9A\x97_,+\x07\x82\x83h\xe2\
\xf8a-^\xdb\xb8v\xfbQ\xe79\xfb\xae(?G\
\xac\x7f\xafL\xde$q\x9c~r\xc9@\xdf\x81\x98]\
t\xf7<\xbdTD\x17\x87M\x13\xf8\xb46\xf2\x84(\
\xecX\x96\x83`\xa9\x17!A\xfc0p\xa7\x0ed\x1a\
\xd22\xb4WpZ8x\x9d\xa3\xa7\xdc\x12$\xf9\x16\
\xd6Z\xb6\xcf\xdecf\x82\xe3w\xd8@\xb3)\xc6\xd2\
\x1eq\x19\xa8\xbb>D\xa9\x7f\xa8\xa0R\x12B\xc7E\
\x07\x1a\xef\x93t\xef\xb3K\xcdC\xffY)\x83\xe7\xcb\
\x1fm\x10G\xe3\xd8\xa5=D\x13A\x1c;\x15\xe5\x8a\
\x83\xed9\xe3Ke9#\xd33;\xee\x87\x7f\x11\xdf\
\x97\xecU\xd7\xfd i&r\xb6\x1f\x08P,Tk\
\xcb\x22\x87\xd12\xd0D\xce+\xcb|\xc2\x19\xb3?\x9e\
_Q{\xce\xefQ\x10p\x0c\xd2\x1cE\xb3\xa9|W\
Mx\x88\xc6\x00\xe5\xcb\x00\xfc?'w7_>\xbd\
\xa7\xf9\xfc\x09]%d\x07V\x0e\xac\xbd~L[T\
a\xe6\xae\xa8\x92I\xcaG\xf3\xb6&\x0c\xab\x91)8\
'\x90S\x0c\xfc`\x99\xeb\xa3y\xe5r\xca\x01\xcbr\
l.\xc9VY%J\xcb\x94\x05\x91\x89\x08q\xedH\
\x0bi\x0b\x9b\x96\x96\xb6\xbdM\x9e\x1f\x89t\xef\x05\xed\
\x91\x89\x1bG'\x81\xf3\x03U\x94XTP))\xc1\
\xf2\x00\x83E\xac?\x12\xa2\x89\x7f\x11*\xfc\x8b\xaf\x0f\
\xfe\x16\x08\x823\x8f\xeal>w|7\xd9\xc5\x840\
\xd3\x09]d\x99\x82\xe3H\xdcQ%^\x90w\xe4\xe5\
\xea\xa8\xa0\x02\xa2Ug#\xfflq\x06.\xcfe\x0b\
\x06\xc2wgn\x91\xa3hX\x16\xc6O\xa71mE\
\xa7\x9d0\x10\x13'\x89\x1db\xbd:\xb76{\xeds\
\x22\xb0\xf8\x9b\x1fO\xbd\xb5V\xca:\xbfu\x0b\xb1b\
\xd6\xd6\xd2\x1fu.\x08&\x00\xb4k&EXj\xb2\
i=\x1bhE\xb6\x1f,\xf9\x11^\xa2\x7f\xb7|\x99\
` :\xc3V\x1b\xeabP\x14{\xf2\x862\xe3\xfc\
I\x07\x91\xeb\x03\x8aQi\x82\xa8\xa0RR\x86xR\
8)\xc7\xfa%\xe1\x17\x85\xef\x14V\xa8K\xed\x80q\
\xe1\x09\xdd\xc4\xf1\xbcO\x9762\xa0\x04\x0d M\x0d\
DQ\xa2#z\xf0S+\xb7\x03\x87\xb3\xf8\x91\x7f\x0c\
\xb2\xa9\x86\x98H\x06\xc4L\xd0r_6yo\xd6\x16\
\x19\xa0\xd9\xb6\xcf\x19\x8b\x99\xdc\xb1U\x9f\xa0\xd8\x9c\xc0\
\x22\xdcD\x90\x95\x8a\x18o\xc4\xfb\x1a\xd5\xbf\xc8,\xb2\
yBT\xffl\xebL\xc4\xd1\xe8h\xd8\x06?\xb0\x9e\
q\x06\xe7\xc4\x11%f{\xf5>\xd9i\x9b\x8dt\x91\
\x96\x91\xfd\x82\x97\xfd\x9eyg\x9d\x15Tm\xc5\xf7\x0b\
+n\x18!\xceG\x9f\xb6\xf7s\xce\xe6^\x9csL\
\xa9X\xe5\x5c\xd8\x17\xba3\x0e\x87\xd6\x9d~J,*\
\xa8\x94\x94`\xe9\xa9[I\x9e\x19;\xe8\xa0O\x12\xe1\
\x0fX\xde`\x16\xd7\xab\xb4\xb5,Ma\xb5\xc2b\x95\
\x0d\x01\xd0\x90\xa1\xdb\x7f\xea\xed\xb528\xf9\x81\xaf\x19\
\x03\xee'\xd1\xa5\x0d\xb2\x90\xe5\x05b\xefd:;\x19\
\xbc\x88=\xe57\x98\xf0\xbd\xb1\x9b\x11R\xbdx\x0eD\
\x84\x1fX\xe9X\xea\xe3(\x1a\x9c\x82\xb35H\xd7\x17\
(?|\xaa>7\xb1k\xf4\x15o\x9e{\x7f\xbd\xe9\
\xd7\xb5\xad\xec$\xe3\x8c\xc0l\xfbR!\xf6N\xb3\xe5\
\x15\xb4\x8cE\x1a\xeeyj\xa9\xd4\xcf\xd1v\x12\xc5\x01\
\xd9\xd9H\x17i9el\xa7\xc0I\x18\x81\x86Y~\
\x9b0\xac\xd8l\xa9\xda\x9bvpXveV\xed\xdc\
'a+\xfc\xc0\xbax\xdc\x88\xe2\x9a\x13\x1e(C\xda\
bM\x18\x09E\x89\xa2\x82JI\x19\xcc\xectv\xb1\
>I\xfc\xce\xa5\x02*\x987\xa6\x94\x99\x07_Z\x19\
\xfd\xcd\x9bKN\xed!;\xfb\x18H\x81|e\x10\x0b\
\x1a`\xd2\x85{b%\xf2\xe3\xd6\xaf\x0e9d3B\
\xaa\x17\x9b\x19\xae\xfdB\xbf\xe8\xdd\x0e\x07\x87\xe2\xf7g\
\xb3\xec\xd7N|\xb9\x9a\xc2Q4X5\x88\xd1\x15\x14\
F\x81\xd0\x0bl\xea\x18\xd6\xbb\xc0,X\xb5\xdd\xfe\x9c\
}_*\x84\xefYGw\x8e\xfe\xe6\x0d\xbb\x17\xff\xf1\
\xdf5\xe6\xe8!\xed\xa5\xdd\xa7\xe3\xe3\xe5\xacIX\xe1\
\xfc`\x07.!$\xfc\xa0\x8e\xdc\xfb\xec2\xd9-|\
\xcc\xd0\xe2\xb4\xad\x9b\xa4\xe5\x86\x07\xe6\x05>\x07\x13\x03\
\x92\xec\xda#g+b\xa5\xcfF{T\x1a6*\xa8\
\x14%\xcb\xd0\xd1c\x95` \xba\xfd\x89E\x81\x82\x01\
G[g\x9dr\x03\x0f\x1d7\xfe\x22X\x073\xcd\xee\
=\xfb}}\xb9p\x0cf@\x7f\xe5\xe3\x8d\x87mH\
H\xf6\x9a<\x7f\xab9~TI\xa0\x95\x8a\xdd\xa18\
\x22w\xb0\xdf\xd7\xd8v\xfb\xf9\xc13\x9eu\x94\xbfx\
\xc1b\xf8\xaa\xcd\xf7\xa1\xbd\xdb\xd9\xc1\xfc\x80\x08\x86\xda\
\xc8\x97\x0bO\xec\x9aP(0!\xc0\xa2\xc3\xb18\x1c\
\xd8\xed\xce\xf8K\x06\xaa4\xe7\xe5q\x1e\xe8\x15\xbf\x9e\
&\x81m\xf7\xdb\xf6\x81\xc3~\xac \xe2\xe7s\x8e\xe9\
\x12\xfd\xcd\x1b\xea\xed\xfd/\xac\x88\x9cuX\x94k\xf3\
,y_*\xf2\x926y\xdb\xa3\x0bk\x84\x92\x17X\
\xec>wBW9\x92\xc9\x1d\xe8N\xf6\xe0\xe3\xa5\x82\
J\x89G\x05\x95\xd2 \xc9\xc9i.\x83=\xcb\x8c\xed\
\xdb\xb5\xcaZ8\x01?8\xe1\xfe\x98a\xc5v\xa6^\
,\x9dy\xbca\xce\x0d\x0et\xdaoM\xdfl\xae\xf8\
\xcd\xb4\x84\x96):\xef\x9f]>X\x8e\xd6\x88\xb5N\
1\x1b\xe6\xca\xb4\xf5\x8f\xf1\xf9\xbf6m~\x03\xe2D\
+\x84x\x0e\x96v\x00\xcb\x0a\xc2(\x95k\xe5\x86\x9d\
\xe2C\xc7\xd2\xb0\x1f,\x7fn\xd9\xb6GbRa\x99\
\xe3\xf9\x93\x1d\x18\x1b*\x94\xeb\x99Gw\x0e\x5cb{\
\xfe\x83\xf5\x12zaP\xcfv2\xa0\xef\x89\x0e\xe8\xd9\
\x82\xeaUd\xdb\xd2E\xa7t\x8f\xbe\xe2\x0f1\xb3\xae\
\xff\xcb<Y2\xa3\x9c\x83\x1c\xe7][`\x17\xe9?\
\xdfZ#B\x0a\x0b\x1c\xb0l\xb7j\xd3N\xf3\xc4\x1b\
\xab\xcd\x87s\xb7\xd6\xbc\x17\xeb\xd7\x98\x81\x85\x09\xc39\
 \xecn|p\xbe,\xbfq\xa6_\x22\xd1I{\x04\
\xea\xd8\xb7\xee\x99\x99\xf0Pw\xceZ\xcc\xb5\xcf\xe7&\
\x1d\xb4\x81\x12\xdb\xde\x09>\xaa\xc6x%\x1e\x15TJ\
\x83\x03\xb1\xc1NBL\xf1\xa7\x8e\xed$>]\xa9:\
\x87\x86\x99\xed\xf3\xfdU\xd5{\xc5\xc7\x05\xa7{B6\
Tn\xdf'\xa2\x80\xd8A\x84\x8f\xf8\xb7\x1d\x0c\xe9\xe8\
/\xb8a\xb2X\xa5\x12\xc5db\x80\xbd\xf9\x8a\xc1\x12\
\xb7\x88\xcf:\xeb\x14\x03\x0b;$sZf\xbe\xf7&\
\xcb\xb0\x0e\xf9q\xfc\xa8\x0ef\xc5\x86H\xfc! \x8d\
8\x02\xb3T\x95\xec\x85\xe5\x89\xa5\xab\x89#\xfd\x0fK\
\x06\xfc\xb8\xb0\xc2Q,Ma\xd9\x0f\xa87A\xce\xe9\
\xd4\x99\xc9\xf3\xb6\xcaQ4U;\xf6\x89\xf0p\x82 \
k\xd8zw\xd9\xe9=\x12\xee\xf8\x03D\xc6Wo\x9f\
n~\xf5\xe8B\xd9\xadI\xfd\x8f\x05\xab\x13m\x85\xb2\
\xe5=\x17\xffb\x8aL*b\xc3sP\xcf\x09^K\
pNNU\x88-w~\xbe\xfe\xd2\x81\x81\xa2\x13\x08\
/q\xa5\x9d\xb0\xdc\xff\xe2\x0a\xb3p\xb5\xbf\xb5\x09f\
-\xdb&\xd6\xb1+\xad\xa8#\x92}\x10,\x7fRo\
\x09x\xeb\x96\x04i\x03\xc3l\xde\xd0.\x15%\x9ef\
\x07\xb0'+M\x9e\x1f\xfca\x8e\xef\xb6a\x22\xa2\x13\
\x19\xfd\x91\xff\xac\x94\x8e\x04't,\x0e\xd9\xecT\x82\
\xd2\x13\x96Q\xfd\x0a\xcdo\xbf5\x5cf\xc3T\x7f|\
\x22\xe2g\x9b\xd9\xfc\xfex\x98]\xe3o\x84\xcf\x08g\
\x1e\xbaX7t\xde\xf8\x88\x9c=\xbe4\xf0\x80\xdcD\
e\xf7e;@\xb2\xfc\xc6=8+\x8e\xf2\xa3\xec\x18\
$\xbep\xd3\xc7\x9e\xe2\x85\xe5\xbe\xc7o\x1a'\xcb}\
\x0c\x8a\xa4\xa5g\xe7\xd6\xe6\x8cq\x9d%\x9cC* \
\xdc\xc8\xeb\xcfZq\xe9g\x0dC|\xdd\xf7\x9dQ\xe6\
\x99w\xd7\x9a\xed\xd5\xfb%~\x13\x96\xadT8\xed\xfb\
\x1fD\x7f:\x9c\xbb\xae\x1e!K\xa6XF\xd80q\
\xd1I\xdde\x87X\xaaV\x86L\xb6\x13z^\x82T\
^u\xfb\xb4\xe8+\x873~h\xb1\xb9\xe5\xaa!\xe6\
\xb9\xf7\xd7IpW\x06y\xd2\x1fO\xbau\xc0\x0b\x04\
4q\xe7\x10KA;\xdf\xfc\xa0\xeep\x98r2K\
\x81\xbf\xfb\xf6H\x09\xcaI\xb9\x90\xb6\x8bO\xed!\x93\
\x0a\x07\x017\xdf\x9f\xbd\xd5\xfc\xd2\x0a\xb2da\xc7(\
>\x87\x081\x04=\xd6(6<\xb0\xbc\x98l\xac5\
,c\xb7}}\x98Y\xban{\x8d5\x0d\x0b1\xcb\
\xd2\x9f\x9d\xd8\xc5\xb4\xcd\xd3\x18T\xca\xe1\xa4\xd6c)\
J#\xc0-\xa71\xb3}}j\x99\x1c\xb6ZW\xe0\
\x9c|\xef\xb5#\xc5\xc9\xf7\xe5\xc9\x1b\x0f\x09\x1cX\x80\
c\xee\x88\x0e\xb2\xa4\x92i\xb0t\xb0S\xca\xcf\x124\
\xc1~o\xfcr\x1fG\xfc\xb8\xdd\x9b\xa9\x5c\xb2Th\
?\x17\xb4\xec\xc7\xd1&<;A>\x11z\x1b\xcbw\
\xd5X\xe9\x1a+\x889Dj\x905\x88:\xba\xce\xe6\
\x0b\x03\xfc\xba-;\xc5\x0a\x94\xedl\xc1rVdE\
\xc9=\xd7\x8c\x90\x1dn\xa9\xc2qJ\xc9\xfaU!|\
\xdc\x01\xe1<\x16\xfeT\x87<\x9f\xcd\xa3\x13G\x97\x98\
o~\xa6\x8f\x88\xfad@4\xd1\xc6\xb1\xa0!\x86X\
R&\xc6Y\xb2b\xea\xd8\xe1\x1dDLm\xae\xdc-\
\xcb\xf5\x0e\xea0\xbb\x0a\xdd\xa1\xe5\x8a\x12\x8f\x0a*\xa5\
\xc9\xe1:\xfb\xea]\xfb\xcc\x8a\xf5;\xcc\xf4\xc5\x955\
\xbe\x1b\xb5\x05V\xa9\x0bO\xecf\xee\xfd\x7f#\xa5\x83\
~\xe2\xcd5\xe2x\x0c\x0c\xb4\xbcv\xc2\xa8\x8e\xa6C\
\x1aV\x94Dp?DN\xd0r\x1f\x83\x0a\x87\x16\x1f\
\x5c\xeec\xf0o\x93\xb6\x1f\x17\xf9\x9bh\xd9\xef\xbf\xd3\
\xcaL\xdf.m\xe5g\x8e:\xc1?\xa7\xb1\x83\xa0=\
\xf7\x98\xd2\xe8o\xdep\x1e \xf9\xc2\x80>?nY\
,\x1bP\xc6\xec\xe4\xc5o\xefO\xdf?BD\x7f6\
\xc0R\x865j\x9d\xadg~`=&$\xc2\x05\xc7\
u1\xb7^54\xeb\xa1\x0a>c\xbf\xe7\xa6\xaf\x0c\
2\xab6UK\xe8\x0aW\xff\xb1\xca\x12\x1b\x0b\x8bq\
\xaa\xee\x05J\xd3A\x05\x95R/\xa9\x9d\x83\x8b\x9b\x89\
\xb8b\xfbv\xbcoJ\xb6\xbe\x9f\x0e\xf9\x9a\xcf\xf65\
O\xdc4\xce|\xf5\x9c^f\xd6\xd2m\x22\xa6\x88\xfe\
\x0c\xe8\x95\xdc\x9c\x16f\xc2\xf0\xe2\xcc\x1d \x1d\x07w\
dI\x86-\xf0^\xb0d\xc2\xe0\xe1\x0e\xc4%\x0d8\
\xde\x87\x89\x83\x85\xa5\x0aA\x15dm\xe3\xe8\x0f\xce\xf5\
cYe\xc5\xfa\xea@G\xe7\xc6\x02y{\xf2\x98\x8e\
\x81~BX\x12\xa9\x9d\xf8\x98-Y\xb3\xa3VB(\
P^\xb4\x0d\x96\xe3\xee\xb9f\xa4,\x1b&\xf2eJ\
\x16\xea\xc0%\xa7\xf50\xbf\xfa\xdaP\xb1\x1c\xad\x8d\xfa\
\x17J\xd5\xf2\xa8_\xadr\x9a\xc9\xa1\xd1\xecx|\xe0\
\xba\xd1\xe2;\x99\xe9v\x81\x1b\x00\x96b\xda\xe6\x8c\xa5\
\x95\xe6?\x1fm\xac\xa9\x7f\xe4\x05\xc1g\x09|\x9a\xea\
r\xb7\xd2\xb4\xd0\xda\xa1\x08\x98\xf9\xeb\x0b\xf85\x9d<\
\xa6S\xf4\xb7\xcc\xc32\x03\xec\xda\x1b9\x03\x0cKU\
\xac\x9c\xca\xe4\xf7\x13\x06\x01\xbf\x17\x0e\x93\xfe\xb3\x9d\xed\
?\xf4\xa31\xe2\x88<gy\xa5y\xe0\xa5\x15r\xe4\
K\xac\x03:b\xe6\xa4\xd1%fp\xcf\xe4\x1d_S\
-;\xb4\xe3\x14\x9fP\x090qT\x07\x19\xd7\xb0\x12\
\x013\xf2\xde]\xda\x86\x1e\xc4\xb0\xb0\x8c\x1f\x1a\xbc\xec\
\x875\x82\x1dT8)s\xccG}[\xf6\xcbF;\
\xe1\x9e,k\xf9\xc1R\xd5\x5c+~\xbbv\xc8\x930\
\x05^\x0153\x9d.\x843\x02\x9a\xe5\xd7e\xb6\x1e\
p\x10\xfa\xa37\x1c)\x07\xa5\xa7\xb3\x0c\x08\xf8V!\
\xcc\x1e\xbb\xf1Hq|gI\x0e\xeb\x9b\x03\xb1\x82h\
\x8b\x17\xed\xcewi\xf9\x86\x1d\x92\x1e\xfc\x0d\x1f\xfe\xf1\
\x18\x11VaD\x1e\xc2\x8eeh,_\xf8T\xf2\x5c\
\x04\xdd\xc5\x89\xde\xd5;\xd2\xc4\x01\xde\xa7\xd96\xabK\
}J\x22\xd4)]\x91\xe5\x18f\xbd\xd3\x16U\x1e\x12\
l\x8f\xf1\xb3w\x976ft\xff\x22\x19\xdc\xd8}\xc6\
 _\x1bN\xe9\xc0\xd1+\xecl\xca4\xe2\xb4j\x07\
'\x04\x0d\xb1e\xd8\x9a~\xe5\xd9\xbd\x0es\xfcN\xf5\
\xfb\xe9\xf8\x11\x1d%E\x910\x0e\xed\xda\xe4\xd48V\
s\x84\x0c\xce\xb1\x1c\xdd\x11\x1f\x84\x90\xcf\xb5l\xd9\xcc\
\xf4\xb0\x1d\xf7\x84\xe1\x1d\xc4\x916Y\xf1\xc2\xc0J\x5c\
\x9f\xa9\x8b*\x0e\x0b\x94\xd8\xb7k\x1bs\x84-;\x1c\
r\x9f~gm\x8dC2\xa1\x1e\x18\x98p8\x8f\x8d\
0\xcdW\xf6\xe8\xdc\xc6\x1ci\xdf\xc3\xe0\xe5\x9cq\xf9\
\xdc\x17O\xea\x1ez\xf9Q\xea\x99\xfd^\x02\x89\xe2\xf4\
\x1c\x0f\x16\xb9\xe3Gv0\xcf\xbc\xbb\xcel\xb0\xf5m\
h\xef\x02s\xc2\xa8\x92\xa4\xea\x19\xb9\xb9rC\xb5\x99\
\xb9\xa4Rv\x979\xc8\x7f\xc21\x8c\xecW(\xcf3\
w\xc56\x11v\xe98\xa5g\xab\x9d\xd0\x03S\x0f?\
\xb6\x02c\xb5\xad\x1f\xb1Z\x89\xdd\x9d]KZ\xdb{\
\x17\xcaw\xbe6e\x93)\xb5\x82\xf3\x82\x89]k\xea\
k:u \xc8)=\x16\xeeM\xdd\xfdpn\xb9\xec\
h\xc5\x97\x8b\xcf\xf1=\x1f\xcf/\x17\x0b+u\xa9\xac\
r\xb7\xd9\xb5\xfbS\xb1\xb4\x22L\xf2r\x9b[\x01\x95\
+\x82g4\xc7T\x0d*\x12aB\xe8\x879\xb6\x0c\
Xf'D\x86\x03q3\xcc\xde\x9b#\xac\xfc\xd2\x85\
\xc5\x88\xa3x\x16Z\xe1=\xb2o\x81X\xec\x00\xc17\
\xc3\x96;i\xe1\xfb\xb9\xc8\x0f\xd2\x05\xaeM\xd2\xeeI\
\x0fgG\x8e\x1b\x5c$\xbek\x08&\xda\xf9\x07s\xb6\
\xd6,\xb9;H\x13\xcb\x9d\xa4\x09'\xf40u_i\
\x1a\xa8\xa0R\x04\x96\xbc8\x02\x04%\xe0:t\xba\xeb\
\x0a\xdb\xe9\xb1\x13i\xfa\xe2\x0a\x19P\xe8\xec\x18$\x92\
\xed\x90\xd3\xc5u\xe4\xe2\xa4\x1a}-S\xb0\x94\xc1\xc0\
\xcbr\x03\x9ddQ~+s\xb1\x9d\x813\xd0:\xd2\
\xf9~vDqo\x06G\x06\x0e~f\xa9b\xa3\x1d\
d]P\xc0X\xc8?\xac?\xed\xf3s$\xa6\x16\xf1\
\x86\x18\xf0R\xed\xb8);D\x04\x9f\xf3*;\x06\x1b\
\x06#7\x98R~\x88\xb8}\xf6\xcdX\xe7\xdcg\xf8\
Z\x06!\x06\xcb\xc9\xf3\xcae\x96N\xfa8{\xee\x82\
\xe3\x0e\x0e\xe0a _\x19\xdc\xa5\xee\xc4<(w\xae\
\xac\xdek\x96\xaf\xab\x96#>x_{[.XF\
b\xcb%\x08\x9e\xa3b\xfb\x1ey6\x1e\x89\xbb\xbb\xef\
c\x10v\x03f\xba\x82\x0a\xb2\xd5NH'\x0e\xe7\x0c\
\xe2\xd1\xdb\x0a|\x92\xb0\x028\xa6s\xde\xa2+\xc7\xff\
\x89K\x7f\xaau \x95\xf6K=\xd8\xb6c\x9f\xf8\xdc\
m*\xdf%\x02\xaf\xa7\x15\xbf\x08`b\xc0%\x02\xa7\
\xf3\xd5\x9b\xaaerB\x9bsKi@z\xf1\x93\xc2\
9\xff\xe4\xd1\xc1K\x9f@\xde\x92\x17oM/\x93\xdf\
\xbb\x14\xe7\x99n\x1d\xede\xd3\x14\xbb;0\x08\xda&\
u\x9c|!=n\xb9\xddA\xbe\x90O#\xfa\x16\xca\
2_\xaa\xbbM\x95\xa6\x8b\x0a*E\xa0CGd\xb0\
\xab\xc8k\xf0w0\xa3\xc3\x17\x86\x99j\xa6\xfd\x18b\
\xa1V\xb2\xab\xe9\xc5\x0f7\x88P\xc9V-\xe5\x19\x98\
y\x9fy\xd4\xa1\xe1\x002\xfd\xfd\x0c\x1c|\x17\xce\xbe\
@\xa7\xcd\xa0\xc4\xd2\x1e\x03\x14\x96\x88t\xf3\x93\xb2\xc3\
\x1f\xea\x83\xd9[\x02\xcb\x8eA\x82]\x83\x94\x1d\xa2\x83\
]L,q\x04}&\xb2LW,\xb1\xb02Q\xde\
\xae\x9eM\x9a\x1b\x11\x07A`Q\xc0\xd7&Y!\x87\
\x80}\xee\xbd\xf5\xb2[0h\xa9\x10\xc7\xe6\x8bN\xee\
\x9e\xf4\x00\x1cK\xb6\xda\x09\x82h\x81\x15}\x08\x85D\
\x01<\xc9\x8f\xf3\x8f\xed\x22K\xd7\x94#\xa4S\x07R\
)O\xb2\x93\xfcE\x80\xcc\xb0\xa2\x11k+\x82\xbc\xb5\
\x15\x1by6?Y\x0ec\x89\x90\xf4\x90\xf7\x88\xce\x9d\
V\x08\xee\xb2m\x878d\xf1\xf0\xdd\x88u>\x83\xb5\
iH\xaf\x82\xa4\x85\x8b\x88Z+\xfc\xe7\xad\xa8\x92\xdd\
|,\x0f\xf3\xfc\xa4\x05AF\xd0\xddv\xfck\x9f5\
\xd7\xbe\x86\x18\xa4\x0d\x93\x1e\xd2\xc2\xc1\xce\xf1\xf5\x83l\
D\xd8\xd1.\x07t\xcb7G\x0c(\x94\xfa\x97\xac\xe8\
T\x14PA\xa5\x08\xd4\x02L\xdfoL-\x93\x81\x96\
\x0e*\x1e:\xc1\x8eE\xb9\xe6\xb4#;\xa55\x18\xa5\
\x0a\xb3\xd1y+\xb7\x99\xb9\xcb\xab$m\x1eI\x0a\x0d\
\x9d.\xc1A9\xd4\xd9\x0dN\x8e0\xdf\xefn\xc5?\
\xfc\xcc\x92\x01y\xd7\xb1\xa8\x95,\x9du(\xcc\x95\x01\
\x00\xdf\x97\xf8\xefM\x87\x8a\xed{e9h3V5\
\x9f\xb2#\xc2\xf3\xe91e\xc7\xc0\x8b`\xc4\x82\xe6\xf7\
\x19vz\x91?\x0c|\x99\x02K\xca+\x937\xc8\xf6\
z\x06G/\x10$C{\xb5\x93%\xd0\xa4-)\xf6\
^,\x09\xb1|\x13\x11\xc1\x87\xde\xdb\x9dA\xc9}\x11\
\x15\xe9\x0c\x96\xd9l'X\xa2\xb8\xef\xaa\x8d\xd5\x9e\xf7\
\x05\xee]Z\x9cg\xce\xb0\x13\x00\x0eN\x8e%\x9d:\
\x90*\xe4\xf1\x9e}\x07\xac\xb0\xda\x11\x09ua\xeb\xce\
^\xfb;\xc8w\xca\x7f\x87~7\xf1\xb3\x88\x01F\xfe\
\x93\xe3\x88t\xfc\xe4\x88=\xc6\xceQ\xda iK\x15\
\xda'y\x86\xf5q\x89-w,M\xfb\xa3Z2b\
Y\x8e\xa4#\xb6\x1a\x1cl\x97\x914\x01\xdf\x8dx\xea\
U\xdaF\x96\x03Yr\xf7\x8aM\xa7(\x89PA\xa5\
\xd4@M\xc0\xe9uk\xd5^\x194bk\x06\x83~\
\x11\xe7\xadY1\xc0\xb2Dmu6t\xd2t\x9c\xf8\
[0\x13\xcddm\xe5\x19\x18X\x98\xcd\xfam\x85N\
\xe7\xfb\xb9W\x1b;k\xe7\xfe\xce\xf7\x82\xbb\xf3\xba\xfc\
l\xafL\x88\xa8X\x82\xca\x8e\xafbi\xa6\xd8\x96\x1f\
;\x08c\xbf\x1aQ\xb5\xb1|\xb7\xa9\xb2\xcf\x17\xfbh\
\xa4\xaf0\xbf\xa5\x94w\xfcg\xc2\xe2\xd2\xbaa\xebn\
\xf1\xa9\x8a\xcfR\xbe\x8b]\x85\x94M\xac\xd50\x19(\
\xaf\xea]\xfb\xc5\x82\x12\xbf\xd9\x80{\x95\x14\xb62\x05\
V\x1c\xa6z\xdfX\x82\xf2:l;\xc1:\x85\xd0\xac\
\xb4\xe2(\xde\x8a\x12[&\xf8\xfd\xc5\x13\x94.\xd2\xe1\
W\x07\xd2\x01aE^c\xb5\xa2\x1c\xb1\x0a\x22\x94\xc5\
\x12d\xaf}Qe\xc3w\xb5\xcem.\xed\x00Q\x8e\
\x18DL!f\x112~\xed.\x15H\x07\x02\x0aq\
\xb5\xc9\x8a\xc9\x8d6=,\x9f\x926,R\xfc\x8d|\
\xe1\xbb\x10oX(\xf3l\xba\xf2mz\xa8gL\x1a\
H\x1b\xe9\xe1\x0a\x9b7J\xd3E\x05\x95r\x18\xd4\x88\
\xc3L\xe2\x5c\xb6\xa7\xa9\xab\xce\x86\xe4d\xde\x9b*y\
a\x93\xea\xf7G\xe6\xe2\x91\x81\xac6\xf1*;\xe09\
\xfd\xd2\xc2\xfb\xe3?\xc2[\xb3]\xde^\xdf\xeb\x08J\
o2\xd4\xc63q\xffl\xb4\x13nI\xb7\x1c\x9f5\
\xc9\xde\xdb+]\x106O\xfd\xe0\xbb\x5c\xcc\xb0\x9at\
\xbb\xaf\xb7\xdf\xe7\xd2\x0dX\x85\x92ms\xe9\x80\xd0\xb3\
\xffI:\xc0eCLr\x0eI\x13I\xc9V\xbe(\
M\x0f\x15T\x8a\xa2(\x8a\xa2(!I\xdf\xee\xad(\
\x8a\xa2(\x8a\xa2\x08*\xa8\x14EQ\x14EQB\xa2\
\x82JQ\x14EQ\x14%$*\xa8\x14EQ\x14E\
QB\xa2\x82JQ\x14EQ\x14%$*\xa8\x14E\
Q\x14EQB\xa2\x82JQ\x14EQ\x14%$*\
\xa8\x14EQ\x14EQB\xa2\x82JQ\x14EQ\x14\
%$*\xa8\x14EQ\x14EQB\xa2\x82JQ\x14\
EQ\x14%$*\xa8\x14EQ\x14EQB\xa2\x82\
JQ\x14EQ\x14%$*\xa8\x14EQ\x14EQ\
B\xa2\x82JQ\x14EQ\x14%$*\xa8\x14EQ\
\x14EQB\xa2\x82JQ\x14EQ\x14%$*\xa8\
\x14EQ\x14EQB\xa2\x82JQ\x14EQ\x14%\
$*\xa8\x14EQ\x14EQB\xa2\x82JQ\x14E\
Q\x14%$*\xa8\x14EQ\x14EQB\xa2\x82J\
Q\x14EQ\x14%$*\xa8\x14EQ\x14EQB\
\xa2\x82JQ\x14EQ\x14%$*\xa8\x14EQ\x14\
EQB\xa2\x82JQ\x14EQ\x14%$*\xa8\x14\
EQ\x14EQB\xa2\x82JQ\x14EQ\x14%$\
*\xa8\x14EQ\x14EQB\xa2\x82JQ\x14EQ\
\x14%$*\xa8\x14EQ\x14EQB\xa2\x82JQ\
\x14EQ\x14%$*\xa8\x14EQ\x14EQB\xa2\
\x82JQ\x14EQ\x14%$*\xa8\x14EQ\x14E\
QB\xa2\x82JQ\x14EQ\x14%\x14\xc6\xfc\x7f\xfd\
\xe1[\xdf$8a*\x00\x00\x00\x00IEND\xae\
B`\x82\
\x00\x00M/\
\x89\
PNG\x0d\x0a\x1a\x0a\x00\x00\x00\x0dIHDR\x00\
\x00\x02]\x00\x00\x00\xad\x08\x06\x00\x00\x00\x8a\x8f\xca\x1b\
\x00\x00\x00\x01sRGB\x00\xae\xce\x1c\xe9\x00\x00\x00\
\x04gAMA\x00\x00\xb1\x8f\x0b\xfca\x05\x00\x00\x00\
\x09pHYs\x00\x00\x0e\xc4\x00\x00\x0e\xc4\x01\x95+\
\x0e\x1b\x00\x00L\xc4IDATx^\xed\x9d\x07`\
[\xd5\xf5\xffO\xe2x\xc4Nl\xc7q\xf6N\xc8\xde\
\x09\x81\x10\x08\xa3\xec\xd1\xd2\x01\xfdSJ)\x94\x96\xd2\
\x96\x96.Z~\x14\xba\xe8\xa4\xa5\x84R\xe8\x822Z\
J\xcb\xa6\xecU\xca\x1e\xd9{\xef\x1d;\xf1J\x1c;\
v\xc2\xff~\x8e\xf4\x8c\xe2\xe8I\xb2-\xc9\xb2|>\
\xa0\xd8\x92\xa5\xa7\xf7\xee;\xf7\xde\xef=\xf7\xdcs;\
|\xe0\x10\xc30\x0c\xc30\x0c#\xa1t\x0c\xfe4\x0c\
\xc30\x0c\xc30\x12\x88\x89.\xc30\x0c\xc30\x8c$\
`\xa2\xcb0\x0c\xc30\x0c#\x09\x98\xe82\x0c\xc30\
\x0c\xc3H\x02&\xba\x0c\xc30\x0c\xc30\x92\x80\x89.\
\xc30\x0c\xc30\x8c$`\xa2\xcb0\x0c\xc30\x0c#\
\x09\x98\xe82\x0c\xc30\x0c\xc3H\x02&\xba\x0c\xc30\
\x0c\xc30\x92\x80\x89.\xc30\x0c\xc30\x8c$`\xa2\
\xcb0\xa2p\xe8\x83\x0f\xe4\xd0\xa1\xf0\xbbe\x1d\xf4y\
\xdd0\xe2I\xfd\xc1Cam\xb0\xae\xfeP\xf07\xc3\
0\xda\x02\xb6\xf7\xa2aD\xa1\xfe\xe0\x07r\xdf\xf3\x9b\
d\xc3\x8ej\xd9_{0\xf8\xaaH\xaf\xa2l9}\
jO\x990,_\xa8D\x1d;t\x10\xf7\x7f\xbb\x05\
Q\x80.\xe8\x94\x11(\x04O\x90ftl\xc7\x85\x12\
\x07\xb0?l\xef\xa59\xbbd\xef\xfe\xfa\xe0\xab\x81r\
\x1d\xd67O>v|\x1fg\x7f\x1f\x88\xb3\xbevm\
\x7f\x86\xd1\x160\xd1e\x18Q(\xa9\xa8\x95\x8b\x7f:\
'\xf8\xecp\xce\x98\xd6S\xae\xbdh\xb8,\xd9P)\
\xbd\xbb\xe5H\xb7\xae\x99\xedVdl\xdc\xb1_^]\
P\x22%\xe5\xb5\xfa<+\xb3\xa3\x0c\xeb\x93'g\x1d\
\xdbS\x9fgt\xech\xa2\xa0\x99\xfc\xe6_\xab\xe5\xc5\
\xd9\xbb\x82\xcf\x0e\xe7_?\x9c&\xf5N\xe0\xd2\x94w\
\xcf\xcf\x92\xccN6\x81a\x18\xa9J\xc2j'\xa3\xb3\
x\x83\x8b\xdd0R\x91y\xab*\xe4\x897\xb7\xc9\x96\
]\xfbu:\xb2=\x81Gk\xc9\xfaJ\xf9\xe2o\xe6\
\xc9\x03/mVq\xc0\xe3\xe9\xb7w\xc8m\x8f\xae\x95\
kn_\xac^\xc0\x8a}ur\xa0\xfe\x90\x13\x07\xc1\
\x0f\x1aq\x01{\xdb\xb8\xa3Z\x1e\x7fc\xbb\xbc\xbdd\
OB\xda\xde\xb6H\xe8\xd4?\x1e\xea\x9de\xb5j\xa7\
\x8b\xd6V\xc8\xc6\x9d\xd5R\xbe\xb7.\xf8\xd7@\x7fe\
\xa5f$\x83\x84x\xba0\xe0W\xe7\x97\xca\x825\xe5\
\xc1W\xe2\x03nt\xdc\xe9\x8c\x96\xdb\xfbT\x8e\x91<\
b\xf1t\xdd\xfd\xecFm\xd8\xc7\x0d\xc9\x97\x13\xc6w\
o\x98bk\x0f\xd0\x82\xdc\xfa\xf0\x1ay\xee\xbd\x9d\xc1\
W\x8e\xe4\xee\xefM\x96\xdd\x95\x07d\xfb\xee\x1a9\xde\
\x95OA^f\xf0/F,D\xf2t\xfd\xf3\xc6\xa3\
e\xed\xb6}\xf2\xce\xd2=\x92\x9b\x93!\x97\x9d5H\
\xb23\xdb\xa7\xb7\x0b\xa1\x85\xa7\x19\x81\xf5\xfa\xc2R\x99\
\xb3\xb2\x5c\x16\xae\xa9\xf0\x8d\xbd\xcc\xea\xd4QF\x0f\xea\
*\x13\x8f*\x90i\xa3\x0ae\xd4\xc0\xae:\xb8\xef\x94\
a\xdeB#1\xc4]t!\xb8\x1eym\xab\xdc\xfd\
\xcc\xc6\xe0+\xf1\xe3\xfc\x13\xfa\xc8W\xce\x1f\xa2\x95h\
`\xaf\x5c)\xca\xcfT\xf1e\x18\x89$V\xd1U\xe3\
D\xd7\x88\x01]\xe4\x94\xc9=\xda\x95\xe8\x82\x1b\xef^\
.\xef.\xdb\x13|v$\xb7|u\x9cd\xb82\xf9\
\xdf\x82R\x19\xed:\xb6\x13'\x16\xb7\xbb2j\x09\xb1\
\x8a.\xc4\xd6\x15\xe7\x0enw\xa2\x8bx\xc2\x8eNl\
\xbd\xbb\xacL\xee}~\xa3\xac\xdd\xba/\xf8\x97\xa6A\
\xfd\xfd\xb8\xebgN\x9b\xda\xb3A\xc0Y\x17c\xc4\x93\
\xb8\xd7L\x1a\xd2\xa5\xeb\xab\x82\xcf\xe2\x0b\x9e\x04*\x01\
\x8d\xfbSoo\x97\xf2\xaa:\x9b\xaa0\x8c6@\x87\
`\xcfu\xa0\xee\x90\xac\xde\xbaW\x7f\x1aF<\xa0\x0b\
X\xb9y\xaf|\xf7\xce%N\xfc/k\xb6\xe0\x82U\
\xee87?\xb8Z\xbe}\xc7b\xd9\xb7\xbf^W\x87\
\xda\x0aQ#\x9e$d8\x14\xba\xc2+\x11\xd4\xba\x06\
{_\xcdA\xd9\xb0\xb3\xba\xdd\xc5\xcf\x18F\xaaA\x15\
d\x01A$X\xe9YU\x1dXyW_\xff\x81\xab\
\xbf\xf56`2\xe2\xc2\xb3\xef\xee\x94o\xfda\xb1,\
\x5c[\x11|\xa5\xe5\x10\xfbu\xe3\xdf\x96\xebb\x90E\
k+\xd5v\xcd^\x8dx\xd0\xa6}\xd0e\x95\xe6\xe9\
2\x8c\xd6\x86:\xf8\xf1\x13\xfaj|L8N\x9c\xd0\
]z\x16f\xcb\xe6]\xfb\xf59U\xb6\xda\x0d\xcc,\
t\xd9h)\x84\xb1\xcczx\x8do\xccVKX\xbe\
\xb1J\x8f\xbb\xd7\x0d\x10\x9e~g\x87.\x041\x8c\x96\
\xd2\xa6D\x17A\xf4\xde\x8a\x13&+\xcc\xcbe\x18\xad\
OG\xd7\x8a\x0c\xe9\x93+\x0f\xdcx\xb4\xc6\xb7]v\
\xd6@\xb9\xf4\xcc\x81r\xcd\xa7\x86\xc9\xadW\x8f\x97\x1b\
??JVl\xaa\x92-%\x01\xd1\xc5Lc\x97\x9c\
N\x9aW\xca0\x9a\x0b\x82\xeb_\xff\xdd\x12|\x16\x19\
\x06\x04\x13\x87\x15\xe8\x00\x808\xcc\xe3\xc7u\x97a\xfd\
\xf2\xa4svF\xf0\x1d\xe1\xd9Sy@\xe3\xe3X\x04\
\xb2`M\x85\xad\x0c5ZLBV/2\xb7\xee\xe7\
\xeae\xa5\xc8\xcdW\x8d\x95\x9c\xac\xc8\xc6\xee\x07\xf1\x5c\
\x04\x8cR\x89F\x0e\xec\x22'Oj\x7fA\xcbFr\
\xb1@\xfa\xe8\xe0h(s\x1d\xd3\xfe\x03\x07\xa5K\xe7\
N\xfa\x1aa\x00\x84\x1a,ZWqX\x9c\x0d\x7f\xbf\
\xe4\xf4\x01Q;<\xe3C,\x90\xfeC\xb0\xb59+\
\xca\xe4\x07w-\x0b\xbe\xe2\xcf\xe0\xde\xb9r\xe1\xc9\xfd\
t\xe1FNV\xf82AP\x91x\xf6\xf1\xd7\xb7\xcb\
\x9e\xaa\x03\xc1W\x03xeK\xbfS\xd45K.\xfa\
H\x7f\x9dr4\x8c\xe6\x92t\xd1\xc5\x08\xf8sg\x0c\
\xf0m@\x22A\x1c\xc8\xa6\x9d\x81<H$\x00d\xe4\
r\xdc\xd8\x22\x13]FB1\xd1\x15\x1bdK\x7f\xf4\
\xf5m\xea\x8d\xf6\xdb6\x0910yx\xa1L\x1b\xd5\
\xcd\xeam\x130\xd1\x15\x00\xab*w\xc2\xe8K\xbfY\
\x10q\xba\x8f\x05W\x88\xad\xcb\xce\x1e\xa8v\xc9T\xe1\
\xaa-{eou\xbd\x0e\x06(\x9f\xa2\xfc,\x15R\
\xbd\x8b\xb25U\x04\x1eXR\x1d\xfd\xe5\xa9\x0d\x0d\xc7\
\xfe\xf7\x8f\xa6\xe9\xe7([D\xdb\x17\xcei\x7f+C\
\x8d\xf8\xd2j\xd6\xb3tCe\x93\x1fl\x85\xe1M)\
\x92F\xa5O\xf7\x1cqu\xcb0\x8c\x14 7;C\
s\x94\x15\x17d\xa97\x00Q\xe5=\x18$\xe1\xd9\x1a\
;$_s\x22\x99\xe02\x9a\x03Vs\xdb#\xeb\xa2\
\xc6W1\x10\xba\xdc\x09\xae\x05\xab+\xe4\xde\xe76\xa9\
h\xda]q@\x05\x17\xe2\x8aX-\x9e#\xa8Hc\
r\xf7\xb3\x1b\xe4m\xf7\x1e\xec\xf7o\xd7Mq\x03\xa7\
b\xf5\xc8\x22\xccJ\xdd\xfb\xc0\xa2Y\x8cx\xd0\xaa\x92\
\x9d\xd1\x08\x8d/#\x87\xa6<H\x00\xc8\xc8d`\xaf\
\xce\x9a\x9b\xa5%0\x22O\xb5,\xd94\x08u\xf5\x89\
?!\xbe'^1\x0a\x94c2\xce9\xdd\xe1~\xa8\
=\x06\x9f\xa7\x02\xb1\xda#uqh\x9f\xc0t\xce\x05\
'\xf5\x93\xf3\x8e\xeb-'M\xec\xa1\x1d\xd9\xe9G\xf7\
\x94\x0b\xddk3\xc6\x16\xa98\x8b\x17\xa9X\x7f\x9bB\
\xaa\xd6\x9b\x86r\x0d>O\x058\x17\xe2\x02\xdfZ\xb2\
;\xf0\x82\x0fW~t\xb0\x9c:\xb5\x87<\xfb\xdeN\
y}Qi\xc3@\x9d\xbe\x86\xc1@qA\xb6\x8ct\
\xfd\xc7\x84a\x05\xbao*\xb1]$\xeb]\xb9\xa9J\
\xfe\xf9\xca\x16\xd9\xb9\xa7F\xae\xbfd\xa4\xdcw\xfdT\
\xa99p\xb0!\x16\xb1\xb9\xa4Z\x9dNV\xff\x92L\
R\xb1\xdd\xf4\xa3\xd5\xa6\x17\xc9`M\x05`\x8ap\xca\
\xf0BM\x9c\xd8\x14<\xc1\x16+\x5c$\x0d\x09\x9f\xdb\
\x7f\xe0\x90\xec*\xab\xd1 \xc9\x92\xf2\x0f\xe7\xf0\x19\xa1\
\xe7\xb9\xd1\x0dq\x00\x88;\xde\xdf\xc1\xbd\xbf\xb9\xb2\x0e\
C\x08w\x8e\x18=\xe7\x11\x8a\xf7^\xf2\xc4\xb0\xca\x8b\
\xf7\x90\xfcu\xfc\xd0\x02\xc9t\xaf\x87\x13\x97M9>\
x\xaf\xb3r\x8cmC\xb6\x95\xd6\xe8k=\xbbeK\
\xdf\xe2\x1c)v\xa3:\xca)\xdcg\x1bC\xd9pN\
\x8c\x1c9\xd6Vw,\xf2\xd9\xe4\xe7u\xd2\x95jC\
\xfb\xe65T\x80\xe8G;\x9c\xba\x83\x87\xdc5\x87\x1f\
\x0f\xf8]s$\xfc\xca#\xd4&\x22\x91\x88\xe9\xc5\xd0\
\xeb`\xd4\xbe\xab\xacVcK*\xf7}\xb8\xa11i\
\x18\xd8K\xaf\x7f\xcf\x5c\xc9\xea\xd4\xc1\x09\x0bg\x8f-\
\xc8\xd4\x98H{\xa4,\xfd\xce\x8c\xcfzI\x8c\x9b{\
\xfa\xadQ\x7f\x13\x81W\xd6\x15\xee>o\xdeU\xed:\
\xf8Z}\x8dzC\x9d\xa1\xee\x84\xbb\x1f\x89\x9c^\x0c\
\xb5\x8bm\xbbk\xd4\x03\xc4\xce\x01\x1eL\xbf\xe1\xf5\xe1\
\xfc\xa09u0\x1e`\x03\xb7>\x14y\xe7\x03b\x86\
\x7f\xff\x8d\x09\xf2\xe6\xe2\xdd2{EY\xf0\xd5\xc0\xb4\
\xf6\x80\x9e\x9d\xb5\xbf\xe9U\x94sX\xf9R\xaf<\xfb\
\xda\xe4l}\xe9\xfaJ\xa9ub\xeb\xa8\xfe]\x9d\xfd\
Wiv{\xc8\xcb\xe9$\x9f?k\xa0o\xd9&\xbb\
N'\xb2>\xfb\x81Z\x08=\xddJw\x9d\xdbv\xd7\
\xca\x81\xba\x83\xd257S\x0a\xbbdFM\x1f\x13\x0a\
\xf9\xfa\x9a\x12#\x97\xec2N\x04\xad*\xba0\xde)\
#\x0a\xe5\xe8\x91\x89\x8b\xef\xf0\x8c\x84X\xb0\xd7\x16\x96\
jE\xc4\xf00:?0X:O*\xe8y3z\
K/'J\x18-55\xfb=\x9d\xc3\xad\x0f\xad\x96\
e\x1b?L\x16\xdb\xc3\x8d\xb2.=s\x80\x8e\xb28\
7\xad\x1c\xee\xff\xb9+\xcb\xe4\xaeg\x8e\xcc\xa4Lc\
\xf7\xf0O\x8e\x91\x83\xce\xd8X%\xc6\xf6\x14\xdei\xc4\
z|\x9a\x14\xce}\xc5\xa6\xbd\xf2\xd8\xeb[\xe5\xf5\x85\
\xbb\xc3^\x7f\x0f\xd7i}\xec\x84>r\xf6\xb1\xbd\xf4\
{\xf5\xd4|\xaey\xfd\xf6j\xddy\xe0\x8dE\xbb\xc3\
\xe6e\xe3X3'\x16\xcbgN\xed\xef*c'=\
\xe7X\xcb\x0f1x\xf73\x1bd\x8d\xebHB\xcf\xf3\
\xa8\xbe]\xe4S'\xf5\xd5\x86\xd5;^\xb4C\xf2\xf1\
W\xe7\x95hC\xbd\xc3u\xd4\x1e\x9d\xb32\xf4\x1e_\
s\xc10\xe9\xe4\x0a\x962j\xdcPy\xc4Kty\
B\xb5\xb2\xba^\xcf\x89=\xe0\x96\xac\xaf:\x22x7\
\x1c\x88bV\x5c\xb1\x15\x16\x9d`s\x1a\x92D\xda#\
\xa3\xcc?>\xb9^6\xbbz\xc6\xf5\xf0\x9cx\x19\x1e\
x\x1d\xd8\xfa\x87s\x8e\xe5\x9e\x85\xc29\xf1\xfe\xd6\xa8\
\xbf\xf1\x84\xf3=P\xff\x81<F\x9dq\x82\xc0/\x81\
'^\x97\xf3\xa6\xf7\x96s\xa6\xf7\xd2k\xc7^8\xed\
D\x88.:0n\xf7k\xae=xo\xf9\x1e\x99\xb3\
\xa2<\xe2\xb4\x1d\xde\xa0c\xc7t\x933\x9d\xcdc/\
\x5cSS\xefgK\xa0\xde|\xe6'\xb3\xd5\xb6\xfc\xb8\
\xe3\x9b\x13\x9d8\xca\x90\x87\xfe\xb75\xf8\x8a\xe8\xa2\xad\
\x19\xe3\x8atv$\xd3u\xc2\x91\xec\x80:Z\xe7\xca\
ek\xe9~y\x7fy\x99N-\xb2-\x10u\xad\x7f\
\x8f\xce\xf21gO\xa1\x1b\x8a\xb7f\x9dNt\xff\x12\
\x8a\xe7-\xdc\xbc\xb3\xc6\x95\xed\x16\x0d\xf5\xa1\x9d&^\
\xae1\x1c\x93\x81\x8f_{\x1a\xca\xff\xfbH\x7f\xa7\x01\
><\xd7\xb0\xdf\xdd\x8ae\x9c\x082~\xec\x08\xfe\x1e\
7h\x1c\xbc\xd1Ac\x88\xe7\xa01d5\x08\x1d\x13\
qY}\x8b[>M\x18\x0e\x0c\x05%\xcc\xe8\xe8\xf6\
\xc7\xd6\xa9\x10\xa4\x12\x05\xed\xc7\x17\xfe\xce\xfbH\x90\xf7\
\xe4\x9b\xdbe\xfb\x9e\x1a9\xca5\x864d\xdc\xb0X\
\xefY\xf9\xde\x03r\xcb\xbf\xd7\xc8\xbe\xfd\x07\x1b\x1e\xbb\
\xcak\xdd5w\x96\x11\xfd\xbbh\xc5&f\x80\xe4~\
\xbfz`\x95*\xf6\xc6\xd0\xc0\x9c\xe3D\xd0zg\xe4\
4\x8a]]\xc3\xd7\xd5\x195\xe7\x10\xed\xf8\xc4\xc11\
\xfa?\xe4\xda\xa8?\xfeg\xbd\x0a]*\x8b\xdf\xf5\xe3\
\x01\x9b\xbf\xbaB^\x9eS\xa2\xb17\x9c\x9b\xab\x8b\x0d\
\x0d+\x8d,\x15\x80\xca\xfb[\xd7\x09\xacq\x15\x98\x86\
;\x1c\x1c\x8b\xe0U\xc4\xce\xa0^\x9d\xdd(3W\xaf\
\x85\x8a\x1d\xcd\xe8\xe9<\x1e|e\x8b&$\x0c\xbd6\
Fh\x8cRG\xba\x0eu\xf1\xba\x0am \x98\xaa\x8a\
t<\xfeDp7\x1b\x01\x87\x1e\x8b`o:\xaa\x8f\
\xce\xe8\xe3\xca\xacF\xa7\x10\x18\xa9\x856\xa8\x1e\x5c\xcb\
\xa3\xafm\x0b>;\x1c:I*5\xe5FYtw\
\xe5=\xa4O\xde\x11\xf6\x8c-\xaesB\xf5O\xdc\x87\
\x87\xd6\xca;\xce\xfe7:!\xc1j\xbfX\xa0,\x96\
m\xa8\x92\xc7\xdf\xd8\xa6\x8d\xcf$W\x8f\xdc]\xd1\x11\
z\xacb\x22Q\xf6\x98\xefD5\x0d\xe0/\xff\xb1J\
\xeb=\xa3N\x8eM\x1d\xe2\x9eegu\xd4)F\x92\
Lb{\xc4v\xc5R\xdf[\xbb\xfe\xc6\x93w\x96\x94\
\xc9\x0dw-\xd5\xb8\xa1\xb2*\x7fa\xc3\xdf\xdes\x9d\
\xfd\xdcU\xe52\xd5\x0dF\xbbt\x0e\xd87\xf6\x8b\xbd\
\x86\x83\x81\x08\x9f\xc3\x86iS\x19\xc8\xc62\x88e\xcb\
\x9c\x9b\xee_)O\xbd\xbdC\x07Qx\xad#\xc1\xdf\
9\x07\xdaw\xee\xe5\x90\xdey\xeaU\xe0v`\x8b\x89\
,W\x84\x0f\xdfK\xbd\xf1\x83\xc5\x19\x9f>\xa5\x9f\xe6\
\xd4\x22y6\xe0E\x99>\xb6H\xc6\x0d\xce\xd7\xdf\xa3\
\xb5=\xfc\x9d\xb2+\xe8\x92\xe9\xeav\x17\xb5\x19\xea\x1b\
\xaf\x1d=\xb2PE\x8dw\x8c\xd6\xae\xd3\x89\xee_<\
\xa8O\x15\xae\xbd\xbc\xe3\xf1\xf5\xf2\xfbG\xd7j\xbb\xcf\
\xb1\xfc\xc4/\xafs\x1e\xb4\x05\xd1\x1e5N8~d\
J\x0f7\x98*\xd7v\x81\xc5\x0a\xa1\xf7(\x15\xda\xcd\
x\x13}8\xd4\x86y\xe2\x8d\xedr\xd9/\xe7\xc9\xeb\
\x8b\x22\xc7\x00D\x02\xa1Ae\xbf\xf2\xb7\x0bd\xfe\x9a\
\x0aw\xbbD\x0d\x05ch\x094\x00\x8c\x06\x9ev\x0d\
^,\xc9\xfd\x18\xa1m\xdaU\xad\x9b\xb82\xfd\x16\x0d\
\x1a\x09Rj\xd0i}\xe1\xe6y\xda\xf9\xc4\x0a\x1d\xe8\
\xf7\xfe\xb8D\x85\x0d\xde\x1b*\x18\x82\x82c]q\xf3\
|y\xd8\x8d\x22\xa3\x9d\xaf\x07#\xa1\x9f\xde\xb7R\xdd\
\xfd\x8cd\xb6\xb8N\xd8O\xa8\xc5\x0a\xd7\xff\x9e\xeb0\
\xd8\x0a*\x96N8\x12\x8c|\x98\xa2\xe2\xfc^\x9c\xb3\
K\xa7H\x13\xc1\x9f\xff\xb3A\xae\x9e\xb5PWG\xf9\
5V\xb1\xc2\xbd\xbcz\xd6\x22\xa9w\xf7\x80F%Z\
g\x19\x0b-\xb1G\x84x, \x9a\x9eyw\x87k\
D\xf7\xc5\xf4\x99T\xae\xbf\xb1\xc2\xf7<\xe6D\xff\x8f\
\xef].%\xceVc\x85\x01\xcb\x95\xbf\x9d\xef\xc4W\
`\xc6 \xd6\xfa\x16\x0d\x8eB\xd9\xdf\xe6:\xcf\x1f\xdd\
\xb3\x5c\x07a\xcd\x81{y\xcd\xed\x8b\xe4\x95y%\xda\
A\xb3\xb2<^\xe7\x18\x0e\x06X\xcb7E\xde^\xee\
T\xd7y3-Jg\x0e\xb4\x81\x88\x8f\xb1Np\x85\
\x1bLE\x82\x0e\x99\x01\x1d+mI\x13\xc1c\xb8;\
V\xe8`!\x95\xebt\xbc\xfa\x17>\xf7\xf2\xdc\x12\xb9\
\xe4gs\xb5\x1e\xc5\xfb\x1e{\x9e\xb2\x95[\xf6\xca\x7f\
\x5c{\xbecO\xeda\xedy\xaa\xb7\x9b\xcd!mE\
\x17S\x1d<\xe2e$L\xa1\xfd\xf0\xee\xe5\xdai \
\x1ev\x96\x05\x84Hs\xa1AX\xe8F\x8b\x7fx|\
]\xf0\x95\xe8\xf0}\x8cnj]\xa7\x11\x0d*\x1d\x0d\
\xea\xd7\x7f\xbfH\xe3F\x9a\x0a\x06>\xeb\x91\xb5:\xf2\
(r\xa3Y\x1a\xb2o\xde\xbeX]\xcaM\x85{\xf0\
\xbb\x87\xd6\xa8\x91s\x9c\xd5\xae\x82\xb5Hx\xb9\x8fr\
~t\x9eL\xfd\xb5\xb4\x03\xe5\xf3\x9c\x1b\x0dv\x9c\xdb\
\x14\x85\xfb@\xc7\x1b\xcf\x06\x8bc\xde\xf2\xef\xd5\x1aC\
1oU\xb96\x22-)\x86\x96\xd8c\xac\xb7\x92\xf7\
S\xce[KH\xfb\x12|\xd1\x87T\xaf\xbf\xb1\xc0\xfd\
x\xfa\xed\x9dz\x1d\xcd\x81s\xbe\xe1\xaee\xf2\xab\x7f\
\xaeROW<`\x1a\xe9\xe7\x7f_\xa9\x9dqK\xe1\
\xde0\xed\xf9\xec;;\xb5\xbd\xc1[\x96\xc8}\x0a\xf1\
\x5c\xfa\x81\x97\xe4\xf8\xf1Ez\x0e\x1ex\xa9\x10M~\
;%\xc4\x02\xb6\xc2\xf4$Sf\xfc\xee\x91\xeau:\
\x1e\xfd\x0b\xd7\xb6\xdd\xb5\xf7\xb7?\xb6\xb6\xc5\x82'\x1a\
\xd8\x0d\x02\x0cO\xaaW\xa6m\xa1\xddl\x0ei'\xba\
(\xbf\x07^\xda\xac7+\x1aT\x22\xa6\x87\x98\xeed\
T\x10\xadrr\xf3\xff\xf8\xc4z\x0d\x80%\xf8p\xcd\
\xd6\xe6\x89\x07\xdc\xbe\xeb\x9cq\xd1\xf8\xc5jP5\xb5\
\x01\xa3\xe7\xedT\x80H\x86\xb2\xd0\x8d\xe8\x9f|k\xbb\
\xfc\xdf_\x96\x85\x9ds\x8f\x15\x04\xd6\x9d\xae\xc3\x98\xe7\
F\xdb\xdf\xfe\xc3\xe2\x98\xe6\xd0\xfd\xe0<^x\x7f\xa7\
\x8cq\xa3\xce\xb7\x97\xec\x96\x8dq\xd87\x13/U<\
+\x0c\xc7K\x04\xa1\x1dAch\xcc\xbd)\xcaO\x9e\
\xd8Wc\x1e\xf9I\xe6l\xe2\xe2\x22\xc1\xe8\x0f;b\
_\xc3W\xe7\x97\xc4\xecroLK\xed1VO\x17\
\xd0mE\xaa3\xfc%\xd5\xebo,p\xd42\xd7\x81\
\xfd\xf9?\xcd\x13\x5c\x1e\x9c\xf3+s\xdd\xbdu\x02\xac\
\xa5P\xdf\xfe\xfa\xf4\x06_\xcf!\xe5G\x0c\x1c1\x8a\
\xf7_?U\x9e\xf8\xf9t\xb9\xf9\xaaq\xf2\x95\xf3\x87\
h9\xfb\x81\xa8\xc4\x0b\xceT\xe8\xd2\x0dU\x09)S\
\xa6\x86\x22\x0d\x1e\x09\xa3@\x1ca\xcb\x10\xf0\xf4w\x95\
\x82\xbc\xc3\xa7\xca\xe2E*\xd7\xe9x\xf5/<~\xf6\
\x8f\x95am\x0f[\xe1\xban\xf9\xea8\xb5\x13\xe2\xc2\
~\xe3l\x85\x95\xcb\xa1\xe24\x1a\xe3\x86\xe6\xab\xbdT\
\x07\xf7b\xad\xad\xfb\xf0\xbbR\xbd\xddl.i%\xba\
0\xb0\xd5\x9b\xf7\xca\xdf_\xdc\x1c|%<\xb8\x8ag\
}}\x82<\xf5\xcb\xe9\xf2\xa7oO\x92\xdf:\xc3\xf9\
\xeb\xb5\x93\xe5\xd1\x9b\x8e\xd5\x06'R\xa6l\x0c\xf2\x97\
\x0f\xacR\xef\x0f\xd3\x05\xebc\x9c*\x09\x85F\xf4\xcb\
\xb7\xf8'\xf7kl4\xac\xec<\xcc\x15\x1a\xe5\xebp\
\xfd\xff\xe1\xb1uGT\x16\x82\x0a1L\xae\xf1\xb3\xa7\
\x0f\xd0\xce*Z\x05aD\xfc\x7f\x7f]z\x84\xe0\x22\
@\x9ac}\xfb\xd3G\xa9\xc1\x13G\x12\xad\xd3C\x08\
\xe29\x1b\xdc'O\xe6\xaf.O\xbbe\xcb~t\xce\
>\xbc\x5c\x0a\xf22u\xb1\x02\x1d\xda#?=Fm\
\xf0\xc7\x97\x8f\x92\xcf\xbbr$P\xf7\x8as\x06\xe9\xd6\
9,Y\xc7V#\xdd#\x02\x86\x87\xba\xf2\xdc\xe1:\
=Fn\xcd\xe9\xf0Zj\x8f\xf1\x12\xabm\xa5\xfe\xc6\
\x02w\x8c$\x9b\xd1<\x04t\x1a\xdc\xeb?\x7fw\x92\
^\x13\xe9\x0e\xa8\xa7\xf1\x86\x98\xa8\xf9n\xf0\xe4'f\
\xb9\xc7\xb3\xbe>^\xbe\xf6\xf1\xa12jP\x17\x8d\x0f\
#\xeb{Vf\x079ib\xb1\xcc\xbaz\x82.\x1a\
\x09\x07\xd7H\xcc]\xef\xa2\x1c\xd7\xe1\xd7h\x87\x16k\
g\x1f+l\xc1\x13\x09\xbe\x1b\xbcA&\xd3\x80l\x1b\
\xc7\xb4d\x22H\xe5:\xdd\xd2\xfa\xacg\xe6\xfe\xf9\xdb\
\xb3G\x06\xde\x03b\xe5\xf6k&\xe8\x22)\xea\xda\xdc\
Ue\xea\x85\xec\x9c\x93!_<w\x90\xda\xb2\x9f\xf0\
\xf9\xbf\xcf\x8e\xd0\x85\x1f\xde\xe3\xb3\xa7\xf5\x97\x95\x9b?\
\x14\xea\xa1MI\xaa\xb7\x9b\xcd\xa5\xd5\x02\xe9Y\x22=\
\xaco\x17\xe9\xe7\x1a\x18Tk<F#\xcc\xc3\x7f\xfb\
\xce\xc5\x87-\x1f\x0d\x85\x9b\xf0\xfd\xcf\x8c\x90O\xcc\xec\
#%\xe5\xb5\xba\xea\x03\xb7\xfd\xec\x95\xe5\xba\x22\x8a\x9c\
,\xd3Fw\xd3\xd5\x94\xac\x94\xf2\xbb\x11\x04a\xb3|\
\x9aUt\xc44\x0c\xee\x9d\xa7\xa3\xac\xc6\xd7\x10)\x00\
\xbb1\x94\xc1\x15\xce`\xbf\x7f\xf1\x08\x15D<X\x81\
\xc2\xca?\xb6\xb0 \xbe\x8a\xd8**\xc8\xb8!\xf9j\
\xec\xb1\x1e\x9f\xeb\xfe\xd2y\x83\xe5{\x9f\x19\xae\xeev\
\x8e9mT\xa1\x9c3\xbd\xb7\x0c\xea\x9d\xab\xf1LM\
\xe971\xe8\x1f\x5c:R\x8eqeE\x10\xf5\xd4\x91\
\x85Z\x19&\x0d/\xd0\x95P~\xe5\x86+w\xcc\xe0\
@~5\x02\xcfY\xc2M\xf0z\xe3r\xc3\xc5\xec7\
\x9d\x82\xfd\x10HO|\x0e\x0d+A\xeb=\x0a\xb3#\
\x06E\xb64\x08\xb9\xa5\x81\xf4\xd8\x06\x9fG\xa8\x92!\
\xfb\xfaKFh`9\x9e\x07VH\x91w\x88U\xa0\
\xef\xbbN\x8e\xebb\x85\x1e\xf7\x9bR<\xfb\xd8\xde\xae\
|\x98*\x08\xdf\xe9\xd0X~bf_\xd9\xb4\xb3Z\
6\xee\xd8\xaf\xab\xf6\xf8\xbep$\xca\x1eI\xf9B\xc7\
\xdb\x922\x82T\xab\xbf-\x81\xf6\x8f g?\xb8\x96\
\x1f_6J>\xe7:\x0cD\x1f\x03$\x06-\x13\x86\
\x16h08\x0b\x8c\xbc\xf2\x8aF,6LY\x7f\xef\
\xcfK4\xd8\xba1\x88\xbc\xdb\xbf9Q\xf7\xc3|\xec\
\x8dm2\xc7\x95'\xa9\x13X\x80@\xbdY\xbc\xaeR\
\xed\xe1Sn\x90\x85\xc7i\xe5\xa6\xbd\xc1O~\x08S\
\xf3'M*\xd6\xc0m\x82\x9d\x09\xb2\xf7\xb3\xc3\xa6\xc2\
\xe0l\xcd\x96\xbd\xbem\x02p\xcd\xd3\xc7\x14\xe9\xcal\
\x04C\xb7.\x99\xae\x8d+\xd2X\xa5D\x90\x0au:\
Q\xf5y\xaa+K\xa6f\x19\x9c\x1c6\xd8\x0fr\xc3\
%\xa3t\xf1\x1b\xc1\xe9\x88a\xee=\xb3\x22\x84\x8d\xb0\
\xe2\x9c>\x86\xbe\xfd\xbf\xf3K\x82\x9f\xf8\x10\xfa\x0c\xda\
\xf0\x95\xae\xbe\x12\x8fKP>A\xf4\xd4\x01\xeaD\xcf\
\xc2\x1c\xf5Zc\xaf\xa9P\xc6\x89 1\xc3\x80\x08\xe0\
\xce\xe3F\xb1\xa2\x8e\xd1\x17\xab\x1c\xd8\x0c\x97\xc0\xd1H\
\x0fF0\x91\x1a \x8e\xc5\x8d\xf0\x8b9\xe2\x86\xb2\xe7\
\xe3\xcc\x09\xddu\xb5\x0e{m\xb1\xf4\x94\xc6\x9b\x5c#\
;\x5c\x03\xc3\xaa\xa1G\x9c\x02F\x14\xfc\xea\xca\xb1\x11\
G\xcc\xac\xca\xc3\xa5\x9d\x9f\x9b\xa1\xcb\xadc\x09n\xf7\
\x03\xf1\x81:g\x998+-\x10\xad\x044\x92G\x05\
\xf5N\x1e\xac\xd5[\x02\xa2A\x9b\x90&\xb4#\x5c\xc3\
\xcf\xbe8F\x1bLVD\xfd\xf9\xa9\xf5\xbaI,S\
\x02\xac\xea;\xd6U\x02\xbc\x03\xb1@\x19\xf2^*/\
\x15\xec/\x8d\x8e5\xbc_\x17\xf9\xd9\x15\xa3\x83\xef\x0e\
\x0f\x8dx\xbe\x13Z\xdcKFG\xdc\xb7t\x07;\xf9\
\xdd\xd7\xc6\xcb?n\x98\xaaK\x97\x17\xbb\xebf\x9a\xe7\
\xa1W\xb7j\x19\x90\x17\x89\x98\x06:}\xca\x98\xa0_\
\x1a\x05\xec\x99\x95\x9c\x17}\xa4\x9f6<\xe1\xc0\xde\x11\
\xb3\x08O\x84O\xb4t\x0a\xb1\xd0T{\x0c]m\xd4\
\x5c\xdar\xfdm\x0c\x1d\x08e\x16\x09<Z\x88\x04\xea\
\xcd\x13on\xd7\xf7\xb3\xea\xee\xde\xe77i\xe0\xf2\xc9\
N\xc0\xcc\xbaz\xbc\xef}o\x0a\xd45\x16\x9e\xf8M\
\xcf}\xf6\xb4\x01:\xdd\xfa\xa0\xab\xcb\x94'\xd0\xe9a\
\x87\x08A\x84\x0b\x1d\x1cb\x8bv\x84{\x11\x0e\xaec\
\x88\xeb0\xc9\xbd\x84';\x16\xc1\x18\x0b\x98\x97w^\
~\x90c\x90`~:dV\xa7\xe1\x15I\x90\x93K\
iKu\xba\xa9\xf5\x99s\xa5}\x0f\xe7)c\xc0\x7f\
\xb4\x1b\xb0\xbf\xb1\xb8\xb4\xe1\x9ep\x8d\x88|\xe2\xfa\xd8\
f\x89\xf0\x11R\x8b\xe0\x5ci\xcc\xdf_\xd8\xd4\x10\xbf\
E9P\x87\xbd8@\xda\x11rFz\xcdI[k\
7c%\xe9\xa2\x8b%\xe4\xd7\xfeq\x89|\xfb\x8e\xc5\
\xf2\xad?,\xd6\xe0\xeco\xfc~Q\xd4\x07\x01\x81T\
\x22\x92\x0aRH\x8d=3\xb8\x91\xa9\xf4~\xd0\xc0\xa1\
\xec\x9fxs\x9b\xae\x9e\xf2\xc0XP\xf5\xdc\x9c\xa3\xdc\
\xe8\x97\x11\x01F\xc9H\x98\xe93?P\xd5\x8c\x98\x19\
%3EQ\xeeF\x9a\x8d\xcf)\x16\xa8\x10\xb78\xc3\
\xa2\xe3\xb8\xdf\x19$\x1d\x00\xa9\x1e\x10\xa6L\x05\xdc\xf1\
\xc4:\x1d}\xd2\x98\x00\x86E\x92>\xcf0#\x81!\
\x22\x82&\x0c\xcd\xd7\xc6\x1dC\xf4\x1aB\xfe\xb6\xadt\
\xbf\xbc\xba\xa0T\xf3(1\xba\x88\xc6u\x9f\x1d!\xa7\
\x91\xe9\xf9\xdd\x1d*\x9e\xbdQ\x10\xc7b\xb4\xf3\xd2\xdc\
]Z\xc6\xe1*\x9b\x07\xa3\x1b\xbcc\x188A\x8d-\
\x899kK\xe0\x9dC\x14\xfc\xed\xd9\x0d\xf2\x9a+\xf3\
\x86i\x10w#\xb9\xa7\xd8 \x0d\x0e\xa9\x0d(?\xf2\
Z\xcd\x18\xd7]m>\xc3\xfdCC\xe7\x07S\xbf\xec\
\xd2@gOr\xcb\x96L\x975\xc7\x1e\xe31\x85\xd3\
V\xebo8\x10,/\xbb\xba\xe0\x07q'\x9c\x1b^\
6F\xda\x1e\x94%\x9e\x06:<V\x08\x93\x1e\xe5\x96\
\xaf\x8d\xd3kj\x09\x94\x11S\xfb\xe1\xc0\xcbE\xfd\x9f\
\xbb\xb2\xbc!\x1c\x81\xfaL\xda\x80\xe3\xc7\x15\xa97\xe0\
\xb2\xb3\x06\xa90\xcb\xeb\x9c\xa1\x1e8^\x0f\x07\xd34\
\x5c{ww/\xf0` \x82\xe2\x05\x8bf\x22\xc1\xf4\
\xe2\xde\xa0\x17\x8f2\xec\xe2\xda\x98x\x0c\x06\x22\xd1\x16\
\xeats\xea3\x8f-%\xe1\x07?x\x84\xf0({\
\xd3\x8e\xdco\x04.i\x1f\xb0\x91/8\x11\x87\xa7\x19\
\x06\xb8\xc1Oc\x98\xd2g\xe0\xdd\xab[`:\x98\xb2\
\xa2\x9c\xf02\x91\x07\x8d)a\xec\xcf\xa3\xad\xb4\x9bM\
\xa1\xe5\xade\x92@\x99R\x89\x9e\x7f\x7f\x87\xc6\x195\
\xee\xacI\x14GC\xea\xc7'O\xea\xab\x82\x8f\x98\x03\
\xa0>r\xa3\xc9\xedr\xb13\x16\x92\xb4\x11\xb3\xf0\xd1\
\x19\x81\xc4\x84\x08\x8a\xb3\x8e\x09\x1f\xc3\xe0\x81\xf1r\xc3\
\x112\xb8K\x9b\xaa\x94\x19E\xfe\xf4\x0b\xa35\xfb1\
\x1d\x8e\x97[\xc63(\x5c\xbf\x184\x86\xe5\x19\x18\x86\
\x89A\xc5\x02^)\x12\x02R\xa9\x98z\xf0\xe0{9\
\xce\xcc\x09\xc5Z)\xa9Dl\xd9\x12\x09\x82i\xe9,\
\x9ev\x82\x8bk\xf5\xe0X4\xc4\xb8}\xa904|\
L5\xfaQZ~@+*^\x08\xcam\x97{\x9e\
,coM\xb8B\x1a\x1b\xef\x1e\xd3\xb0Pv=\xba\
e\xe9T/\xdb\xe6|\xea\xc4~\xba]\x0e\x9b\xb8\xd3\
\x80\x90S\xe6\x98\xd1EjW^\xccJ8\x18\x88`\
\x1b\xbc\x8f\x80\xe6\xe6:m\x9ak\x8f\x1d:\xb4\xfc\xfe\
\xb5\xc5\xfa\xeb\x07S}~\x1e;8\xff\x84>\xba\x90\
\x84\xd1\xba\x07\xb1\x8e\xe3\xdd\xe0\xe8\x13\xeeo\x5c\xcb\x0c\
'l\x16\xac\xad\xd0\xe9\xba\x9f\x5c>\xea\xb0\x8e\xa8\xa9\
P\x16\x08\xa2p0\xedK\x7f\xbbh]`\x1a\x86\xef\
a\xf4O{@\xb6r\xea6\x1d\x13\xab\xbd\x10hx\
\x16\xc8\xe1\x17\x0e\xae\x19\x9bA,\xf2\x9d\x04B\xc7\xa3\
L\x11\x8d\xd1\x16\xf1\x10g\x84\xb0\x00l\x03\xa1\xca\xcf\
D\x92\xeau\xba\xb9\xf5\x99\xf6\x98>!\x1c}\x9d=\
`\xdf\x1e|\xe6\xcci\xbd\xb4\x9f\xc1F\xa8\x93d\x83\
\xa7N\xf9y\x99Ht\xdc\xd9\xd9;\xe5\x85M\x11\x13\
\x8cX;\xd7\xd5[l-\x94T/\xe3\xe6\xd0fD\
\x97W\xe90\x18b\x0d\x08\xbe\xf3*4\x8d\xc6|\x9f\
F\x05\x88)\xc1\xdb\x13:\xbfK\xa7\xcf\xa6\xa6\xcc_\
\x87\x1a\x1e\x0f\x0c\x87\x958\xdc0\xe2>\xfcX\xba\xbe\
J\xb7\xed\xc0\xc0\x9a\x93\x06\x81)\x06>\xff\xc2\xfb\x1f\
\xe6\x87\xc2\xa8p\xfb\x92\xf5\xf9\x92\xe0\xdc;\x8d0\xe7\
\x8aQ1\xca\x8c\xc5\xb3@g\xc4\x08\x96yu\xbcP\
@#\xc4u\xcf\x9c\xd8\xdduL4\xaa\xf9:\x92\xc0\
\x88\xbd->\xc2\xc1\xe8\x86\x919^1o\x84\xc3\xb1\
('\xdc\xc8tt\x1c\x8b\x9c8\xb9\xd9\x1d\xf5\xfd~\
\x90\xe2\x01\xa8\x5c\xb4\x89\x88\xe7\xa6\x95Z\xdb\x84\x8e\x03\
\x1b\xa4\xfc\xb1\xb5\xde\xae\xf1:\xcd5\x14\x9f\x9c\xd9\xcf\
\xd9`7\xed\xe8<\x1b\xe4\xbd\xd8\x01\x0f~'P\x9d\
\xac\xea~\x84\x06\xb2cGx\x18B^\x8a\x99\xe6\xda\
#\xd39-\xa1\xad\xd6\xdfpp-\x84C\xf8A\x80\
1\x1e;\xa63<\x98\x96\xc1\x93w\x9c{\x10+C\
\xa7E\xac\xe5\xb4\x91\x85\x9a\x94\x92\xf7\x9f\xe8\xeals\
\xe0\x8a\x22M\x9d\xe0\xe1f;%\xef\xda\x99Jd\x0a\
\x97\xa9\x1dl/T\xb8\xd0\xf6\xd2\xf6P\xde~\xac\xdd\
\xbaW\x0a\xbatR\x9b\xc4\x93\x1e\xaf\x01\x95\xdf\xf9{\
\xf0wf@\x80\xef$+}\xa2I\xf5:\xdd\xdc\xfa\
\xec\xde\xa2\xef\x0b\x07+\xfd\xb8\x1e\xe0:\x86\xf4\xc9u\
\xd7\x99u\xd8\xfb\x036\xf3\xc1\x11\x8e\x91Pp\xa0p\
\xcfJ]\x7f\xc0O\xaf\x9c\x1a\x93\xeae\xdc\x1c\xda\x8c\
\xe8\xf2T37\x9d\x5c3\xc4'x\x15\x9a\xc2\x8b\xd4\
\xd0\xa1~y\xaf'\x18\xb8A\xe3\x87\x14\xa8g\x86\xdf\
C\x1b\x16\x0fn\x1c\x95\x98\x00M?P\xe04\x98\xf9\
\xae\x11\xe2\xbc\xc8q\x12\xebMC\x980\xe2%V\xc2\
\x13\x94|'F\x84 B\x04\xd1y`P\x5c;#\
\x09\x1a\xdfp\x81\xe7\xe1\xf0\xf6\xbf\xf2<\x03\xc0\xf1X\
\x894fP\xbe\xfb=0\xd2\xe0\xa1S\x02\xae\x91\xf5\
\x83-s\x80\xe9@\x0f=\xd6\xa4b-[~\xf7\x8e\
\xc3\x83\x06\xdb\x0f/N\xc0;f\xb5\x1b\xc1$\xc3\xd0\
[\x1b\xca\x07\xcf\x01#\xb3O\x9f\xd2_>~|\x1f\
\x19\xee\xc4\x04\xf7\x81\x06\x22\xd2=\xa5\xb3\x8b\x15\x8a\xb2\
9\xe5\x99h{\x8cD[\xac\xbf~0M\xb3\xca\x09\
8?f\x8c\xef\xae\x02\xc7\xf3\x16s\xef\x11\x86\xa4R\
\xe1\x5c\xb8\x16\x1e\xdcs\x06C^\xa7\xc1u6\x07\xda\
J\xa6\x92\xfc\xa0\xd3\xc4\x06\xf1\x12\xe2\x19<\xef\xb8>\
\xd2\xb7\xbb\xff\x0e!\x9c\x1b^%?vW\xd6\xe9\xd4\
$\x1d\xa9z\xb1\xe3T\xb7\xb9\x9f\xd1\xe0{\x81\x0e=\
\xd6\x10\x8c\x96\x90\xcau\xba%\xf5\x99{\xefW\xdex\
3Y\xf9\xcb\xe7\x80i\xc2p\xb6\x828\xc73\x1d\x0e\
\x06\x15\x95\xd5\x81~\x00\xef\x12S\xfb\xde\xf4fcR\
\xb9\x8c\x9bK\x9b\x11]\xbd\x83\x15\x9d@=\x0a\xc7\x1b\
\xd5\x007=RC\x87\x00a\xd5\xcd\x87\xf3\xd6\x1dt\
Yt\xb4\x86\x8c\xbf\xe3N\xf5\xc3S\xf2\x8c\xaa\xe8\x14\
X\x14\xe0g<\x8d\xf1b\xa8\xd8\xe2\x00\xb0\x0f\x5c\xe2\
\xc4Lq\xbe\xa1F\xcf\xdfx\xce\xa3\x09vt\x184\
\xe8L\x012\xf7\x8d\xb16\xc6\x13A\xb1@g\xc0*\
\x14\x8c?\x5c\x192*\x89\x05\x1a\xe6\xaa\x08\xa3\xa1t\
\x83r\xa7\xc1\xe1\xc1\xfd\xc0n\xe9\x80)\x87H\xf0\xb9\
\xd0\xa9\xa8H`~:b\xd3f$v\x92m\x8f\xa1\
\xb4\xc5\xfa\xeb\x07e\x12)\xe8{@\x8f\xceR\xe6:\
A\xcf\xf3\xc0\xbd\x1d?\xc4\x09.\x9fk\x09\xd7\xa15\
\x05\x8e\xcf\x22\x03?\x88\x7fc[\x15\x166\xd1\x01\x12\
\x5c\xcc,\x82\xb7\x80)\xdc\x83\xfd\xef\xfc\xf0\xae\x8bb\
$\xf7\x92\xdf4US\xa0~D\xf2\xae\x01SE\x1e\
\x9e\xed:\xeb\x0c\xbe\x928R\xb5N\xb7\xb4>\xb3\x12\
=\x1c,\xc8\xd8\xeb\x06\xca\x0c\xb8\x11\xb7\xba\x0d[\xf0\
o\x1e\x5c;+\x02\xfd\xa6\xb4\x07;\xa1\x8f\x9d\x01\x03\
.VaF\xaav\xa9Z\xc6\xcd%\xe9\xa2\x0bU}\
\xd3\x15\xa35\xb7NS\x1eW~t\x88\xc6%y\xc1\
\xdb\x8da\xc5\x8c\x1f|\xa7\xa7\xaci\x88\x07\xf7\xcam\
\x18\x15E\x02cb\x9e\xda\x0f\xcfk\xe3\x190\xf1J\
\x91\x8c'\x124\xba\xc4q\x10\xc3\xd1\x14\x85\x1e\x0bz\
\xcd\xae\x12\xb2\x8d\x85_G\x15\xab\xb1qn\xcc\xfb\xe3\
-\x8b\xd6\xe9E\x83\xb2\xda\xaf.\xdd\xc4\x1bz\xaa\x10\
zkI+\xf0_\xd7\x81\xdd\xfb\xdc&\xb9\xe9\xbe\x15\
r\xd5\xef\x16\xc8%?\x9f\xd3\xf08\xfd;o5<\
Xm\x17+\xf1(\xceD\xdac8\xdaz\xfd\x0d\xc5\
/\xe5\x05\xa8W-$`\x9d\xe9\x1f\x04E\x22\x8b8\
RRQb}X\xd4\xe4-lbk\x9fp\x0b\x99\
B\x1f\xff\x89\x92\xcd\xde+B\xfaDb<[Z\xa6\
\xb4\x0f\xd1\x06r\xfb\x9c\x80nx\x8f\xfb\xbed\xae\x8a\
n\x0bu\xba\xa9\xf5\x19\x81\x13.L\x04\xaf\xd9m\x0f\
\xafQ\xcf\xd8'g\xf6U\x01\x14zj\x88!\x1e\xb3\
\x1e\x09\xbf\xf5\x10\xab\x1f9\xb67k\x82p\xe3\xbeE\
;\xa5\xb6P\xc6\xb1\x92t\xd1E\xc6c\xe2\x17P\xa1\
My \xb8X&\xae\xb8\x1b\xd08\xae\xc9\x8b\x15\x0a\
\x07^2/?\x0d\xf7\xae\xd85t\xb1\x8e 1\xd2\
h\x10\x90\xc8H\x91\x8e\xa19\x02\x82\xebC\xc8\x90\xbb\
\xc8\xeb\x00\xe2\x09G\xa4\xd2\xc5\xe3\xd8\x18?\xf1X\x9c\
sKA\xe8%\xc9\xceS\x02L\x03\x8f\x0d\x9b\xb7j\
\x03\xf1\xb39\xba\x8d\x0ai7\xc8\x12\xce\xf4\x19\x1d\xa4\
\xf7h-\x12m\x8f\xe1h\xcb\xf5\xb71\xe12x{\
0\x8d\xefyw\xa9K\xc4n\xb1\xda.\x91\x84\xce\x0a\
$\x1b2\x8c\xb7\xbc\x96w\xd0\x15\xcf\x91\xa0\x13g\xea\
\x0cQ\xce\xb7\xb1\x95M2Z\x97\xb6P\xa7\x9bS\x9f\
\xd1K\xdf\xfd\x7f\xc3\xc3\xbe\x9f\xebB\xa0\xe3\xc5d\xe6\
$\xf4=L\xd9\x7f\xc5\x89\xa0p\x1e&\xde\xf7\xc5\xf3\
\x06\xeb`'4\xce\x18Os$\xafd[i7c\
%\xe9\xa2\xcb\x03\xb7vS\x1e\xa4(`\x897tr\
7\x8f\xe0=Tr,\xf0>o\xda\x80\x9f\xe1\x5c\xa2\
~\x10\x14\x1a\x0do\xe4@\xc3\xdd\x1c\xf8<j?Y\
\x1d\x9c\x91\x5c\xbc\xd8\xc3\x7f\xbf\xbaE>\xf3\x93\xd9\xba\
T;\x95\x1b\x87T\xb3\xc7T\xaf\xbfM\x81\xb6+x\
)\x8a\xc6\x1e\x05\x7fO\x14^LO2@ \xd7\x07\
w\x9a@\xc0\xee\x8fC\xcc&\xf7'\x9ax\xf6\x16&\
\xf4t\xfd\x02D\x9bzj)m\xa9N7\xa7>\xf3\
V\xa6\x01\x09\xb4\x0f\x07\xd3\xccd\xbd\xff\xc4\x0d\xef5\
x@?v\xfd\xbb\xba9\xb5_,\x17\xc7\x1a=\xb0\
\x8bn\x07\xe7\x81\xfd\xe3\xfd\x0dV\xc1\xc3hk\xedf\
\xac\xb4\x9a\xe8\x02\x148\x86\xc0\xe8$\xd6\x07\x1e\x1b<\
-G\xf5\xeb\x12\xb3\x111W\xeby\xc6<wf\xac\
-],7\x19\xe5\xce\xa8\x8a`\xdc\xc4Vu\xa3\xad\
\xf2\x8b\x7f\xac\x94\xbb\x9f\xd9\x18\x93\xd7\x81\xe9&Ry\
\x10@\xce\x03\x97|{&\x9d\xea/IX\xbdv\xab\
\xa9\xd7\xd2\x5c\x22\xc5kbk\x9e\x9d\xb5\xe4\xc1j\xe9\
o^0L\x83\xb1\x89\x09\xf3\x88Gyvt\xb7>\
Z\x1d\xc0\xc3B<Y\xff\x1e\x81X\xa627@o\
\xa9\xd8\x8bF\xda\xd7iW~\x91\xd2\xff\x00q\x91^\
\xac_$\x0f/\xd7\xcb\x96?\xef.+kX\xdcE\
\xff?\xd0\x95I\xa4~<\x1d\xcb\xb8UE\x17\x0a\x9c\
ycn,yabz\xcc\xe8\xad\x9bj\xb2\xec5\
T\x1dS\xe0~\x10cA^\x10\xe0#\x81t\x05\xd1\
[:*mI\xb9\xff(\xd1\xfbNoT\xc5\x5cv\
\xc2[m\xa3M\x151\x9e\x99{\x9e\xdb\xa4\x9b\xac\xfa\
A\x1d\xb8\xfa\x13C\xe5\xef?\x98*/\xddr\xbc\xee\
+\xf6\xb7\xefOi\x88g\xbc\xf5\xea\xf1\xba\xf5R:\
\x93N\xf57\xd2\xea>D \x01\xcd@\xfb\x15mj\
%\x1eD*[\xf28\x85\xc6\xce6\xf7\xf1\x8b/\x8d\
\x91\xf1\xc3\xf25q\xb2\xb72SE\xa5\x13|\xf1\xb8\
:\x82\xbf\xfd\xf6\xf3\x03:|:\xf4\xe1\xfd\xf3\xd4\xc3\
F\xb6\xf2D\x89\xae\xf6R\xa7\x19\x88<\x19!aq\
,\xe0$!\x0f\xd7\xcf\xbf8F\xc5Vh.>\x06\
\x1cc\x07\xe7\x87\x15]\xe9\x5c\xc6\xad*\xbahth\
\x10P\xbbl\xdd\x11\xcb\x03%K\xa3\xe5M\x09xD\
\x1a\xcd\x11x\x97\xc3\x882\x88\xe7\xb6\x8c\x06\x8d1+\
\x8d\xfc\xf0\x1a3/q\x1b[i$\xb8\xfdl\x17\x84\
\xde\xabpx\x9dV[`\xcb\xae\x1a\x8d=\xf0\xe3\xba\
\x8bG\xc8\x1d\xdf\x9c(\xa7L\xe9![Kj4K\
\xf9\x7f\xde\xde\xae\x9f\xb9\xfb\xd9\x8d\xfa\xa0\xb1\xc2\xee\xd3\
\x99t\xa9\xbf\x04p\x13[\xe4\x07\xe7\xd4\x10\x0f\xe9.\
\xa3\x0e\xa1\x97`\x22\xd5\x17V\x8e\x91\xe1\xdf\xb3\xb5\xe6\
>\xd8\x12\x8c}\xf2B\x13'\xb3\xca\x94\x18\xb6X\xe3\
\xef\xa2\x11)\xe7\x1a\x104M\xd9\x93\xf0\x96\x95\xa8\x9e\
\x98\x8e7\xed\xa1N3\xd5\xfe\xce\x92\xb2#\xae\x93:\
C\xfeG\x16\xb7D\x02\xb1En\xc7\x07n<Z7\
\xc6^\xb1\xb9J\x9eq\x82\xdc\x0b\x13 \xe5\x04+\xe0\
\xb1\x8fF]\xb9\x92\xcee\xdc\xaa\xa2\x0b(pFD\
\x88\xa8X\x1f\xe1\x884\xbad\x097F\xc2\xf4$\xb7\
\x9c-%b\x09\xb2\xa4\xad`\xdb\x1a?h\x04\x08&\
$\x132\xa3U\xf2\x9e\xc4\xa7yi\xdf\x14\xe4\xf9w\
\x12L\x05\xd1iq/\xb1\x1b\xf5N\xa4(4\xfa\xe1\
6}\xf5 y!I\x09\x9f\x7f\x7f\xa7\xdc\xfd\xcc\x06\
y}Q\xa9\xeeEF`(\x81\xa6\xd8UUu\x9d\
\xe6ZJw\xd2\xa7\xfev\x106[\xf6\x83\x04\xafd\
yG\x08q\x05\xac\xda\x8c\xe5Z\x9a\x0bG.\x0e\xc6\
9\x85ck\xc9~\xc9\xc9\xcc\xd02`\x05 \x1e\xa3\
\x9af<\xd8\x94\x9a\x8e\x96\x07\xf7\xc9\xf3b\xc4k\x80\
D]b#\xe5H\x90\xa2\x80L\xff3\xc7\x17kj\
!\x12\xcb\xc6\xdb\xdb\xd5\x1e\xea4eF\x9a\x91_?\
\xb8*\xf8\xca\x87\x5cs\xc10\x15<\xff\xfc\xe1\xd1\xba\
\xc5\x1c;\x95 \xae\x98}\xba\xe6S\xc3\xe4\xd7_\x1e\
+\x0f\xfep\x9a<\xf3\xeb\xe3\xe4\xcb\xae,\xb6\x96\xee\
\x97{\x9e\xdb\xa8[\xf8x\xd3\x8f\xd8\x07+\xe9G\x0e\
\xe8\xfa\xe1\x00$\x84t/\xe3V\x17]\xf1\x80\x8ew\
\xf4@\xffQ\xd0\xff\xdc\x0d\xc7\xe5L#\xcb\xcf\xa6$\
\xe4|e\xae\xff\xcd\xe7;wx1#\xcev\x18\x8d\
#\x04\x8c\x96\x91\xd9hej(\x1b\x82ygH\x05\
@\xa7J\xa7\xe9w/\x19U\xe1\x15!\xde\xa35\xc0\
m\xbed]\xf8<1\xfc\xed\xa33\xfa\xc8\xdbK\xf7\
h<\x84\x87'(\x19\x09\xb2\xaa\xaeGA\xb6de\
\xa6\xb7M\xa5S\xfd\xe5\xfeE\x129o/\xd9\xe3\x04\
\xca!\xdd\xbdA\xaf\x85\x8e(\xc2\xb5\xb4\xd4\x86\xf9,\
Id\xfd`\xcf\xb9@]\x0a,\xfdg\xd6\x81i\x9b\
\xe6>F\x0e\xec\x22G\x8f,\x94\x0bO\xea\xd7\xb0J\
=\x1eP_N\x9f\xd63\xa2\x88\xa3\xb3\x9e\xf5\xf0Z\
\xddZf\xf2\x88B\xdd\xff\x91\xd7\xe2I\xbb\xa8\xd3\xee\
\xd4\x1exy\xf3\x111Zx\xb9\xd8\xad\x00\xaf\x12\x1b\
f3x@\xfc \xbc\xbex\xee \xdd\x9d\x84\xfb\xc3\
~\xa2,|\xbb\xef\x85M\xba\x08\xce\xcb\x87G\xd5B\
\x94\xf7v\x03,l\xc3K\xb0\xda\x98t/\xe3\xb4\x10\
]\x14\xf8\xb8\xa1\xfeAs\x18\xcf[\xae\xb1\xf3\x1av\
\x02f\xa3AG\xc0rT\xbf\x95?\x18\x0f\xdf\xe9%\
\x1e\xc4\x18\xba\xe4D\x9e\x163bC\x83\x8b}`)\
2\xabX\xbd \xc9H\x9d/\x1d\xc9\xcf\xff\xbeRG\
@\xad\x85_*\x04V\x06\x91U\x99\xadR<h0\
F:\x1b=\xe7\xd8^\xba\x17\xd9\xe7\xce\x18(\x17\x9e\
\xd2O\xbau\x89\xec\xcao\xeb\xa4[\xfd%\xf7\x96\x1f\
\x5c\xcb\xec\x15\xe5*N\xb0OF\xe5\x91t\x01\xef\xb9\
\xe5\xa15\xcd\xb6a\xae\x8b-\xba\xfcxw\xd9\x1e\xd7\
Y\x05\xca\x9f\xf7b\x7f\xecZq\xca\xe4\x1e\xcdz\x9c\
<\xa9\x87nx\xccj\xc3x\x09.\x0f\xeeY\xb4\xc0\
n\xda\x07\xa6\x98\x8e\x1d\xddM\xbf?\xd2V4~x\
S`\xa1\xfb\xd5\x86\x92\xeeu\x9a\xbb\xf6\xbf0\xb1T\
^\xc2U\xd2s\xb0\xcb\xc1\xe3ol\x97\xbf\xbf\xb8Y\
n}x\x8d\xdc\xf6\xe8Z\xf9\xc7K\x9bu\x0a\xf15\
'\xc8\xf8\xbb\x97m\x00\xb1\x85 *vB\x88\x8d\xb1\
\x11M\x08\xa3H\xa4s\x19\xa7\x85\xe8\x02\x0c\x22\xd2<\
3\xf3\xfd\x8c\x80&\x1eU(\x1b\x9d\xd1D\x1b\x01Q\
aY\xa2\xea\x07\xf3\xda\xdc|FS\xc0\xa8\x95x\x02\
\xd7n\x19-\x84\xfb\xe4\x07\xf7\x8d\x84\x8e\xa3\x5c\xa7E\
p\xadz\x0a\x1a\xe15\x9a\x7f|r\xbdv\xbc\xadI\
\x9dO\xd2O/\x86\xe9@py=\xf6\xc6\x0e\xf9t\
x\x81\x86%\xb0E\x07\x1dM'\xd7)6\xa7\xf3h\
K\xa4S\xfd\xc5\xb3\x14\xc9#\x83( A\xe4\xf41\
\xdd\xa2n\x0a\xfd\x80\xeb\xc8\xf0\x16\xb4\x04r4\xf9\x9d\
\x0f\xdb\xba<\xf5\xf6\x0e\x15)8\x98Y)J\xde0\
\xca\xaf%\x0f:\xdaDp\xe1\xc9}U\x1cF\x82\xd5\
n\xdc{b\x86\xc8\x13\xd6\x94<e4\x1d\xe4\x84#\
\x0f\xd4\xe5\xbf\x9a\xa7\x9b;3ME\x9e(\xef>\xa5\
{\x9d&\xc61\x5c\x99!t(\x83\x19c\x8b\xd4\xa6\
\x10Rx\xbb\xa8G\xfc\xceu\xf1\xd3{\xf0\x9c\x014\
\xf5\x8a\xddP\x98\x86d\xaf_\xca \x1a\xe9\x5c\xc6i\
#\xba\xa8,\xec\x1f\xe6\x07\xf3\xfdt\xc2'\x8c+\x92\
\xde\xdd\xb3\x1b\xb6\x13j\x0c\x1d6\xaf\xf3\xdeP\xf7e\
c>~B\x1f\x8d\x1f\xf0\xb6\xfc\xa0! \x80\xb3\xa5\
\xd3\x13F`\xe4\x12\xa9\x03fE\xcd\xdam\xd5\xba\xbb\
<S#\x9e\xc8\x02m\x18\xdd\xffd*\x8e\xd4\xe9&\
\x0b\xbfE\x01\xdet\x11{\xeba2\xecy\xe65H\
\xa1q\x8b\x5c\xcf\x9a-\xfb\xe4\xde\xe77\x05_IO\
\xd2\xa9\xfe\x128\xceT\x8b\x1f\x9c\xd7\xacG\xd6\xca\xd4\
\x91\xddt\xb5\x9d\xa6\xac\x08\xb9\x16\xee9\xd3\x82\x5cC\
<\xee;\xc7f\x1f>?\xf0Vp\xdd\xecm\xc7\xd4\
mSca\xbc\xec\xef\x9e(I\x14\xdc\x9aB\xd7.\
\x5ctj\xf4\x15i\x94\xdd\xf5\x7f]\xa6\x01\xe1t\xc0\
\xde\xf6D\xe1\xf0\xe2B\xb9\x0f\xe4\x84BlyB\x97\
\x18\xa1M\xbb\xf6\xcb\x83/o\x96e\x1b\x02\xf6\x94\xee\
u\x1a\xcfg8J*\x0e\xb8vu\xa5\xb6\xb9\xc4p\
1\xa5\xf8\xb1\xe3\xfb\xc8\x15\xe7\x0c\x96/\x9d7X7\
\xd0\xbe\xf8\xb4\x01r\xd9Y\x83\xe4\xf2\xb3\x07\xaa\xd7\xe9\
\x0a\xf7\xc0\xae\xf0\xb6\x92_/\xd6E\x15\xe9\x5c\xc6i\
#\xba(\xefH\x0d\x0b\xd0\x093\xddt\xec\xe8\x22)\
p\x86\xe3U6 \x7f\x0e\x0d\x1d\xaf\xfd\xec\xfe\xc8\x1d\
6\xf3\xd1l\x18JP,\xf0\xdd\x8c$y\x84\xdcw\
\xa3\x99p\x1ffN\xec\x1e|v$\x8c^\xbes\xc7\
b\x8d-\xc0\xe3E\xa3\xea\xc1\xd4\x0dI\xfbZ\xdb\xc3\
\xe5\xd1\xaf8\xfc\xea\x19\xa6\x99\x1e\xfe\xdfV\x1d\xa1\xb1\
\xa5\x06\x9b\x847\xdee\x81r\xa0\x83\xbe\xf6OK\x8e\
\x88\xafH7\xd2\xa9\xfer\x1e\x1f\x99\xdc#\xf8,<\
t\xeaxd\xc8'\xc4td\xe8\xb5l\xda\xb9_\xfe\
\xcf\x09\x86x\x0d\x1a\xb8\xa6O\xcc\xec{X=\x09\x85\
\xfa\xf4\xe5[\xe6kP=^\x8c\x1a\xb2\xc8G\xd0O\
\xfc\xc9\x13X|\xf6\xa59%:\xbd\x84p\xe5e\xfe\
\x16\xe9\xf3-\xc2\x1d\xf8\xd23\x06D]\xc9\x08\xa4'\
\xf8\xe2\xcd\xf35\xd7\xd3\xeb\x0bw\xcb\xee\xca\xc3\xa7\x9a\
\xf1^Q\xbf\x08\xf2\xe6=\x17\xfft\x8e\xde\x13\xc4\x97\
\x07\x22\x9e\xb8Q<\xea\x8b\x83qF\xe9^\xa7\xb1\x13\
o*\xb11l\xa0}\xe9/\xe6\xca\xe7\x7f9W\xfe\
\xf2\xf4\x06y\xe8\xd5\xadN\xa8n\xd5\x9f\xef-/\x93\
9\xae\xcc\xdfv\xef\x99\xbb\xaaB\xcb\x1b\x9b`U0\
?\x9b\xb25S:\x97q\xf8Z\xd8Fa\xf9i\xb4\
\xbc\x1ct\xc6\x9f\xfb\xd9\x1c\xf9\x85k\xbc\x9fz{\xbb\
f2^\xb1i\xaf<\xf5\xd6\x0e\x1d}~\xe97\xf3\
#v\xd8\x04\x13~\xf3\xc2a\x9au\xd7\x8b\xb3\xe0\xa6\
\x8f\x19\x1c~%\x86\xd1\x0c\x5c1^pR\xe4i\x04\
\x1a\xf6\xdf=\xb4F>\xfe\x83\xf7\xf4\x9e\xb1-\xc5\x05\
?|_n\xbc{Y\xc3\xbe^\x1e4\x22\x91\x8e\x95\
(h\xb0\x09*\xf6\x83\x06\x9e\x80\xd0\xb3\x8e\xe9\xa5\xb1\
0\x01\xd1\xe0\x89\x87C\xf2\xe0+[\xe4\xbbw\xa6\xbf\
\xe0\xf2H\x97\xfa\xcbh\x9e\xa9\xadh\xc2\x80i\xc6K\
~6W\xf0\xca\xde\xff\xc2&\xb5g\xec\xf8\xca\xdf\xce\
\xf7\xdd,\xb8\xb9\xb0\x22\x988\x17?\xc8\x1f\xf6\x1dg\
kw>\xb9^\xb6\x95\xd6\xea4c8\x10\x87\x049\
\xd3\xf1}\xff\xcfK\xb5\xceq\xdeO\x07\xf7c$\x0e\
\x8ax\x9e\xc6\xde\xbbx\x81G\x8e\xba\x7f\xc3\xa5##\
\xc6~z0MF\xae\xa7_\xfds\x95\x5c\xf4\x93\xd9\
\xba\x1f\xdf\xc5?\x9d-\xe7~\xff\x1d\xf9\xd4\x8d\x81l\
\xea\xfc\x8d\xf7\x84\x9bR\xc3{\xe2y\xd2\xcb\xf7\x1ep\
\xdf-i_\xa79\xd7\xcb\xcf\x1e\x14\xb1\xcddZ\x9a\
\x19\x07\xec\xd6{0%\xeb=\xb0i<\x86g^\xfb\
\xb6|\xe1\xd7\xf3\xe4\xc7\xf7\xac\x909+\x03\x83\x1c\xbc\
\x8e\x91l#\xdd\xdb\xcd\xb4\x12]\xdcI\xdc\x9a\xd12\
\xd1\xe2&\xa5a\xc6\x05\xfd\xb5Y\x0b\xe5\xeb\xb7-\xd4\
\xdf\x89\x1b\xc1\x98\xfc\xc0\x08\xaf\xbdh\xb8&4d\xb9\
\xaaGV\xa7\x0e\xba\x04\xb65:\xf6t\x84\x86\xaew\
Q\x8e\x1c?\xae(\xf8Jd\x10Y\x04\xd0\x86\x8eP\
=\xb0\x85Go:&\xe2\xd4U\xa2\xe0:\x88\x1d\xf2\
K\xeaH\xe7\x81\xe7\x86\x86\xff\x91\xd7\xb6\xea*\xbd\xe7\
\xdf\xdb%\x7f~j\x83\xeb \xe6\xa8k\xdc\xf3(\xb4\
\x0b\xd2\xa8\xfe\xd2\xf8_\xf5\xb1!Q\x8fI\xa0?\xd7\
\x82\x00\xe3\xfc\xc3\xedY\xc7T\xfb\x9d\xdf\x9a\x185\x88\
<\x12\xc4\xac\xe1!\x8aV\xb6t\xa4\x94'\xdb\xbb\xf0\
\xa0|y\xb0\xe7\xddY\xae\x03=\xfb{o\xeb\xe6\xd8\
t|\x08\xc3\xc6\xf6\xb9js\x95\xbc\xbf|\x8f\xbc\xe3\
:E\xca \x11\x10sV\xe8\xc4\xf3\xac\xab\xc7G\x0c\
C\xf0\x03\xfb\x895\xce\x8b8B\xe2\xba\x80+=P\
w0\xed\xeb\xb47=\x8e\xb0\x8dG\x9d`\x80\x83\x87\
\x8c\x011\x83\x0a\xbcP\x94&\xe6\x11N|\xa5{\xbb\
\x99V\xa2\x8bQ\x10e\xfd\xa3\xcbF\xc5\xe4~n\x0a\
\x8c\xaa8\xee\xb4Q\x85\xf2\xc2\xfb\x1f.\x83%`p\
\xf4\xa0|\xddC\xca\x88\x1fT\x9aK\xce\x18\xd8\xa2J\
O\x07\xf3\xcb+\xc7jpe\xa4\x84\x95\x89\x04\xfb\xb8\
\xfes\x91\x1b/\x1a!\x02\xa6\x19!2M\xc3\xb4R\
\xa8\x80\xe4\xb3\xe4\xc6\xf9\xe1\xe7G\x05_IO\xd2\xa9\
\xfe\xe2=\x1b=\xa8\x8b.\xa7o\x09$w\xbc\xfd\x9a\
\x09*\x0a[b\xc3^\xd9\xd2\x91\x0e\xeb\xe7\x9fB\x22\
\x14\xca\x08O\x22\x0f<a\xb1td\xc4P\x91G\x0d\
\x8fW\x0coo\x16t\xca\x5c\x0fA\xdc\x7f\xfa\xce\xa4\
\x98\xaf\xa7\xa9L\x19Q\xa8\xf1K\xa1+\xe5\xf0\x9e\xe0\
\x11m\x0fuz\x86\x1b\xf4~\xe5\xe3-\xb3\xdf\xc60\
\xa8\xc0\xa3\xfa\xe6\xe2=\xea\xf1\xa2L\xc2\xd9U:\xb7\
\x9b\xe9\xe5\xe9rp\x8f\x98C\xbe\xf9\xaa\xb1r\xe2\x04\
\xff\xb8\xa0\xa6\xc0h\xe7\xe6\xab\xc6\xc9TW\x09Y\xe9\
C\x06g`D@\x22\xc4IG\x15\xd8\xd4b\x9c\xa1\
\xc2\x0c\xea\xddY~\x10\xa5\xe2\xf9A|\x10\x82\x8b`\
i\x96\xe5\xb7\x16\x04x\x8eq\x02\xe2\xb2\xb3\x07\x06_\
i\x1aL\x8dR\x06\x8c\xfc\x08\x18Mw\xd2\xa9\xfe2\
\x8a\xc7\x0e\xd9\xe8\xb796L\xec\xd9-_\x1b\xaf\x9e\
\x9dp\xabt\x9b\x0a\xd7\x8b=\xe2!\xc2\x9e\xe2\x89\x97\
\xf9\xdb\x9b\xd2\x89\x14\xb8\x1e\x0f\xb8_x\xabH,;\
\xeb\xea\x09\xba\xd5\x8c\xdf\x0a\xcd\xa6B\x9d\xe3\x9e\xb1\xb5\
\x11^to\xaf@\xee \xf2\x80\xbf\xa7{\x9dF\xd8\
r\xb1\xdeF\xe2\xf1\x06\xa1TZQ\xab\xf1r,P\
\x08\x8di\x84tn7\x13\x22\xbah$Z\x0b\x1a\x96\
N\xae\xc0\xf7T\xd6\xc9\x8dN\xe1\xd2h\x11\xac\xda\x1c\
h\xac\x99\x8e`?'VK<\xf4\xbf\xad\x0d\x0d6\
\xb0Tv\xe6\xc4b\xc9\xeb\x1c=\xb6\xc0h\x06\xae\x1e\
\xb2\xd4\x18\xf1\x14)cy(\xdc\xb3[\xbe:N\xbe\
z\xfe\x10Y\xb1\xa9J\x9e\x7fo\xa74\xaa\xcfI\x87\
\x81\x1c\xb1J\x9cWSl\x91\xc4\x83\xf7\x5c7E\x97\
\xf3\xfb\xe5\x0cJ7\xd2\xa9\xfer-\x88\x90\xcb\xce\x1a\
\xa8\x222\xd2\xde\x81\xa10e\xc6y\xdft\xc5hW\
\x0e\x07\xe4\xd1\xd7\xb6\xfa.\xa1o\x0a\xe8><\x08\xec\
K\x88\x07\x80\xb2E\xd8\xb5\x04\xbcLW\x9c;Hn\
\xbff\xa2\xae\x04\xf5\xe2)\xe9\xb3\x13\x09\xc7'\xd7\x13\
\xde\xb8u\xdb\xf6\xe9V3\xff\xb8\xe1hMK\xd0\x9c\
)G\xe0\xfe \xde\xd8\xba\x86\xa9X\x02\xf1C\xf7\x1e\
\xa4\xec\x10v\xdc\xd7t\xae\xd3\xc4T!h\x7ft\xcf\
\x8a\xb0\xe9J\x18\x0c=\xf5\xcb\xe9\xba\xdf!\x8f'~\
>]\x1epe\xcf\xe3\xfe\xeb\xa7\xaa\xddb\xf3\x91\xec\
\x9dzA\x22[\xc2H\x96\xae\xaf\xd4$\xbd^\xec\x9c\
G\xba\x96q\x87\x0f\x98\xec\x8f#\xcc\xe3W\xd7\x1c\x92\
\xb9\xab\xca\x8f\xb8\xe0\xa1}s\xdd\xa8\xb2Pv\x95\xd5\
\xca\x13onS5\x8b\x0b\x97dz\xf1\x1ei\xb22\
e\xee\xca2\x1938_\x1b\x5c\xcee\xc1\xea\x0aY\
\xb4\xaeB\xf7\x07\xa3\x11cn\xdf\x83\xcaD\xe3\xdb\xbb\
[\x8eL\x1e^ \xc7\x8c.\xd2\xe5\xdcTj*\xdf\
\xa2\xb5\x95\x0dFA\x85g\xba\xe2\xc4\x09\xc5\xea\xf6\xf7\
;w\xdeN\xdc\x03\x0d=.w\x0f\xce\x87\xd15\xcb\
b\xefyv\xa3~\x9el\xce$\x17lJ9\xc4\xfb\
\xf8\xac\xceA\xa8\x84\x1eK=\x01\xae<X%\xf2\xd7\
\xa77\xe8w2\xf5\x13\xe9X\x94\xd2jW\xc6\xb8\x92\
\xbd}\xed \xdf5\x92,\x1dfe\x0c+_\x18\xe5\
\x90\xef\xe5\xfc\xe3\xfbh\x83\x16\x0e\x12az[\x8c\xbc\
\xb5x\xb7\xbc\xb1h\xb7\xc6\x8dx\xf7\x8e\xfb\xc0\xf5z\
\xe7\xc4\xbdc\xd5\xccKsv\xe9ro\xf8\xd8\x8c>\
R\xd85S\xdeY\xb2G\xca\x82\x09\xfb\xe8\x80\x8er\
\x1d\xc6\xb4Q\xdd\xe4Y'\xccVo\xd9\xab\xf6x\xc5\
\xb9\x83\xf5g(--g>_\xb5\xbfN\xaf\x83\xfc\
LlYA\x1c\x0f\xf1G$\xe7\xe4'.v:\x0b\
\xb2\x99\xb3\x82\x8c$\x82L\x9f\xacr\xe7\xc5u\xf3\xb7\
s\xa6\xf7\x92g\xdf\xdd\xa9\xb6\xedA\x99\x9e~tO\
\x99\xb7\xba\x5c\xed\x94rdcx\xf6)\xd5\xd1j\x08\
\x89\xb4\xc7x\x1f;\x15\xeao<\xe0\xbe\xb2*\xb0{\
A\xb6\x8a<Vw\xbd\xba\xa0T\x83\xf8\xd9\xa2\x88\xf3\
\xc3\xb6\xb9\xefG\xf5\xcd\xd3\x91\xf9\xb1N\x08\xe1)b\
\xc5\xdd\xd2\x0d\x81\x18/\x82\x86\xb1\x877\x9d\xddx6\
\x0c\xd4\x9f\x93&v\xd7\x185\xca\xc5\xcf\x86C\xa1l\
\xa9\xebC\xfb\xe4\xea1i\x8f\x09~g5'S6\
l0\xde8>\xd2\x1b\xf4\x0c\xe9\x9d\xa7^\xadQ\xae\
\xbe\x8dr\xf7\x914\x1b\xd4\xe3\xa5\xeb\xab\xe4\xbd\xe5{\
\xa46(\x0e\xc9\xa1w\xf1\xa9\x03$+\xc2y\xc4\x03\
\xca\x17\xb1\xf7\xce\xd22\x19\xe2\xae\x87\x90\x02\xee'\xf6\
\xf2\xfe\xf2\xc0}\xa7\x8cI\xb6YS{Hc\xe8\xa8\
K9\xd9\x1d\x9d(\xc8V\xbb\xc1^\xa6\x8e,\xd4\xb2\
d[\xa6%\xae\xcc\xe7;[\x0b\xf5\x90s\x8f\xc6\xba\
c3\x08\xe4\xf8\xa9P\xa7\x13Y\x9fY\xcd\x19n\xb3\
i\x04\x0d\x82}\xf5\x96}:\x8b\x80\x9de;\xbb\xf6\
 \x94\xa3\x0b\xf5\xd0\x89)\xea\x18\x0b^(\x97pP\
\xa6l\x17DBU\xe2\xe6>:\xa3\xb7.t\xf1H\
\x852N\x04q\x17]\xc0*\x02.\x90sw\xbf*\
\xdc\x96rg\xc4t\x84sV\x96k\xa3\xc2\x0dK\x94\
\xe8\xd2\x1bV]\xd7p\xc3\xd9\xde\x82e\xa8\xac\x90\x8a\
\x06\xb9j0(\x02\x00W\xba\x0e>\xd4\xf5\xc9yb\
L,\x09\x1f\xd8+7\xeayc\x14U\xc1\x9b\xcdQ\
x7\xc7\xc7\xb5:\xdb\x95\x03\x15\x1b\xe3#C5+\
1\x9aZ\x0e\xf1<>\xf7\x8d\xc6\x96x\x09\xefX4\
\xa8t\x0es\xdd\xb1h\xb0\x98&\x89&\xba\x80c\xd1\
9\xf0~\xefX4\xc8\x8c\xdci\xdc\xb1\x03\xec#\x9a\
\xe8\xe2\xfa\xd6\xb8\x0a\x84=Q!z\xb9N\xd5\x8f\xf5\
\xae\xf1Y\xba\xa1J;\xb4\xd0Q\x13\xe9\x05Nq\xd7\
N\xc5$\x07\x11\x7f\xf1\xec\x91m\x85\xa8x\x10\xa9\xc3\
ji9\xf3y\xbek\xfd\x8e}Nx\x16h\xc3\xe8\
\x07\xc7%\x1f\xcd\xf2\x8d\x95\x0dS\x1b4\x04\xd3\xdc\xc8\
\x8d\x14\x19\xfc\xee\x9d\x03\xc7e\xa4O\xc3A\xf9Fk\
<\xe2i/\x8d\x89\xe7\xb1S\xa5\xfe\xc6\x03\xda:\xec\
\x92\xce\x1fa\xe0\xb7\x1c\x1e\xd8\xdc{\x99\xeb\xf4\x11?\
\x9e\x80\x81\xdc\x9c\x0c9yb\x0f\xcdQF\xd9xW\
\xb4\xdf]+\x03\x06D\x136\x1f\xc9\x86=\xf8<\xd9\
\xc2\xdf\x5c\x5c\xaa\x9d5\xc9\x5c\xfb\xb9z\x18\xc9&C\
\xa1|\xa9\xbf\xa5\x95\xb5\x9a\xde\x82\xce/\xb4\xbea\x83\
\x0chNu\x1d\xa0_\xbd\x8e'|7B\x91\x80\xea\
]e5\xd2\xd7\x95/\xf6\x828\xec\xe6:\xddh\xd0\
\xe1o\xdeU\xad\xf9\xb8\xf0\xd4\x85N\x8dR\x85\x88\xcf\
\xa3>a3\xa1S\x98\xa9P\xa7\xe3]\x9f\xa9+\x0c\
l\x11]\x8da\xb0\x8cGs\xcd\xd6\xbd:\xa8\x8d\x04\
\xdf3\xd3\x0dj\x18d\xb3z\x11\x1b\x09\xc7]\xdf\x9b\
,\xa5\xe5\x07\xe4\x9de{\xd4\x9bu\x9c\x13N\xa1\xe7\
\x98\x0ae\x1co\x12\x22\xba\xb8 \xbc\x1c(\xcd\xd0\x86\
\xa314\x0c\x14\xf2\x04W\xd8\xcd\x89y\x88\x05\xdc\x98\
4H\x8b\xdd\x08\x99s\xe1;\xa9\x884\xbc\xfc\x8e\x8b\
\xba\xd65<\xfc\x0d\xc1\xc1O/ab(\x9c\x1f\xc6\
0\xc8\x19\xde\x94\xe1\x85:\xc2\x8b\xe5\x9c9\xde\xdf_\
\xdc\xd4P1\xc2A\xa5\x18?,\xdf)\xf5\xc0(\xaa\
)\xc4\xf3\xf8\xb8\x94Y\x0d\xc2\xc8\xd7\xcf*\xf8<\xa3\
I*T\xb4c\xe1\x9ao\xdc \x87\x82\x9b~\x88+\
OVeEj\x9ci\x08\xe8X\xdeXT\xaa#)\
\xbcVl\xd2\x9b\x9f\xd7I\xaf\x1bA\xc6=\xf3\xe2I\
<8\xbfl\xf7\xbe)#\x0a4\xa7\x0b\x15\xf1e\xd7\
X\xf8\xad\x5c\xa2c#\xb1_\xb8\x0e+\x1e\xe5Lc\
N\xbd\x98\xe7F\xd1\xd8\x1c\xab\xe8\x08\xd4\xe5\x01U\xae\
S\xa6c&h\xb9q\x99ql\xae\x97M\x7fY\x19\
\xc6\xfb\xc2\xc1\xb9#b\xe9x\xc2\xb5\x1d\x89\xb4\xc7D\
\x1c\xbb\xb5\xebo\xbc\xe0\xde\x93\xda\x82mw::\xf3\
\xca\xcf\xcd\xd4Q=\x9d8\xe9\x19\xb0a\x84\x10\x9dd\
(\xd4\x11b\xdc\xf0TL\x1d\xd1M;S\xa6|\x9a\
c\xc3\xa1`^\x0c\xa8\xf0\x1c.\x5cS\xa9\xc7\xa38\
\x08\xd6\xc7.\x11\x1a\x9e\xc0\xc0\xd6\xc8\xddE9s\x8e\
~\xb6G\xf9r\xbex\x90N\x9eT\xac\xc7Jp\xff\
\xd5\x00\xd7\xc35 \x9a\x16\xb8A\x14\x03\xc5z\xd7\x0f\
u\xce\xea\xa8\x1e\x1f2\x99c+t\xa8\xd4-l\x14\
/:\x9bu\x87z\xe3=\xb0\x0d\xae\x85\xcfLp\xc2\
\x81\xc5\x16x*\x1b\xd3\xdau:\x11u\xee\xaa\xdf-\
\x08\xbb\xed\x14\x1bZ\x9f\xcc\xd4\xdds\x1b\x1b\x062\xde\
=\x0fwT\xca\x90\xa9\xe7;\x9eX\xdf\x90R\xa41\
\xd7_2R\x07\x22\xcc|\xf5\xed\x9e#\x1f\x0f\x93O\
.\x15\xda\xcdx\x92\x10\xd1\x054\x80l6\x8b\x1b\x10\
\x11\xd6\x18nH\xb1\xab\x94\xa7O\xed\xe1\x0a/+\xa1\
\x17\x8a\x81\xd0\x98q\xe3p\xc1\x07v\xf6\x0f\x88C\xef\
\xf2\xbdR\xf0\xce\x033\xa2q\xc4\xebC\x86^\x5c\x96\
\xe3\x9d\xd8`\x94\x8a@\x88\xf5|\xf9\xee9+\xcb\xb4\
\xe3\xe0\xf7\xc6\xc5\xcd\xf1\xbb\xba\xc6\x0dW'\xdf\xd1\xd4\
r\x88\xe7\xf1)\x0f\xa63\xdeu\xc6\xc96\x0b\xe1\x8e\
EVa\x5c\xb8\xd1F\x04x\xba(\xeb7\x83\xc2;\
\xdc\xb1h\x10O\x9cX\xac#m*n$87\xc4\
 \x9d\x16\xa3l\x9e\xbb\xff\xf5\xb8\xde\xa19\x1d\xef\xbe\
\xd1\x18\xf4\xef\x91\xab\xab\xd5\xd8\xf3\x0b{\xa3\xc2\xb1,\
\x9f\xa9\x06\xce/\x14\xcd\xd54\xa8\xabn)\x11\xaea\
\x8aW9\xf3Y\xce\x83\xe9\x1dFdu\xee9\xc6\xa8\
\xc7\xe4\xbf\x90k\xe1\x9c9.\x0d\x02y\xa4&\xb8\x91\
\x1e\xbf\xbf\xefFg|\xbe\xf1\x92|\xde\x8f[\xff\x5c\
7b\xf3\xebt\xe3u\x1d\xe1H\xd4\xb19Vk\xd5\
\xdfx\xc2u\xecr\x82\x90)\xc6\xad\xba\xa5\x8a\xbb\x06\
\xca\xa9\xd1}\xf7\xce\x9d\xfb\xc9\x1e\x86\xcc\x06\x0c\xee\x95\
\xab\xe7\x8d\x08}\xfa\xdd\x1dR\xea\x8e\xc3\xf5\x87\x82\x0d\
\xb3\x91\xf6IN\xf0\xc4\xd2\xb9\x02\xe7\x84=\xe2Y[\
\xe6\x1e\x88\x10\x8eJ\xb9z\xc7\x0f\xbd\x8d\x8d\xcb\x17\xa8\
\xbbtn\x83\xdc9\xd2\x81\x0e\xe8\x99\xab\xf6\xd7\x1ae\
L\xbd\xa6\xed\xda\xb0c\x9f\x06\x81ow\xfd\x0f\xd3S\
\xa0\xd7\xa3\xff\x87\x5c\x90#\xd4V8e\xa6D\xf1\xa8\
 t\xf1\x86r-\xdc\x0b?\xbc2l\x8d:\xcdw\
\xc4\xb3\xcem)\xa9\x91\xcb\x7f57\xf8\xecp~\xf7\
\xb5\xf1ZN^\x9c\x176\xc6\xf4\xfc\x8cq\xdd\x8f8\
7\xee\x03\x03\x09\xe2\xba\xc8\x9fG\xbb\x1b\x0e\xe2\xb5\xb0\
k\xa6\xc7\x190\x5cz\xc6@\x1dP5\xa65\xcb8\
\xde$LtqT:[\xa6\xa4\xca\xdc#\xf4[(\
\x18F\xabE]3\xddE\xb2\xb3\x7f\xf0\x0f\x09\x84\xef\
\xa7\xd2\xa1\x9ai\xf8\xf0\xc0\xd0\x89\xefu\xa3L^C\
A\xa3\x92\xb9\xe14 \xfcd\x1e\x99F\x9ax\x06n\
\x06\x0b\x04\x9a\xe3z\xc40(\x83=U\xccO\x1f~\
\xc3\x111\x8c\xba1\xb8\xe6\xba5\xe3y|\x8eUY\
]\xa7\xc1\xb6\xdc\xbfP8\x967\x12\x8e&\x92\x80\xf2\
f\x04\xc6\xa8\x93Qu(\x8c<\x99*b$\x19\xa9\
A\x0b\x85{\xc8\xf5q\xbcM\xbb\xaaU\xd0W\xec\xad\
\xd7\x11\xae\xde;\xe2\x09\xdc\xf1\xfa\xb8\x0a\xc4\xf4\x06\xd3\
\x8a\x99\xae#\xf2.\x9b\xcf3\xba-\xe1\xbe\xbb\x0a\xec\
\x99$\xd7\xc2\xbd\xc6\x1e\xa3y\xdc\xe2Y\xceL\x9f1\
2\xaf\x08\xc6\xd0T\xec\xad\xd3Q7y\xa3\xb0?\xea\
\x08\xe2v\xa0\xeb\xc4x\xeeu\xa4|7qk<\xb8\
&\xe0/]\xf32\xb5\xb3\x88\xd6p$\xd2\x1e\x13u\
l\xae\xb3\xb5\xeao<\xe1:\xc8\x9e\xcf\xbd&.f\
gY\x8d\xda\x22\xd3|\x9c?\xed!\xf1&\x88-l\
\x98\xfa\x86\xa7+\xb4\xbeQ\x97v\x95\x1f\x90*g3\
\x9e\x0dsY\x8c\xfc\xc9n\x1f\xc9\x86\xc3\x11Z\xb6L\
\xff\xefp\xe5J\xd9\xd2\x0e\x10\x07\xc5\xf9\x22t)?\
\xca\x11q\xc7\xbd\xe4\x1c\x8b\xf23uPC\xec'\xdf\
\xcbi\xc6\xd26$\x1a:}\xae\x89\xb6a\xc7\x9eZ\
\x1d\xa8!\x02\x10\xad<\xbc\x8e\x97\xf2\xee\x9c\xdd\xd1\xb5\
i\x9d\xb4-\xa2\xf3\xa5\x0eQ\xd7h\x97\x9ar-\xad\
U\xa7\xe3Y\xe7\x18\xd4\xdex\xf7\xf2\xe0\xb3\xc3!\xf5\
\x02\xe1 x\xa5(\x1b~?\xf3\x98^\xda\x1fD\xc2\
\xcfs\x06\x8f\xdet\xac\xac\xdcT\xa5\x83s\xea-\x0b\
!\xb8\x07~\xa7\xda\x9a\xedf\xbcH\x98\xe8\xf2\xe0\xe8\
\x8d]~\x80\x01\xb4V\xfb\xc7\xf9\x90O\x86K\xd73\
s\xffxg\xa8\xa7\xe4\xfe\xe1'j\x19e\x1f\x8f\x86\
\x9a\x22h\xf8\xbe\x108t\xaa\x1d?)\xc7\xe2\xe1\x8e\
\xd5\xc4\xc3)\x1c\x93\x06U\x8f\xcb\xf1\x83\xaf\x07\x8e\x19\
8n`\xb4\x13x\xbd1\xdc\x7f>\xe7\xd1\x94s\xd1\
\xef\xe3\xf3\xc1\xe7\x1e|\xb69e\xe3\x9dK\xe8\xb5\xe8\
Q\x82\xc7\xe3\x90\xe1D\xa9\xf7\xd9P\x9ar\x0e\x0d\xdf\
\x19|\xee\xd1\x94c\xf8\x91\xc8cCk\xd4\xdfxC\
\x195\xd8p\xf09\x04\xce;p\xeeM\xb1a\xf0\xec\
\xa5%pL\xef\xd8j_\x81\xff\x1b\xd0\xc3s~\xfc\
\x08~_<\xbe7\x91x\xf6\x02\xa16\xa3\x84\x5c\x0b\
\xb4\xd4^\xbcr\xd3\xa2\xf3~\xba\xd7\xf5\x88\xee\x1f\xaf\
\xac\xe2]\xa7\x1b\xbe/\xf8\xdc#\xd6\xcf\x03\xc7 \xd3\
\xfb\x8f\xef\x09/\xba\x08\x03\xf9\xe6\x05\xc3t!\x08\x9e\
Q\x9e\x13\x1e\xe2'L\x11\xbe\xaf\xcc+\x95\x9b\x1f\x5c\
\x15|\xe5p\x08S\xb9\xf5\xea\xf1\xf2\xe8\xeb\xdbd\xd3\
\xcej\x15\xed\x04\xd3\x13\x8b\x17\xe9\x9c\xbdrj\xb8f\
~\xba\xd7\xf5\x13\xc1\xeb\xe5\xe3\x89h7\xe3A\xc2E\
\x97a\x18\x86a\x18\xa9\xcf\xf6\xdd\xb5r\xe9/\xe6\x04\
\x9f\x1d\x091Z\xa4q\xd8\xb7\xbf^:ft\x94\x9c\
\xcc#\xa7\x91\x9d\xd6R\x01Dx\xd1\xad\x0f\xafQo\
c8X\x05I\x90\xfb\xdd\xcfl\xd0\xe7L\xeb~\xfa\
\xe4~\xea9M\xa2\x06J:&\xba\x0c\xc30\x0c\xc3\
P\xd8\xcc\xdao\xb5!\xb0z\x9dl\xf5\xa4h`J\
;?\x98\xe6\x81E\x16\x04\xb3\x13\x17\xfc\xe4[\xdb#\
\x1e\x83\x5c_\xe4\xe1#>\xccK\x8b\xc2\xc2\x8d\xcf\x9e\
6@\xa7B\xd3\x19\x13]\x86a\x18\x86a\xe8\x94\xf7\
\x82\xd5\x15r\xdd_\x96\x06_\x89?\xde\xf6ll\xaf\
\x848\x03\xe2\xae\xc6\x0e\xce\xd7\x85U^\x0cV\xba\x92\
\x9c\xc81\xc30\x0c\xc30R\x1a\xe2\xa0H\xb1\xc3\x8e\
\x08\x04\xa1\xc7\x13\x8e}\xde\x8c\xde*\xb8X\x04ER\
j\x0f\xe2\xb9\xc8%\x16.\x0e+\xdd0O\x97a\x18\
\x86a\x18J`\x81\x87h\xbe\xbb\x7f\xbc\xb4Yc\xb3\
x\xad\xb9\xb0*q\xfa\x98nr\xe9Y\x03e@\x8f\
\xce\x9a\xfa\x85l\xf7^@;\x7f'\x89*9;\x9b\
\xba\xf2\xb6-b\xa2\xcb0\x0c\xc30\x0c\x05E@\xaa\
'\xd2\xfd\x90\x85\x9et\x0c\xe4n\x9c\xbd\xb2LS?\
\x10\xab\xe5\x17\x1c\xef\xc1\xe7\xc8\xd9F\x8e,\xf2\xc6\x91\
\x8e\x834?lc\xc5\xae\x0b\x1e\x88\xac~\xc59r\
\xda\xd4\x9e\xfa\x9e\xf6\x80\x89.\xc30\x0c\xc30\x1a\xc0\
\xb3\xc5. lFM\xb2[\x04\x149\xe3<\xc8\xe3\
\x06\xec\x7fJ\xce3&\x05\xc9\xaf\xc5/^\xce6\xfd\
{y\xad\xee\x0d\xb9lC\x95\x06\xda\x87\x82\x87\x8bM\
\xe9\xd9.\xaaknfZ\xafX\x0c\xc5D\x97a\x18\
\x86a\x18\x87A\x22R\xcf;E\x12R\xb6`+\xc8\
\xeb\xa4\xc9G\xf1J\x91\xe2!4\xa1(\x99\xffI\xdc\
K\xa2b\x92\xfe\x92\xc0\xb7q\xb2V\x84\x15\xc9u\xd9\
\x8dd\xd2\xf0B\xdd\x05$\xde\xb1c\xa9\x8e\x89.\xc3\
0\x0c\xc30\x8e\x80\xb8+6\x92f\xfb-b\xb1t\
'\x0f\xa7\x18\x1ao_\x15\x09\x82\xe3I\xa0\x8a#\x8b\
\xb4\x10G\xf5\xcf\xd3\xb4\x13\xec?\x9a\xee+\x15\xc3a\
\xa2\xcb0\x0c\xc30\x0c_\x98n\xc4\x93\x85\x07\x8b\x98\
.\xa6\x0d\x99.d\xb3v\xbf\x18{\xe4TvV\x86\
\xf4,\xcc\xd2\x84\xa7\xbd\x8bx\xe4\xe8\xd4#B\xac\xbd\
L'6\xc6D\x97a\x18\x86a\x18Q\xc1\xf3\xd5\xb0\
\x05\x97S\x0eLA\xb2\x9fm\xe3\xfd\x87\xd8\xa7\x93i\
Ct\x15\xe2*\x95\xb7\xe4J6&\xba\x0c\xc30\x0c\
\xc3h\x16\xe1\x14\x84i+\x7fLt\x19\x86a\x18\x86\
a$\x01\xcbHo\x18\x86a\x18\x86\x91\x04Lt\x19\
\x86a\x18\x86a$\x01\x13]\x86a\x18\x86a\x18I\
\xc0D\x97a\x18\x86a\x18F\x120\xd1e\x18\x86a\
\x18\x86\x91\x04Lt\x19\x86a\x18\x86a$\x01\x13]\
\x86a\x18\x86a\x18I\xc0D\x97a\x18\x86a\x18F\
\x120\xd1e\x18\x86a\x18\x86\x91\x04Lt\x19\x86a\
\x18\x86a$\x01\x13]\x86a\x18\x86a\x18I\xc0D\
\x97a\x18\x86a\x18F\x120\xd1e\x18\x86a\x18\x86\
\x91\x04Lt\x19\x86a\x18\x86a$\x01\x13]\x86a\
\x18\x86a\x18I\xc0D\x97a\x18\x86a\x18F\x120\
\xd1e\x18\x86a\x18\x86\x91\x04Lt\x19\x86a\x18\x86\
a$\x01\x13]\x86a\x18\x86a\x18I\xc0D\x97a\
\x18\x86a\x18F\x120\xd1e\x18\x86a\x18\x86\x91\x04\
Lt\x19\x86a\x18\x86a$\x01\x13]\x86a\x18\x86\
a\x18I\xc0D\x97a\x18\x86a\x18F\x120\xd1e\
\x18\x86a\x18\x86\x91\x04Lt\x19\x86a\x18\x86a$\
\x01\x13]\x86a\x18\x86a\x18I\xc0D\x97a\x18\x86\
a\x18F\x120\xd1e\x18\x86a\x18\x86\x91\x04Lt\
\x19\x86a\x18\x86a$\x01\x13]\x86a\x18\x86a\x18\
I\xc0D\x97a\x18\x86a\x18F\x12\xe8\xf0\x81#\xf8\
\xbba\x18i\xc0\xc1C\x1fH\xc7\x8e\x1d\xa4C\xf0\xb9\
\x07\x15\xfd\x90\xfb[\x86\xfb[2\xf0Z\x96\x0eM\xf8\
\xba\x03\xf5\x87\xa4\xa3\xfb@F\xc6\x91\xe7\x9fJx\x8d\
&\xe7X\xe7\xcey\xc7\x9eZ\xd9WS/[Kj\
\xb4\xec{\x14fIQ~\x96\xf4(\xc8\x92\xccN\x1d\
\x03e\xe1\xde\x9c\xca\xd7d\x18F\xe21\xd1e\x18i\
D\xfd\xc1C\xb2d}\x95\xbc\xb6\xb0T6\xef\xdc\x1f\
|5\xc0\x80^\x9d\xe5\xdc\xe9\xbdeH\x9f\x5c}\x9e\
h\xf1\xf5\xd6\xe2\xdd2gU\xb9\x1c\xa8;\x14|%\
2\x9cO\x8f\xc2l'R:\xc8\x80\x9e\x9deh\x9f\
<\xe9\xd5-[E\x0cb\x91\x9f\xad\x0d\x82\x96\xf3\xdc\
\xbck\xbf\xbc8{\x97\xcc^Y&\x1b\xb6W\xeb\xeb\
\xe1\xe0\xbd\xc3\xfa\xe5\xc9\xe8A]\xe5\xcci=ex\
\xff.r\xf0\xa0;\x86\x13\x95\x86a\xb4?Lt\x19\
F\x9a\xf1\xdd;\x97\xc8\xc2\xb5\x15\xc1g\x87s\xe9\x99\
\x03\xe5sg\x0c\x90\xc5\xeb*U\xd8\xe4\xe7uR\xcf\
R<A\x80\xbc\xb1h\xb7\xfc\xfc\xef+\x83\xaf4\x9f\
\xce\xd9\x192c\x5c\x91\x9c>\xb5\xa7L\x1e^ \x1d\
\xdc\xb9\xc6\xf9tc\x86\x86r\xdd\xd6}r\xdb\xa3k\
e\xf9\xc6\xaa\xc0\x8bMdp\xef\x5c\xf9\xc29\x83\xe4\
\xb8\xb1E\x01\x8fd+^\x8fa\x18\xc9\xc7b\xba\x0c\
\xa3\x1d\x82'\xec\xf17\xb6II\xf9\x81\x86i\xc0x\
\x81w\xe7\xed%\xbb\x83\xcfZ\xc6\xfe\xda\x83\xf2\xca\xdc\
\x12\xb9\xee/K\xe5\xd3?\x9e\xad\xe7\x0c\x08\x96CI\
\x1e/\xde\xf7\xfc&\xf9\xda\xac\x85\xcd\x16\x5c\xb0aG\
\xb5\xfc\xf0o\xcb\xe5\xbde{d\xef\xfez)\xad\xa8\
\x95\xfa\x836\xee5\x8c\xf6\x82\x89.\xc3h\x87\x10\x87\
\x84\xa0\xd9\xbc\xab:!\xe2eOe]\xf0\xb7\xf8Q\
\xb1\xafN\xfe\xf8\xe4z\xf9\xc5?VJ}\xfd\x07R\
s\xe0\x90^G2\xe0{\x1fxi\xb3\xef4bS\
Y\xb5e\x9f\xc6z=\xf1\xe6vY\xba\xa1\xd2\x84\x97\
a\xb4\x13Lt\x19F;\x86\xce\xbe\xad\x05\x18\xbc:\
\xbfT\xae\xbem\xa1T\xec\xad\x93\xaa\xfd\xf5*\x1e\x13\
u\x0d\x88\xac'\x9d0z\xec\xf5\x80\x87-\x9e\xe4f\
g\xa8\xb7\xeb\x9d\xa5{dWym\x9b\xbb\x0f\x86a\
4\x1d\x13]\x86a$\x15\xa6\x1fO\x9d\xdaC\xce\x98\
\xd6\xb3\xe1\xc1\xf3\x89\xc3\x0ad\xc4\x80.\xc1wE\x86\
i\xba[\xfe\xbdF\x8a\xbafi\xfcZ\xf9\xde\xf8O\
\x93\x12\xbc\x8fw\xed\xde\xe77\x05_\x09O\xdf\xe2\x1c\
\xb9\xfe\x92\x91r\xd7\xf7&\xcb\xb3\xbf>N^\xba\xe5\
x\xb9\xff\xfa\xa9\xf2\xcb/\x8d\x95\xab?1T\xc6\x0d\
\xc9\x0f\xbe3<x\xebv\x95\xd5&}\xba\xd40\x8c\
\xe4c\xa2\xcb0\x8c\xa4\xf2\xc9\x13\xfb\xcau\x17\x8f\x90\
k/\x1a\xde\xf0\xe0\xf9o\xbf:N\xee\xf8\xe6D\xb9\
\xe7\xba)r\xd1G\xfaKA^f\xf0\x13\xe1Al\
\x11\xb0?r@Wy\xe6\xdd\x1dRY\x1d\xdf)M\
\x82\xf6\xff\xfd\xdf\xad\xea\x8d\xf2\xe3\xd3\xa7\xf4\x93\xbf}\
\x7f\x8aL:*_=o\xef,\xdb#\xaf\xce/\x91\
m\xa55\xd25\xaf\x93\xcc\x9c\xd8]n\xbdz\xbc<\
p\xc3\xd1\xf2\xd9\xd3\x07H\x97\xce\x9d\x82\x9f\x94\x86U\
\x9d\x04\xd3\xd7\x1cH\x9c\xb7\xce0\x8c\xd4\xc1D\x97a\
\x18I\x85\x15\x89eN\xa0\xdc\xfa\xf0\x1a}\xdc\xf6\xc8\
Z\xb9\xfb\xd9\x8d\xfax\xe8\xd5-\xb2\xa7\xf2\x80\x13(\
\xfd\xe5\xcf\xdf\x9d\x14\xd5\xf3u\xd73\x1b\x9c\x90\xc9\x90\
A\xbd\xf2d\xc1\xea\x8a\xb8\xc7x\xfdo~i\xf0\xb7\
#\x996\xaa\x9b|\xe9\xbc\xc12ge\x99\xdc\xff\xc2\
fye^\x89\xcc]Y.\x0b\xd6T\xc8\xeb\x8bJ\
\xe5Y'\x04\x09\xbe\xff\xe7\xcb\x9be\xdb\xee\x1a\xb9\xc4\
\x89.\x04\xe5\x85'\xf7\x93\x11\xfd\xf3\xa4\xdc\x95\x01\xd8\
\xeaE\xc3h?\x98\xe82\x0c\xa3\xd5\xf0R&\x10\x97\
\xc5\x83\xd5\x94\xac\xac\xfc\xc7\x8b[\xa4\xba\xe6\xa0\xfc\xe4\
\xf2\xd1\x87y\x87\x1a\x83G\xe9\xfd\x15e\xd2\xa7{\xb6\
,\xdfT%\xa5\x15\xf1\x9bf\x5c\xbbm\x9f\xec\xa9:\
\x10|v$_<o\x90\xacs\xefy{\xc9\x9e\x86\
\xa9A\xa6N\x09\x90\xcf\xce\xec(]s;IN\x96\
\x13\x98Uu\xf2\xe6\xe2\xddr\xdf\x0b\x1be\xc3\x8e}\
r\xd9Y\x03\xe5\xd81E*\xce\x0c\xc3h_\x98\xe8\
2\x0c\xa3U\xe9\xd3=G\xa6\x0c/\x90\xa9#\x0ae\
\xec\x90|\x195\xb0\xab\x14\x17f\xca\x9bKvK^\
N\x86\x5c|Z\xff\xe0;\xc3\x83\xf0\xca\xcf\xcb\xd4\xe9\
\xba\xf7\x97\x97\xc5\xcd\xdb\xb5qGu\xf0\xb7#A\x5c\
\x0d\xea\x95\xab\xc2\xcc\x03\xb15\xb4o\x9e\x9c\x7f|\x9f\
`>\xb4\x81r\xf9\xd9\x83t\x0a\xf2\xaccz\xc9\xb0\
\xbe]d\xde\xaa\x0a\xb9\xe7\xb9\x8d\xfa`\xd5\x22\x10\xac\
\x8f\xf7\xcf<^\x86\x91\xfe\x98\xe82\x0c\xa3\xd5\xe8\xe8\
Z\xa0~\xc592ud7\x9d\xae;a|w9\
er\x0f\xcd\x9c\x8fx\xa9qB\x0a\xc1\x82\xc8\xf1\x83\
\xec\xf0\xc5\xf9Y*^\xb6\x96\xee\xd7\xa9\xcb\x96z\xbb\
X\xd5I\x10\xbd\x1f\xc4\x9bqN^\xbcW\xa7\x8c\x0e\
2~h\xbe\x9c6\xb5\x87\xf4\xef\xd1Y\xbdsx\xbb\
r\xb2:JqA\xb6\x0c\xed\x93\xab\xd7\x86\x00\x9b1\
\xae\xbbd\xb9\xbf!\xd2\xf8\x1c?\xbbu\xcd2\xd1e\
\x18\xed\x00\x13]\x86a\xb4*\x04\xac#`\x10 \xde\
\x03!BJ\x85\x82\xdcN:M\xc7\x0aA?X\xc9\
\xc8\x16A\xacdDx\x95W1\xc5\xd82\xd5\xe5M\
y\xfa\xc1\xb4#\xfbD\xf6\xed\x1e8/\xce\x1fO\x1d\
\xd3\x89\x8d\xc5\x13\xcf9?\xae\x0b16fpW\xf9\
\xe4\xcc\xber\xfa\xd1=u{\xa0\xe3\xc6\x14\xe9q\xe2\
\xbd3\x80a\x18\xa9\x87\x89.\xc30R\x16o\xbfE\
\x04\x95\x1f^\xdcUnN\x86\x0a\x97\x8a\xea\xfa\x86\x0d\
\xa9\x9b\x0b\x9a\x8d} #\xf1\xf4\xdb;d\xf2\xf0B\
\xf5l1=\x98\xe5\x84b, \xd0x\xff\xf0~y\
r\xf2\xa4\x1e2nh\xbe\x0a2\xc30\xd2\x1f\x13]\
\x86a\xa4\x0d\x04\xb4\x93\xba\xa1\xa5\xd3\x8b\x88\xa0h)\
+\xc8\xdf\xb5h]\xa5|bf_\xdd\x9c\xbb\xa9y\
\xb6<\xefW\xa4\xa9S\xc30\xd2\x0b\x13]\x86a\xa4\
<\xc4m\xf9\xd1\xa3 \xe0\x91b\xb5#\xd3\x8b\x81\x98\
\xae\x96\xfa\xbaD&\x0d/\x88\xe8\xbdb\xfa\xf1\x86\xbb\
\x96\xc9\x7f\xe7\x95\xc8I\x93\x8a5\x0e\xec`rv%\
2\x0c\xa3\x8db\xa2\xcb0\x8c\x94\x86\xd8\xa9H\xa9\x1b\
\x98\xaa\x83z'\xb8\x80U\x8c-\x97\x5c\xa2\x81\xf0\xd3\
\xc7t\x0b>\x0b\x0f\x22\xef7\xffZ-?\xbeg\x85\
\xee7\x99\xe1ZT^3\x0c\xc3\x08\x87\x89.\xc30\
R\x16\x04\xcc\xf2\x8dU\xc1g\xe1\x19;\xb8\xabz\xb9\
*\xf7\xd5I\x07\xf7_\xe7\xac\x8e\xee\xdf\x96\xc36@\
_\xf9\xf8\xd0\x06Q\x17\x89\xb7\x96\xec\x96+\x7f;_\
\x05\xd8\x8e\xdd5\xfa\x9a\x89/\xc30\x1ac\xa2\xcb0\
\x8c\x94\x85x\xa7{\x9f\x8b\xbc\xf7\xe11\xa3\x8bd\xe3\
\xce@N-\x16\x00v\xc9\xed\xa4+\x22[J`E\
d\xa6|\xee\x8c\x01\xc1W\x22\x83\xc8zq\xf6.\xb9\
\xecW\xf3\xe4\xc6\xbb\x97\xcb\xa2\xb5\x81\xe4\xa7\xf56\xe7\
h\x18F\x10\x13]\x86a\xa4$\xc4H\x91\xed}\xc9\
\xfa@\x12\xd1p\xf4(\xc8\x92\xe1\xfd\xf3\x0e\x13]\xb9\
\xd9\xfe\x19\xec\x9b\x8c;\xde\xa7N\xea'SF\x14\x06\
_\x88\x8dw\x97\xed\x91\xef\xfdi\xa9\x5c\xf5\xbb\x05\xf2\
\xfe\xf2r}\x0dQ\x16\x87P3\xc30\xda0&\xba\
\x0c\xc3huB=S\x9e.yg\xe9\x1e\xf9\xddC\
k\x82\xcf\xc2\xf3\xb93\x07\xeaf\xd1l\xc7\x03\x1c\x87\
-\x81\xe2\xb5 \x90\x14\x14x\xaa~\xf1\xa51r\xf6\
\xb1\xbd\x82\xaf\xc6\xce\xda\xad\xfb\xe4G\xf7,\x97\xef\xde\
\xb9DVlb\x9a\xf4\x039d\x8e/\xc3h\xb7\x98\
\xe82\x0c#\xa9\xb0\xea\xaf[\x97L\xf9\xd6\x85G\xc9\
\xd7?9L\x8e\x1b[\xa4\x01\xe8\x1e\xdbKk\xe4\xa6\
\xfbV\xc8O\xdd#RV\xf8\xc1\xbds\xe5\xcci=\
\xe5\xbdeeR[\x17P2\x99\x19\x1d\xa4W\xb7\x9c\
\x86\xfc^\xf1\xa0\x93;\xd6\xde\xeaz\xf9\xf6\xa7\x8f\x92\
\xaf\x9c?$\xe6|\x5c\xa1,\x5c[!\xdf\xb9c\x89\
\xfc\xfb\xd5\xad\xee\xdcD\xcf\xd7b\xbe\x0c\xa3\xfd\xd1\xe1\
\x83x\xac\xad6\x0c#e\xc0\xabB'\x1f\x8e\xc0\x9e\
\x80\x03\xe4\xd6\x87\xd7\xe8\xea<\xa6\xcd\x8e\x1e\xd9-\xee\
\xc99#\x9d\x03qZ'O.>,?\xd5\xbe\xfd\
\x07u\x0b\x1fRC\xc4\x22F\x08n\xbf\xfd\x9a\x09\x9a\
4\xf5\xde\xe77\xeaT$\xd7\xc0~\x88x\xa4\xc8h\
\x1fOXA\x897mD\xff.\xba\xa9\xf6}/l\
\x92W\xe6\x964K8q~\xd7\x5c0L\x05e\xd7\
\xce\x9d\xe2~\xae\x86a\xa4.V\xdb\x0d\xc3H*\x08\
\x15\x04\x0bA\xe7\xde\x83\xd5\x7fl\xe7\x13\x8b\x88A\xac\
\xfd\xe4\xf2\xd1\xbaQ\xf6\xe3onS\xc1\xe5\xbd\xce\xfe\
\x87\x19q\x16\x90\x80w\x8b\xcc\xf3o.\xd9#\xfbj\
\x0f\xca\xb5\x17\x0d\x97;\xbf5Q\x8e\x1f\xd7\xfd0\xf1\
\x18\x0b\xcf\xbd\xb7S\xfe\xf0\xf8:\x15\x8ck\xb6\xee\x95\
\x9a\x036\xdfh\x18\xed\x05\x13]\x86a\xb4\x19z\x15\
e\xcb\xac\xaf\x8f\xd74\x11O\xbc\xb1MvW\x04\xf2\
w\xa9\x97\xabw\xae\xf4+\xee\x9c\xb0=\x0c\xd97\xf1\
\x98Q\xddd\xfb\xee\x1a\xf9\xcf[\xdbu\x95\xe4\x8f/\
\x1f%\xf7\x5c7E\xce\x9b\xd1\xbbI\xd3\x8el!\xc4\
\xeaF\xa6B\xdf\x5c\xbc[\xe3\xd2\x0c\xc3H\x7fLt\
\x19\x86\x91\xf20\x9dx\xe1\xc9\xfd\xe4\xaek\xa7\xe8\x9e\
\x88\x0f\xfdo\xabl-\x0d\xe4\xc3\x22~\x0bA\xc44\
i\xa2\xa7\xear\xb2:\xca\xb4\x91\x852\xac_\x9e<\
\xfb\xee\x0ey\xd2\x89\xaf\xda\x03\x87\xe4\x9aO\x0d\x93\x07\
n<Z\xce?\xa1O\xcc\x9e\xafY\x8f\xac\xd5\xcd\xbc\
\x0b\xbbd\xca\xd2\x0dU\x0d\x1e;\xc30\xd2\x17\x13]\
\x86a\xa4$x\x8e\xc6\x0d\xc9\x97\xab?1T\x1e\xfc\
\xe14\xf9\xc29\x83t\x05\xe0?_\xde,%\xe5\xb5\
\xfa\x9e@\x8a\x88\x0c\xdd8\xba\xb8 K\x9f'\x1a\x84\
\xdd\xa8\x81]\xe5\x82\x93\xfaI\xef\xa2lye\xde.\
\xf9\xd7\x7f\xb7HiE\xad\x9e+\x9e\xaf\xe9c\x8a\x82\
\xef\xf6\x87\xf8\xb5\x97\xe7\x96\xe8\xc6\xd7\xf3V\x95Ky\
\x1c\xf6\x8c4\x0c#\xb5\xb1@z\xc3H3\xdab \
}\x96;\x17b\x9c\xf0$\xf1sH\xdf\x5c\x0d\x8a\xe7\
=\x95\xfb\xeae\xd1\xba\x0aY\xb6\xa1R\xf6\xd5|8\
\x0d\xc7\xdfrs24\xaejx\xff.q\xbf\x86X\
\xc0;\xb5\xaf\xa6^=U+6V\xe9\xf90\x05\xc9\
\xca\xca;\x9f\x5c/O\xbe\xb9=\xf8\xce\xf0 \xcen\
\xbab\xb4<\xf0\xd2f\xe9\xd65SN\x9b\xdaS\xcb\
\xc20\x8c\xf4\xc4D\x97a\xa4\x19\xa9.\xba\x98&\xbc\
\xf2\xa3\x83\x83\xcf>D\x05\xcc\xfez\xddC\x91\x15\x82\
[J\xf6k\xfc\x94\xe7\xd5\xf2\xc0\x9b\x95\x99\xd1Q\xe3\
\xbbf\x8e/\x96\xe2\xc2\xac\x98\xa7\xf4\x12\x05\xe7N\x5c\
\xd6\xea-{U\x80\x8d\x1d\x9c/\x93\x87\x17h\xc0|\
$\xe1Er\xd7\x7f\xfep\x9aNSn+\xdd/\x1f\
\x9b\xd1G\xfa\x16wN\x8a\xc7\xce0\x8c\xe4cC*\
\xc30\x92\x0a\xf1Ye{\xebT\xf8\x85>n\x7fl\
\xad\xfc\xed\xb9\x8dr\xff\x0b\x9b4^\x8a@\xf3\xd0i\
D\x84!^\xa0\x9e\x85\xd92}l\x91\x9c;\xbd\xb7\
\xf4\xec\x96\xdd\xea\x82\x0b87\xe2\xca&\x0c+\x90O\
\x9e\xd8Wsqq\xfe_v\xe2\x12\xcf\x9d\x1f%\xc1\
\x85\x00\x9d\xb32tjq\xb3\x13\x9a\x96\xbf\xcb0\xd2\
\x17\x13]\x86a\xb4\x1a\xac4D4\x11'\xe5=\x10\
V\xfcD\xc8\xf0\x13\x8f\x1c\xc1\xf3\xa3\x07u\x95\xb3\x8e\
\xe9\xe5DM?\x99tT\x81\x8a\xb7T\xf3\x08\xe9\x94\
\xa7;/b\xd1\x08\xb6\xe7\xfc'\x1e\x95\x1f\xfckt\
v\x96\xd5:\xf1e\xa2\xcb0\xd2\x15\x13]\x86a\xb4\
*\xe4\xdb\x9a2\xbc@\xa6\x8e(lx\x9c0\xbe\xbb\
\x9c2\xb9\x87z\xb3.9c\xa0\x5cxR?\x0d\x96\
\x1f\xd2'W\xe3\xbeR\xc1\xbb\x15\x09\xce//\xa7\x93\
N;\x92\x16\xc2\x0f\xbcc@\xf2U\x1e$L5\xcd\
e\x18\xe9\x8b\x89.\xc30Z\x0d\xa6\xe1\xfa\x15\xe7\xc8\
\xd4\x91\xddd\xda\xa8\xc0\x83\x183\x92\x9c\xe2\xd9\x1a\xd4\
\xbb\xb3\xe4\xe7vR\xef\x17\x9e\xafD\xe5\xe0J\x14\x9c\
3I_\xfd x\x1e\xd8\x1a\x09\xb1\xa5?\xf5\x15\xc3\
0\xd2\x11\x13]\x86a\xb4*lR\x8dg\x08\x81\xe2\
=x\xce\xa3\xb5D\x16\x9b\x5cC<\xe2\xab\x96od\
\xa3\xeb\xf0\x0c\xe9\x9d\xab?\xcb\xaa\x82I^S\xdc\x83\
g\x18F\xcb0\xd1e\x18\x86\xd1\x08\xc4\xde\xd7f-\
\x94\xff\xcd/\xd5\xe7\xcd\x11_|\xe4\xf9\xf7wE\xdc\
\xb4{\xc6\xb8\xee\xb2\xab\xacVSa\xa0/;\xe7\xa4\
^\x9c\x9aa\x18\xf1\xc3D\x97a\x18F#\xf6T\xd5\
\xc9\xaa\xcd{\xe5W\xff\x5c%\xdf\xf8\xfd\x22Y\xb6!\
\xe0\xad\x22F+\x96\x98+\xde\xc2\xe7g=\xbc&\xf0\
B\x18H\xfez\xfc\xf8\xee\xb2f\xeb>}\x8e\xc7/\
?7SLs\x19F\xfab\xa2\xcb0\x0c\xa3\x11N\
Z\x05\x7f\x0bL\x0f~\xfb\x8e\xc5\xf2\x85_\xcf\x93\xc7\
\xdf\xd8&\x95\x8d<W\x88\xb0PGXeu\xbd\xfc\
\xe9\xc9\xf5\xf2\x1d\xf7\x99H\x1e\xb2\x8bO\xeb\xafS\xa9\
\xcb7\x05\x04\x1dS\x8b\xdd\xf3\xc9\xaao\xb2\xcb0\xd2\
\x15\x13]\x86a\x181\xc0\xb6=\x7fyj\x83\x5c\xf0\
\xa3\xf7\xe5\xe2\x9f\xce\x96o\xfda\xb1z\xc2\xee{a\
\x93f\x94\xf7\xbcb\x9f\xf9\xc9ly\xec\xf5m\xba\x1a\
\xd1\x8f\x01=;\xcbE\xa7\xf6\x97\xf7\x97\x975\x888\
\xb4\xd6\xc0`\x16~\xc30\xd2\x13\x13]\x86a\x18\x8d\
\x88\x16\xc0OR\xd3%\xeb+\xe5\x95\xb9%*\xb8H\
\xe8\xca\xefx\xc5\x22\x89- Y\xeaO\xbf0Z\xb3\
\xee\xcf^Q\xa6\xaf\xf1u\xf9y\x99I\xdb?\xd20\
\x8c\xd6\xc1D\x97a\x18F#\x10F}\x8b\xfd\xf3k\
5\x17\x8e{\xcb\xd7\xc6i\x06\xfa'\xdf\xdc&\x87\x82\
\x01b\x9d2\x02\x9b{3\xddh\x18F\xfab\xa2\xcb\
0\x0c\xa3\x11\xc4b\xfd\xf6+\xe34WX\xbc8c\
ZO\xb9\xeb{\x93Up=\xfa\xfa\xd6\x86\xcd\xbb\x11\
Z\x08\xbcQ\x03\xbb\xda\xd4\xa2a\xa49&\xba\x0c#\
\xcd\xc8H\x01oI*\x9cCK@\x08u\xeb\x9a%\
\xbf\xff\xc6\x04\xb9\xf9\xaaq2}LQ\xb3\x04\x11+\
\x14O\x9d\xdaCn\xbff\x82\x5c{\xd1p\xd9\xb4\xab\
Z\xfe\xfd\xea\x96\x06\xc1\xc51Y\xb1x\xfc\xb8\xee\xba\
\xdd\x91a\x18\xe9M\x87\x0fl\xa3/\xc3H\x1b\xf0\xd0\
\xec\xdb\x7fP\xe6\xae*\x97-%\xfb\x83\xaf\x06\x18\xda\
7W&\x1dU({*\x0f\xc8#\xafm\xd5N~\
\xca\x88B\xcd\x00\x1f\xcfi-\xd2*\xec\xab\xa9\x97y\
\xab*\x0e;\x074\xcb\xe0>\xb92\xd9\x9d\xc3\xf6=\
5\xf2\x9f\xb7\xb6\xeb\xf7\xf2\xfdd\xa2O\xb5\xa95\xae\
c\xe5\xe6*)\xce\xcf\x96^E\xd9Rs\xe0\xa0\xbb\
\xa6r\x99\xbd\xb2\x5c6l\xaf\x96\x92\x8aZ-\xeb\xbd\
\xfb\xeb\x83\x9f\x10\xe9Q\x90%\xdd\xf2\xb3t\xaa\x10\xcf\
\xd51\xa3\xbbI^N\x86\x06\xe1\xbf\xbbl\xcfa\xe5\
\x81\xe0*\xc8\xcbT\x0fX\xafn\xd9\xd2\xd1\xbc\x5c\x86\
\x91\xf6\x98\xe82\x8c4\xe3\x90\x13^\xa4-  \xdb\
\xcbX\x80\x0f\xa5|_\x9dv\xfe\x0b\xd6TH]\xfd\
\xa1\x84\x89.\xe0\x1c\xaa\xdc9\x90t*\xdc9\xcc_\
]\xae\xa2\x86\xef\xf5\xb6\xfeI5\xd1E\xcbXR^\
+/\xcc\xde\xa9\xdb\x10\x0d\xe8\x91\xab\xab\x0e\xd9\xb6(\
\x9a@\xe2\xfa\x09\x94\xdfR\xba_\x03\xeew\xbb\xdfC\
\xe1Z\xf1\xa4\x9d:\xa5\x87\x09.\xc3hG\x98\xe82\
\x8c4\x03o\x17\x1d\xfd[\x8bwKm\x9d\xffJ:\
D\x17\xc99\xf1\xca\xc4;\x96\x88sX\xe8\xc4\x1d\xde\
\x9dH\xe7\x90\xd9\xa9\xa3\xcc\x9c\x90\x98s\x88\x07\x04\xba\
W\xee\xab\xd7U\x86k\xb7\xedS\xb1\x8a@\xea\x9a\xdb\
Ic\xb3\xf0T\xe5dw\x94N\x1d;\xaa\xc7\xab\xa6\
\xee\xa0\xecubsw\xe5\x01\x15\x95\xa1 \x82\x09\x98\
\xcft\x82k\xcc\xe0|\x99<\xbc@7\xc5\xb6\xd5\x8a\
\x86\xd1~0\xd1e\x18iH\xf9\xde:yq\xce.\
)-\xaf\x0d\x9b\xa0\x13\x81S\x5c\x98-g\x1c\xddS\
\x0a\xbb\x046]\x8e'\xb4*\xec'\xf8\xf2\xdc\x12)\
\xad\xf0?\x87\x1e\xee\x1cNO\xd09\xc4\x13\xc4\x16\xe2\
k\xc5\xe6*Y\xbbu\x9f\x0a,\xef\x9a\x0e9MI\
2\xd5\xd0\x96\xd4\x13R\x5c#\xc9Ny\xde\xc5\x09\xac\
\xe1\x03\xba\xc8\xf0~y\xea\xe5J5\xcf\x9ea\x18\x89\
\xc7D\x97a\xa4!\xd4\xea\xda\xba\x83\xba\x9d\x0d\xe2\xa7\
\xb1 \xa0\xd3/\xea\x9a)\xd9\x99\x89\xdb\xeb/\xd29\
\x90\x07\xab\xd0}?\x19\xd8\x096O\xd49\xc4\x13\xce\
\x1f\xa1\xc5\x83\xfd\x14\xb7\xef\xae\xd1)\xc4\xaa\xea:\xa9\
\xae9\xa8\x1e=\xe2\xbe\xf0\x84\xe1E\xcc\xcc\xe8(\xdd\
\x0b\xb2TX\xf6.\xcav\xd7\x9a\xadB+ \xc4\x82\
\x075\x0c\xa3]a\xa2\xcb0\xd2\x18j\xb7\x97\x0b*\
\x14DO\xb2:\xfep\xe7\xc0W{\x1e\xa0\xb6\x88w\
M\xfc\xa4\x09\xd5\xab\xe3w\xfdk\xe0\xfa\xf8\xc7+\xe7\
d\x96\xb7a\x18\xa9\x8b\x89.\xc30\x0c\xc30\x8c$\
`\x89a\x0c\xc30\x0c\xc30\x92\x80\x89.\xc30\x0c\
\xc30\x8c$`\xa2\xcb0\x0c\xc30\x0c#\x09\x98\xe8\
2\x0c\xc30\x0c\xc3H\x02&\xba\x0c\xc30\x0c\xc30\
\x92\x80\x89.\xc30\x0c\xc30\x8c$`\xa2\xcb0\x0c\
\xc30\x0c#\x09\x98\xe82\x0c\xc30\x0c\xc3H\x02&\
\xba\x0c\xc30\x0c\xc30\x92\x80\x89.\xc30\x0c\xc30\
\x8c$`\xa2\xcb0\x0c\xc30\x0c#\x09\x98\xe82\x0c\
\xc30\x0c\xc3H\x02&\xba\x0c\xc30\x0c\xc30\x92\x80\
\x89.\xc30\x0c\xc30\x8c$`\xa2\xcb0\x0c\xc30\
\x0c#\x09\x98\xe82\x0c\xc30\x0c\xc3H\x02&\xba\x0c\
\xc30\x0c\xc30\x12\x8e\xc8\xff\x07\x8b\xf3\x18\xee\xd9\xbf\
Y\xc9\x00\x00\x00\x00IEND\xaeB`\x82\
\x00\x00d}\
\x89\
PNG\x0d\x0a\x1a\x0a\x00\x00\x00\x0dIHDR\x00\
\x00\x02f\x00\x00\x00\xcb\x08\x06\x00\x00\x00\xc41_\x93\
\x00\x00\x00\x01sRGB\x00\xae\xce\x1c\xe9\x00\x00\x00\
\x04gAMA\x00\x00\xb1\x8f\x0b\xfca\x05\x00\x00\x00\
\x09pHYs\x00\x00\x0e\xc4\x00\x00\x0e\xc4\x01\x95+\
\x0e\x1b\x00\x00d\x12IDATx^\xed\x9d\x07`\
\x9dU\xf9\xffOG\xba\x92&M\x9a\xee\xbd[\xba(\
\xa5\x8cB\x19\xca\xde\x08\xfaG\x04\x04q\xa0\xe2\x0f\x7f\
*\x0e\x04\xc5\x81\xfaC+UDEE\x90!\xca\x92\
=Dd\x97\xd5\xbd\xf7HW:\xb3:\x92.\xfe\xe7\
\xf3\xdc{\xc2\xcd\xed\xfb\xbew'o\x93\xe7\xa3/\xcd\
\xbd\xb9y\xef{\xf6\xf7<\xe79\xcfi\xf5\xa1\xc5(\
\x8a\xa2(\x8a\xa2(MN\xeb\xe8\xbf\x8a\xa2(\x8a\xa2\
(J\x13\xa3\xc2LQ\x14EQ\x14%$\xa80S\
\x14EQ\x14E\x09\x09*\xcc\x14EQ\x14EQB\
\x82\x0a3EQ\x14EQ\x94\x90\xa0\xc2LQ\x14E\
Q\x14%$\xa80S\x14EQ\x14E\x09\x09*\xcc\
\x14EQ\x14EQB\x82\x0a3EQ\x14EQ\x94\
\x90\xa0\xc2LQ\x14EQ\x14%$\xa80S\x14E\
Q\x14E\x09\x09*\xcc\x14EQ\x14EQB\x82\x0a\
3EQ\x14EQ\x94\x90\xa0\xc2LQ\x14EQ\x14\
%$\xa80S\x14EQ\x14E\x09\x09*\xcc\x14E\
Q\x14EQB\x82\x0a3EQ\x14EQ\x94\x90\xa0\
\xc2LQ\x14EQ\x14%$\xa80S\x14EQ\x14\
E\x09\x09*\xcc\x14EQ\x14EQB\x82\x0a3E\
Q\x14EQ\x94\x90\xa0\xc2LQ\x14EQ\x14%$\
\xa80S\x14EQ\x14E\x09\x09*\xcc\x14EQ\x14\
EQB\x82\x0a3EQ\x14EQ\x94\x90\xa0\xc2L\
Q\x14EQ\x14%$\xa80S\x14EQ\x14E\x09\
\x09*\xcc\x14EQ\x14EQB\x82\x0a3EI\x83\
\x83\x1f~h\x0e\x1e\xfc0\xfa\xaa!\x07|\xdeW\x94\
l\xb2\xff\xc0A\xcf:\xb8o\xff\xc1\xe8O\x8a\xa2\x1c\
\x8e\xb4\xfa\xd0\x12\xfdYQ\x94$\xd9\x7f\xe0C\xf3\xb7\
\x17\xcb\xcc\x9a\xf2\xddfO\xdd\x81\xe8\xbb\xc6\xf4(i\
oN\x9f\xd8\xdd\x8c\x1bRhhX\xad[\xb52\xf6\
\xff-\x16\x84\x03\xda\xa1m\x9bH&8\xd1\xda\xa6u\
\x0b\xce\x94,@\xfd\xa3\xee\xbd<c\x8b\xd9\xb9g\x7f\
\xf4\xddH\xbe\x0e\xe9\x9do.8\xa1\x97\xad\x7f\x1f\x1a\
[\xfbZt\xfdS\x94\xc3\x11\x15f\x8a\x92\x06[\xab\
\xea\xcc\xe5?\x9e\x11}\xd5\x903&u77^6\
\xcc,XSmz\x16w0\xc5\x9d\xf3Z\xac\x10Y\
[\xbe\xc7\xbc:g\xab\xd9ZY'\xaf\xdb\xe5\xb56\
Cz\xe5\x9b\xb3\x8e\xed.\xaf\xdb\xb4n\xad\xc2!M\
~\xf9\x8f\xe5\xe6\xdf\x1fl\x89\xbej\xc8?~0\xc9\
\xec\xb7\x22\x98\xee\xbdka;\x93\xd7V\x17G\x14\xe5\
p\xa1Q[+\xb3\xbcl\x839_Q\xc2\xc8\xace\
U\xe6\xc9\xb76\x9a\xf5[\xf6\xc8\xd2gK\x02\xcb\xd8\
\x82\xd5\xd5\xe6\xf3\xbf\x9ce\x1ezy\x9d\x08\x08\xaeg\
\xa7\x97\x9b\xdf<\xbe\xd2\xdcp\xe7|\xb1&V\xed\xda\
g\xf6\xee?h\x05D\xf4\x0f\x95\xac@}[[\xbe\
\xdb\xfc\xeb\xcdMf\xfa\x82\x1d9\xe9{\x0fGb\xdd\
\x0c\xb0to\xae\xa8\x93z:oe\x95Y\xbby\xb7\
\xa9\xdc\xb9/\xfa\xdb\xc8x\xa5\xb9\xa64\x05\x8df1\
\xa3\x92\xbf:{\x9b\x99\xb3\xa22\xfaNv\xc0d\x8f\
\xe9\x9eYwK_6R\x1a\x8fd,f\xf7<\xbf\
V:\xff1\x83\x0a\xcd\x89c\xbb\xd6/\xe7\xb5\x04\xe8\
U\xeext\x85y\xe1\xbd\xcd\xd1w\x0e\xe5\x9eoO\
0\xdb\xab\xf7\x9aM\xdbk\xcd\x096\x7f\x8a\xf2\xf3\xa2\
\xbfQ\x92!\xc8b\xf6\xf7[\x8e6+7\xee2\xef\
,\xdca:uhc\xae>k\x80i\x9f\xd72\xad\
f\x881,\xd6\x88\xb07\xe6n33\x96V\x9a\xb9\
+\xaa|}A\xdb\xb5mmF\x0d\xe8l\xc6\x0f-\
2\x93Fv1#\xfbw\x16\x03@\xdb6juT\
\x1a\x87F\x11f\x88\xb2\xc7^\xdf`\xeeynm\xf4\
\x9d\xecq\xe1\x89\xbd\xcc\x97/\x1c$\x0d\xad\x7f\x8fN\
\xa6\xa40O\x04\x9a\xa2\xe4\x92d\x85Y\xad\x15f\xc3\
\xfb\x15\x98S'tkQ\xc2\x0cn\xb9g\xb1yw\
\xd1\x8e\xe8\xabC\x99\xfa\x951\xa6\x8d\xcd\x93\xd7\xe6l\
3\xa3\xec\xe0w\xd2\xf8\xd2\x16\x97G\x99\x90\xac0C\
\x90]{\xee\xc0\x16'\xcc\xf0olm\x05\xd9\xbb\x8b\
*\xcc}/\xae5+7\xec\x8a\xfe&5h\xbf\x17\
\xd9q\xe6\xb4\x89\xdd\xebE\x9e\x0e1J.i\x94\x96\
Jg\xbbpuM\xf4Uv\xc1\x22ACa\x00x\
f\xfa&SY\xb3O\x97E\x14\xe50\xa0Utt\
\xdb\xbb\xef\xa0Y\xbea\xa7\xfc\xab(\xd9\x80!`\xe9\
\xba\x9d\xe6[\xbf_`'\x08\x8b\xd2\x16e\xb0\xcc\xde\
\xe7\xf6\x87\x97\x9bo\xdc5\xdf\xec\xda\xb3_v\xbd\xea\
\xceW%\x974\xda\x14*v\xe7Z.\xa8\xb3\x9d\xfa\
\xae\xda\x03f\xcd\xe6\xdd-\xce\x9fGQ\xc2\x06M\x90\
M\x0fA\xb0\x83\xb5fwdG\xe1\xfe\xfd\x1f\xda\xf6\
\xbb_'UJVx\xfe\xdd\xcd\xe6\x7f\x7f7\xdf\xcc\
]Y\x15}'s\xf0E\xbb\xe5\xaf\x8be\x03\xcb\xbc\
\x95\xd5Rw\xb5\xbe*\xb9\xa0\xd9\xd9\xb6+\xaa\xd5b\
\xa6(M\x0dm\xf0\xa2\x13{\x8b\xbf\x8e\x17'\x8d\xeb\
j\xbawio\xd6m\xd9#\xafi\xb2\xbb\xed\xe4M\
\xdd\xad\x95L\xc1ef\xda\xa3+|}\xc82a\xf1\
\xda\x1a\xb9\xefN;\x89x\xf6\x9dr\xd9\xbc\xa2(\xd9\
\xe6\xb0\x17f8\xfe\xbb\x9d4,\x8c\xa8\xb5LQ\x9a\
\x9e\xd6\xb6g\x19\xd4\xab\x93y\xe8\x96\xa3\xc5\xdf\xee\xea\
\xb3\xfa\x9b\xab\xce\xecon\xb8d\x88\xb9\xe3\xfa\xb1\xe6\
\x96\xcf\x8e4K\xcaj\xcc\xfa\xad\x11a\xc6\xaafA\
\x87\xb6\x12wKQ\xd2\x05Q\xf6\x8f\xff\xae\x8f\xbe\x0a\
\x86I\xc3\xf8!E2I\xc0/\xf4\x841]\xcd\x90\
>\xf9\xa6c\xfb6\xd1Ox\xb3\xa3z\xaf\xf8\xeb\xb1\
qe\xce\x8a*\xdd\xf1\xaad\x9dF\xdb\x95\xc9Z\xbf\
\x9fY\x99\x1d0\xb7_7\xdath\x17\xdc \xfc\xc0\
\xbf\x0c'W\x1a\xda\x88\xfe\x05\xe6\x94#[\x9e\xa3\xb5\
\xd2\xb8\xa8\xf3\x7fb0XT\xd8\xc1k\xcf\xde\x03\xa6\
\xa0c[y\x0f\x97\x03\xdc\x1a\xe6\xad\xaaj\xe0\xf7\xc3\
\xef\xaf8\xbd_\xc2AQ\xf9\x08u\xfe\xff\x08\xea\xda\
\x8c%\x15\xe6\xfb\x7fY\x14}\xc7\x9f\x81=;\x99O\
\x9e\xd2G6\x9bth\xe7\x9d'\x88.\x82\xf7\xfe\xeb\
\x8dMfG\xcd\xde\xe8\xbb\x11\x5c\xde2\xee\x94tn\
g.\xfbX_Y\xdeT\x94l\x11\x0aa\xc6L\xfa\
\xca3\xfa\xf9v2A\xe0\x97R\xb69\x12'\x8a \
\x8a\xcc\x80\x8e\x1f]\xa2\xc2L\xc9)*\xcc\x92\x83\xa8\
\xf4\x8f\xbf\xb1Q\xac\xda~GX!\x18&\x0c\xebb\
&\x8d,\xd6v\x9b\x02*\xcc\x22P\xab*\xadx\xfa\
\xc2/\xe7\x04.-\xb2I\x0cAv\xf5\xd9\xfd\xa5^\
\xb2,\xb9l\xfdN\xb3s\xf7~\x990\x90?%\x85\
\xedDl\xf5,i/a2\xb0\xe4\x12\xe6\xe9O\xcf\
\xac\xa9\xbf\xf7?\x7f8I\xfe\x8e\xbcE\xd8}\xee\x9c\
\x96\xb7\xe3U\xc9-\xa1\xaaM\x0b\xd7T\xa7|q,\
\x89[\xbe$\xccL\xaf\xae\x1d\x8cm\x7f\x8a\xa2\x84\x80\
N\xed\xdbH\x0c\xb7\xd2\xa2vbU@x\xb9\x8b\x89\
\x14\x16\xb2\xd1\x83\x0a%f\x94\x8a2%\x1d\xa85\xbf\
ylUB\x7f/&K\xd7XQ6gy\x95\xb9\
\xef\x852\x11V\xdb\xab\xf6\x8a(C\x80\xe1;\xc6k\
D\x17!\x5c\xeey~\x8d\x99n?C\xfd\xfd\xebw\
\x8f\xb2\x93\xabR\xb1\xec\x22\xde\xb6\xd9\xcf\x81z\xce(\
\xb9 t2\x9fY\x0d\x1d43\x90T.\x82(2\
\xc3\xe9\xdf\xa3\xa3\xc4\xae\xc9\x04f\xf6a\x8bFN\xa7\
\xb1o\x7f\xee\x1f\x88\xef\xc9\x96\xcf\x04\xf9\xd8\x18\xcf\xdc\
\xdc\xa1<\xa4>F_\x87\x81d\xeb#mqp\xaf\
\xc8\xd2\xd1\xa5'\xf71\xe7\x1d\xdf\xd3\x9c<\xbe\x9b\x0c\
v\xa7\x1f\xdd\xdd|\xd2\xbe7yt\x89\x08\xb8l\x11\
\xc6\xf6\x9b\x0aam7\xf5\xf9\x1a}\x1d\x06x\x16\xfc\
\x14\xdf^\xb0=\xf2\x86\x0f_<\x7f\xa0\xf9\xf8\xc4n\
\xe6\xf9\xf76\x9b7\xe6m\xab\x9f\xcc3\xd60a(\
-joF\xd8\xf1c\xdc\x90\x229\xe7\x16_3\x02\
\x1e/-\xab1\x7f\x7fe\xbd\xd9\xbc\xa3\xd6\xdct\xc5\
\x08\xf3\xb7\x9b&\x9a\xda\xbd\x07\xea}#\xd3%lm\
\xba\xb1\xc6\x97\xc6$\x8c\xfdf\xb2\x84j)\x93H\xe1\
4\x12\x96#\x8f\x1a\xd6E\x82O\xa6\x82\x13u\xc9B\
\xc2\xe9l\xf8\xbb={\x0f\x9a-\x15\xb5\xe2\xd8\xb9\xb5\
\xf2#\x9f\x02f\xfa\xf9v\x96\x84_\x02\x02\x90\xcf\xb7\
\xb2\x9fOW\xfaQY\xbc\x9e\x91\x86\xc1s\xc4\xe2>\
K\x1c\x1dv\xaf\xf1\x19\x02\xe8\x8e\x1d\x5cd\xf2\xec\xfb\
^\x024\x95\xfb\x83{\x9f\x1dq\x1c\xe1\xb2q[\xad\
\xbc\xd7\xbd\xb8\xbd\xe9]\xda\xc1\x94\xda\xd9!\xf9\xe4\xf5\
\xb7\xf1\x907<\x133P\xee\xb5\xc1\xde\x8bx?\x85\
\xf9me\x07\xde\xe0\xde\xf9\xf5\x8d$\xf1\xdd\x1a\xb2\xef\
\xc0A\x9bf\xefy\x84_\x9a\x83\xf0\xcb\x8f\xd8:\x11\
D.\x962c\xd3\xc1\xec\x7fKE\x9d\xf8\xbaT\xef\
\xfa\xe8\x90jBPp\xf6a\xdf\xee\x9dL\xbb\xb6\xad\
\xac\xf8\xb0\xf51\x83h\x97\xb9\xac\x8f\xe4\xa5\xdf\x93\xf1\
\xb7.\x10t\xba\x8f\xdf\x14\xed7\x17\xb8\xbc\xae\xb2\xe5\
\xbcn\xcbn+\x02\xea\xe4=\xda\x0dm\x86\xb6\xe3U\
\x1e\xb9\x5c\xca\x8c\xad\x17\x1b\xb7\xd7\x8a%\x89\x13\x1a\x1c\
,\xf5a=\xe2\xf9 \x9d6\x98\x0d\xa8\x03w<\x12\
|\xc2\x04>\xcc\xbf\xfd\x9fq\xe6\xad\xf9\xdb\xcd\x07K\
*\xa2\xefF\x96\xd0\xfbu\xef(\xe3M\x8f\x92\x0e\x0d\
\xf2\x97v\xe5\xeaW\x99\xad\xeb\x0bWW\x9b:+\xc8\
\x86\xf6\xedl\xeb\x7f\x8d\x9c\x22\x00\xf9\x1d\xda\x9a\xcf\x9e\
\xd5\xdf7o\x1b\xbbM\xe7\xb2=\xfb\x81\x82\x88}\xdc\
j\x9b\xce\x8d\xdb\xeb\xcc\xde}\x07L\xe7Ny\xa6K\
A^\xc2\xd09\xb1\x10\xcf0\x15\x9f\xbd\xc6\xce\xe3\xc6\
 t\xc2\x8c\x0a~\xd4\xf0.\xe6\xe8\x11\xb9\xf37q\
\x15\x09\xdf\xb4\xd7\xe7n\x93\xc6J\xe5\xa4b\xfaA\xa5\
f\x80\xa5\x11\x9f7\xb9\xa7\xe9a\x85\x0b\xb3\xaeTO\
\x19`\x00\xb9\xe3\x91\xe5f\xd1\xda\x8f\x02\xeev\xb3\xb3\
\xb5\xab\xce\xec'\xb35\x9eM\x1a\x90\xfd\xff\xcc\xa5\x15\
\xe6/\xcf\x1d\x1a\xb1\x9a\x0e\xf1\xd1\x1f\x1dc\x0e\xd8\x0a\
\xc9\xee7\x8e\x0aq\x8f\x91\xec\xfd\xe9vx\xf6%e\
;\xcd\x13ol0o\xcc\xdd\xee\x99\xfenv`\xbb\
\xe0\xc4^\xe6\xecc{\xc8\xf7\xca\xa3\xf9\xa4y\xf5\xa6\
\xddr\xc2\xc3\x9b\xf3\xb6{\xc6\xad\xe3^S\xc6\x97\x9a\
O\x7f\xbc\xafm\xb0m\xe5\x99\x93\xcd?\x04\xe3=\xcf\
\xad1+\xec`\x13\xfb\x9cC{\x17\x98KN\xee-\
\x9d\xaf\xbb_\xa2[\xf2\xe7\xaf\xce\xda*\x9dy\xb9\x1d\
\xcc\x1d\x1d\xdb\xb5\x912\xbe\xe1\xd2!\xa6\xad\xcdX\xf2\
(\xbe3sdK\x9891[\xbd{\xbf<\x13g\
\xf6-X]s\x88\xc3\xb1\x17\x08gv\x92q,\x19\
\x03e:\x9dM.\xeb#\xb3\xd5?<\xb5\xda\xac\xb3\
\xed\x8c\xf4\xf0\x1a\xff\x1d.\xac\x17\x1c\xc3\xc43'S\
f\xb1\xf0L|\xbe)\xdao6\xe1y\xf7\xee\xff\xd0\
<A\x9b\xb1\xa2\xc1/\x08*\xd6\x9b\xf3\x8e\xebi\xce\
9\xae\x87\xa4\x9d\xfa\xc2c\xe7B\x981\xc8Q\xdc\xaf\
\xdb\xfe\xe0\xbd\xc5;\xcc\x8c%\x95\x81K\x84X\x95\x8e\
=\xa2\xd8\x9ci\xeb<\xf5\x854\xa5Z\x9e\x99@\xbb\
\xf9\xf4\x8f>\x90\xba\xe5\xc7]_\x1fo\x05T\x1b\xf3\
\xc8k\x1b\xa2\xef\x18\xd9h6yL\x89\xac\xb2\xe4\xd9\
\x81:\xa8\x1e\xd0F\xf7\xd9|\xd9\xb0m\x8fy\x7fq\
\x85,crD\x13m\xado\xb7\x8e\xe6\x02[\x9fb\
\x0f\x89o\xca6\x9d\xeb\xf1%\x16gu\x5c\xb7\xb9\xd6\
\xe6\xedzq+\xa2\x9f\xc6\x7f/\x1e\xee\xc9\xe4\xc8\xaf\
?\x8d\xe5\xff}\xac\xaf\xd5\x00\x1f=\xab\xe7w7a\
\x1e7\x06mn\xb5D\x7f\xce)t n\x96\x11\x0f\
\xfe%t\x98\xecra\xf0\xc2O\xacwi\xe6K\x92\
^P\x99P\xd4\xcc\xb2\xee|b\x95\x88E\x1aZ\xb4\
\x8e\xf9\xc2\xef\xf9\x1cA\x06\x9fzk\x93\xd9\xb4\xa3\xd6\
\x0c\xb5\x1d&\x9d\x1d\x85\x9al\xb9V\xee\xdck\xa6\xfe\
s\x85\xd9\xb5\xe7@\xfd\xb5\xa5\xb2\xce\xa6\xb9\xa3\x19\xde\
\xb7@\x1a?>\x0c\x04H\xfc\xc5C\xcbD\xf9\xc7C\
't\x8e\x15J\xabmC\xa0\xe3\xecl;\xc7\xce\xb6\
\xe2\xf3\x0c\x89\xee\x8f_\x1eV\x84\x83\xb6\x1f\xfb\xc3\xd3\
\xabE\x0c\xd3\xa0\xfc\xd2\x8f%m\xf6\xf2*\xf3\x9f\x19\
[\xc5\x17\x88g\xb3\xed\xb5\xbe\xf3\xa5#\xa6\x91\xd0\xc0\
\x7fe\x07\x8a\x15\xb6\x91\xd3\xb9{\xc1\xbdp\xb8E\x10\
\x0d\xe8\xd1\xd1\xceV;IZh\xfc\x89\x1a\x06\x03\xcc\
\xc3\xaf\xac\x97\xa0\x8e\xb1ic\xa6\xc7lw\x84\x1dt\
\xe7\xaf\xaa\x92N\x84e\xb1\xa0\xfb\xf1+\x1c\xd29\xdc\
9\xf6^8\xa83\x98\x9d?\xb9\x97\xcd\xb3ZY\xae\
`\xc6\x17\xdb\xe9:H\xcb\xe3\xafo\x8c\xbej\x08\x03\
)\x0d\x9f|#/\xba\xda\xfc\x1e\xd4+\xff\x90\xfaL\
]\x5ce\xc5\xec\x1f)\x87GV\x9awl\xfd_k\
\xc5\x06\xbb\x18\x93\x81\xbcX\xb4\xa6\xc6\xfc\xeb\xcd\x8d\xd2\
A\x1di\xdb\x91-\x15\x99\xe9'+8rU\x1f\x0b\
\xad\xf0\xa6\x93\xfc\xf9\x83\xcb\xa4\xdd3{\xe5\xde\xb4!\
\xca\xac}\xbb\xd6\xb2\x9cI\xa0N\xea\x1e\xbef\xc9\xb4\
\xf7\xa6n\xbf\xd9\xe4\x9d\x05\x15\xe6\xe6\xbf,\x14?\xa6\
\x8a\x1a\x7f\xf1\xc3\xef\xde\xb3\x82`\xe6\xb2J3\xd1N\
X\x0b:F\xea7\xf5\x97\xfa\xea\x05\x93\x15\xfe\x8e:\
L\x9f\xcad7\x99\x89.\xc7\x17\xfd\xe4\xfe\xa5\xe6\x99\
\xe9\xe52\xd1\xc2\xfa\x1d\x04\xbf\xe7\x19\xe8\xdf)\xcbA\
=\xf3\xc5:AqP\x17s\x99\xaf\x88#\xbe\x97v\
\xe3\x07\x1bJ>uj\x1f\x899F\x00r\xc0\x1as\
\xdc\xe8\x123f`\xa1\xfc\x9c\xa8\xef\xe1\xf7\xe4]Q\
A\x9em\xdb\x05Rgho\xbcw\xf4\x88.\x22|\
\xdc=\x9a\xbaM\xe7z|q\xd0\x9e\xaal\x7fy\xd7\
\xbfV\x9b\xdf>\xbeR\xfa}\xee\xe5'\x90y\x9f\xe7\
\xa0/Ht\xd5Zq\xf9\xb1\xa3\xba\xd9\x09W\xa5\xf4\
\x0bl\xb0\x88-\xa30\xf4\x9b\xb9&\xf1\x14\xaa\x99\xf1\
\xe4\x9b\x9b\xcc\xd5?\x9fe\xde\x98\x17\xec\x93\x10\x04b\
\x84\x0e\xe1\x8b\xbf\x9acf\xaf\xa8\xb2Ej\xa42Q\
a2\x81N\x82Y\xc5\xb3\xb6SL&@\x223\xbd\
\xb2-\xbb\xe5`^\x96\xfa\x12AGB8\x11\x06\xb6\
\xcf\xdd>K\x06\xa8da\x90\xfd\xf6\x1f\x16\x88\xf8\xc1\
\x0aD#Dtp\xafko\x9fm\x1e\xb5\xb3\xd1D\
\xcf\xeb`F\xf5\xe3\xbf-\x95\xa5\x05fD\xeb\xed@\
\xed'\xe6\x92\x85\xf4\xbfg\x07\x15\x8e\xe5Jf\xa0\x0e\
\x82\x19\x14\xcba<\xdf\xbfgl\x91\xe5\xd8\x5cp\xf7\
\xd3k\xcc\xf5\xd3\xe6\xca\xae/\xbf\x0e-Y(\xcb\xeb\
\xa7\xcd3\xfbm\x19\xd0\xf1$\x1aP\x93!\x93\xfa\x88\
XO\x06\x84\xd5s\xef\x96\xdb\x8evWR\x7f\x13\xe6\
\xf6\x9b,|\xcf\x13vbp\xeb}\x8b\xcdV[W\
\x93\x85I\xcd\x17\x7f5\xdb\x0a\xb4\xc8\xcaC\xb2\xed-\
\x11\xdc\x85\xbc\xff\x8d\x1d`\x7fx\xefb\x99\xa8\xa5\x03\
ey\xc3\x9d\xf3\xcc+\xb3\xb6\xca \xce\x8e\xf9l=\
\xa3\x17L\xc2\x16\x97\x05\x1f\xf5\xf7q;\xc0\xb3\x04\xcb\
\x80\x0f\xf4\x81\x08\x94\xd1V\x94yM\xb8\x82`\xd0f\
\xd2\xc7\x0ebBdp\x0d\xb3\xf7\x8a\x9dP\x84\xb9M\
gk|\xe1\xef\xfe3s\xab\xb9\xe2\xa73\xa5\x1de\
\xbb\x8c\x9d\xc5m\xe9\xfa\x9d\xe6i\xdb\x9f\x97\xef\xa8k\
\xd0\x9f\x87\xbd\xdf\xcc\x06-J\x98\xb1\xac\xc2\x95\xad\x8a\
\xc4r\xdd\x0f\xeeY,\x03\x0b\x02csED\xac\xa4\
\x0b\x9d\xc6\x5c;\xeb\xfc\xdd\xbfVE\xdfI\x0c\xdf\xc7\
,\xa9\xce\x0e,\x89\xa0a\xd2\xe9~\xed\xb7\xf3\xc4\x8f\
%Uh\x04\xd3\x1e[)3\x98\x12;+\xa6\xb3\xfb\
\xfa\x9d\xf3\xc5|\x9d*\x94\xc1\xaf\x1fY!\x0d\x81\xfb\
,\xb7\x8d0#qf\xff\x94\xe7c\x80e\x991\xd3\
A\x96\xbf\xe7\xd9\xe8\xd4\xb3\xdc\xef\x08\x94\x03\x83s6\
;5\xee9\xf5\x9f\xcb\xc5\xa7c\xd6\xb2J\xe9h2\
\xc9\x86L\xeac\xb2E\xc9\xe7\xc9\xe7\x0d[\x09y\x13\
}\xd3\x87\xb0\xb7\xdfd\xa0<\x9e\x9d\xbeY\xd2\x91\x0e\
<\xf3\xcd\x7fYd~\xf1\xf7eb1\xcb\x06,Y\
\xdd\xf6\xc0R\x19\xb03\x85\xb2a\x89\xf5\xf9w6K\
\x7f\x83\xd5-\x97\xe7Jb\x01\xf5\x03k\xcb\x09cK\
\xe4\x19\x1cX\xbb\x10V~'R$\x03u\x85\xa5P\
\x96\xe7\xf8\xd9\x11\xf66\x9d\x8d\xf1\x85\xb4m\xb2\xfd\xfd\
\x9dO\xac\xccX\x14%\x82z\x83H\xc3\x22\xeb\xf2\xf4\
p\xe87\xb3A\x8b\x10f\xe4\xf1C/\xaf\x93\x02M\
\x04\x0d\x8d\xa5(\x96V\x99]$j\xc0T\x90?<\
\xb9Z\x9cvq\x98\x5c\xb1!=\x81\x81\x89y\x95\xad\
\x80t\x90\xc9V\xba\xda\xbaH\xc3\xe0\xe34\x92\xa0\xca\
4wE\x95y\xea\xedM\xe6{\x7fZ\xe4\xe9\x03\x90\
,\x88\xb0\xdf\xdbAe\x96\x9d\xb5\x7f\xe3w\xf3\x93Z\
\xd3\xf7\x83\xe7x\xe9\xfd\xcd\xe6\x08;{\x9d\xbe`\xbb\
Y\x9b\x85sN\xb1ve\xb3Qq\xbf\x5c\x10;X\
\xc4C\x87\xef\x96C?qRo\xf1\xc1\xe4_\x22\x94\
\xe3\xa7\x17\x04\xb3H\xea\x11\xe7P\xbe:{k\xd2\xe6\
\xfdx2\xad\x8f\xc9Z\xcc\x80\xa1-\xa8\xcd\xf0\x9b\xb0\
\xb7\xdfd\xe0\xae\x15v\x90\xbb\xfb\xe9\xf4D\x99\x83g\
~e\xa6-[+\xd22\x85\xf6\xf6\xe7g\xd7\xf8Z\
 \xc9?|\xf2\xf0\x99\xbc\xff\xa6\x89\xe6\xc9\xdb\x8e3\
\xb7_7\xc6|\xf9\xc2A\x92\xcf~ <\xb1\xa6\xb3\
\xec\xbapMMN\xf2\x94e\xa8\xa0\x09&.\x1b\x08\
(\xea2DV\x0c:\x9b\xa2\xfc\x86\xcbr\xd9\x22\xcc\
m:[\xe3\x0b\xd7O\x1f\x5c\xeaY\xf7\xa8+\xa4k\
\xeaW\xc6H=\xc1O\xed\x97\xb6\xae\xb0#;V\xc0\
&b\xcc\xe0B\xa9/\xbb\xa3g\xe7\xd6\xed\xfb\xe8\xbb\
\xc2\xdeof\x8bf/\xcc\xa8\x84\xcb\xd7\xed4\x0f\xfc\
{]\xf4\x1do0KO\xfb\xda8\xf3\xcc\xcf\x8f3\
\x7f\xfc\xc6\x91\xe6W\xb6r\xfd\xf9\xc6\x09\xe6\xf1\x9f\x1c\
+\x9dRPDr*\xed\xcf\x1fZ&V$\x96&\
V'\xb9,\x13\x0b\x1d\xed\x97\xa6\xfa\x07H\x8c\xafX\
\xecXm`vM\xf0u,3\xfc\xee\x89U\x874\
(\x1c!\xa9\xbc\xa4\xf13\xa7\xf7\x93\x01-Q#b\
f\xfd\xbd?/<D\x94\xe1\xd4\xcd\xbd\xbe\xf1\xa9\xa1\
\xd2(\xf0kI40\x22\x16\xb1\xc0\x0d\xec\x95of\
/\xaflv[\xb6\xfd\xe8\xd8\xbea\xbe\x14\xe5\xe7\xc9\
\x06\x0b\x06\xbd\xc7~|\x8c\xd4\xc1[\xaf\x19i>k\
\xf3\x11\xe7\xe2k\xcf\x19 \xc7\x18\xb1]\x9f\xba\x1aT\
F89\x0f\xb6\xf9Yn\x07Ff\x80\xe9\x0c\x8a\x99\
\xd6\xc7l\x09\xda\xc3\xa5\xfd&\x03%F\xa0\xd2D\x96\
\x06\x06\x16\xca\xfa\xeeo\x1d)i\x22\xd4\x03\xed4\xdb\
\xe0\xa35\xdbN\xb0\xfc\x04/e<\xedkc\xcdW\
/\x1alF\x0e(\x10\x7f5\xa2\xeb\xb7\xcbkeN\
\x1e_j\xa6]?N6\xbaxA\x1a\xf1\x01\xecY\
\xd2\xc1\x8a\x82Z\x19\xf4\x92\x15\x04\xc9\xc2qHA\xf0\
\xdd\xe0&\xa2,9r\x84\x1fK\xa0\xb9 \xccm:\
\xd3\xf6,Of\xff\xf3\xd7\xe7\x0f\xdd,\x00\x08\x9a;\
o\x18'\x1b\xbbhk3\x97U\x885\xb3c\x876\
\xe6\xf3\xe7\x0e\x90\xba\xec'\x8e\xbe\xf7\x99\xe1\xb2Y\xc5\
]\x9f9\xad\xafY\xba\xee#1\x1f\xdb\x95\x84\xbd\xdf\
\xcc\x16\xa1r\xfeg{\xf8\x90\xde\x05\xa6\x8f\xed\x84P\
\xbf\xd9\x98\xd5\xe0\x17\xf0\x8d\xdf\xcfo\xb0u6\x16\x0a\
\xea;\x9f\x1en.\x9e\xd2\xcbl\xad\xac\x93\xdd,,\
\x11|\xb0\xb4Rvz\x11\xb3f\xd2\xa8b\xd9%\xca\
\x0e0\xbf\xc2\xc2q\x9c\xad\xe3\xec\x0e\xc4\xc7b`\xcf\
|\x99\xad\xc5\xa7!\xc8i<\x1e\xf2\xe0Z[\xa9\xbf\
s\xf9p\x11M\x5c\xec\xacaG#\xc7\x89\xe0\xef\x85\
\xaf\x17\x8dh\xcc\xa0Bi\x10\xc9\xde\x9ft\x7f\xe1\xbc\
\x81\xe6\xdb\x9f\x1e&\xa6}\xee9id\x17s\xceq\
=\xcd\x80\x9e\x9d\xc4\xbf*\x95\xb1\x95J\xff\xfd\xabF\
\x98cl^\xe1\xf8=qD\x17i0G\x0e+\x92\
\x1d^~\xf9\x86\xd9\xf8\x88\x81\x91\xf8s8\xcb\xb3}\
\x1d\x87\xfb\xf8|\xc3\x9c\xed\xb7tC\xfd\xc1\xf9\x1f\x7f\
!:_\x1c\xed\xbbui\x1f\xe8\xc8\x99\xa9\xe3t\xa6\
\xce\xff\xd4\x0d\xfe\x1e1K$\xf2\x9b\xae\x18.\xce\xf0\
X0\xd8\xf9E\x5c&v\xb7\xbeo\x07B\xd2\xc5\xce\
C\xca\x9b\x5c<\xfb\xd8\x9e6\x7fX\x96\xf0\x1e\x98\xe8\
P/\x9e\xd2\xdb\x94m\xdem\xd6\x96\xef\x91\xdd\x88|\
\x9f\x17\xb9\xaa\x8f\x84\xbbap\xce$\x8f l\xed7\
\x13\xe8\xffp\xcc\xf6\x83\xb4\xdcz\xf5Hs\xa5\x1dT\
\x10\x86L\xa2\x98\xd8\x8c\x1b\x5c$\x0e\xecl\x8ar\xf9\
\x95\x88d\xea0y\xfd\xed\xbb\x17\x88\x83x<\x08\xc1\
;\xbf>^\xce/}\xe2\xcd\x8df\x86\xcdO\xc2F\
\xb0i\x82v3\x7fU\xb5\xd4\x87K\xecD\x0c\xcb\xd5\
\xd2\xb2\x9d\xd1\xbf\xfc\x08\xdc\x00N>\xb2T\x9c\xcdq\
\xd0fc\x80_=L\x15&p+\xd6\xef\xf4\xed\x13\
\x804\x1fwD\x89\xec8GT\x14\x17\xe4\xd9>\xae\
D|\xa7rA\x18\xdat\xae\xda\xf3D\x9b\x97,\x03\
3\x81i`\x10\x88r\xf3\x15#e\xc3\x1e\x0e\xf5\x08\
f\xca\x9e\xd5\x15\x5cT\xd8I\xcf\x18\xc3\xd8\xfe\xdf\xd9\
[\xa3\x7f\xf1\x11\x8c\x19\xf4\xe1Km{\xc5?\x98\x8d\
\x048\xfe\xd3\x06h\x13\xdd\xbbt\x10\xeb7\xf55\x0c\
y\xdc\x18\xe4f\xea\x90\x22\x98\x0e)Lv\x0a2\x8b\
c\xf7\x06\x07\x1c\xe3\xec\x1at1\x13\x0a\xea\xa4\xb8\x17\
\x85\xe5\xe7\x03E\xa1sF\xe7\x94q]e\x17\x12g\
\xa3\xb1\xed\x96\x0e\x9eX,\xe5\xb6\x13b7\xd4cV\
I#\x1c~\xf1\xc5\xd1\x813ov\x1bb>/\xec\
\xd4F\xb6\x9a'\xe3\x90\xef\x07\x02\x05\x95\xcf\x16yv\
\x90 lq\xc2$\xce\x0c\xb3\x00\xe2\x84-_\x1f\x11\
\x16\xd2\xcd\xa4\xd0\xd7\x90\x86\x9f~\xfe\x08\xe9T\xd9\xe9\
u\xf73\xab\xe5\xe0_\x96\x1f\xd8\xadx\xacm(X\
\x19\x92\x81<\xe4\xb34p\x1a\xe1\x9f\xe2\xee5\xacO\
\x81\xf9\xe9\xb5\xa3\xa2\x9f\xf6\x86\x8e\xbe\xd0\x8a1\xca\x92\
Y\x16\xe5\xd6\xdc\xa1\x9e\xfc\xfa\xabc\xcd\x837O\x94\
m\xdb\xf3m\xbaYRz\xe4\xd5\x0d\x92\x07\xc4\x8d\xc2\
\xc7\x02a@\x1e\xe3\xa8L\xc7A}f\x87\xeae\x1f\
\xeb#\x9d\x93\x17\xd4w\x04/\xe2\x14q\x94(\x94D\
2\xa4Z\x1fcwQ\xa5\xcb\xe1\xdc~\xe3a\x90!\
\xcf\x82\xc02\x86\x90\xa0\xdd<\xf9\xd6&\xf9<\xbb\x09\
\xef{\xb1L\x9c\xadO\xb1\x22g\xda\xf5c}\xcb=\
\x15hkl\x96\xf1[\x0a\xfc\xcci\xfddi\xf7a\
\xdb\x96\xc9O``\xa4\x1e\x22\x16\x117\x0c\x82\x082\
\xfa\x11\xca\xc2\x0b\xd21\xc8\x0e\xaa\xc4\xa6\xc2\x22\x9e\x8c\
\xa8L\x06\xaa\x97{.?\x88\xc1\xc8\x06\x04\x06mv\
\xdda]\xc9\x91\xb1L8\x9c\xdat\xaa\xed\x99g\xa5\
\x7f\xf7\xb2\xb8a\x148\xdaN\xea\xdf\x9c\xbf\xad\xbeL\
H#\x13\x01\xfc\x0c9\xf2\x0aW\x15\xc2\xaa`\x80\x89\
\xe7\x81\x97\xca\xea\xfd\xc9\xc8\x07\xda\xb0\xf3K\xa4\x1f!\
\xa6\xa6\xebN\x0e\xb7~3]B!\xcc\xd8>\x7f\xe3\
\x1f\x16\x98o\xdc5\xdf\xfc\xef\xef\xe6\x8bC\xf9\xff\xfc\
v^\xc2\x0b'F\x1a\x1a\x81\x19\xc9\xc8x\x0b\x0f&\
k:\x06?\xe8\x04\x99!<\xf9\xd6F\xd9\x15\xe6\xa0\
B1;\xa0\x00\x87\xdaY43\x0b*.3j\x96\
\xea\xfc@\x9d3\xf3f\xb6\xcdrH\xa5\x9d\xb1\xc6?\
S2\xd0h\xa6\xda\xca\xc7\xe0r\xbf\xad\xb4\x0c\x12\x84\
\xb9@\xbc\xb2\xecp\xd7\x93\xabd\x16K\x87\x03T>\
\x02\x1d\xba\xca\x1b\x04\x95\x15\xa14np\xa1\x0c\x00T\
V\xd7Y\xf2\xbb\x8d\xdb\xf6\x98W\xe7l\x938S\xcc\
R\x12\xf1\xdd\xcf\x0c7\xa7\x11Q\xfb\xddr\x11\xd8n\
6\xc5\xbd\x985\xbd<s\x8b\xe4\xb1W\x83t0K\
\xc2\xcaF#\xc0\x113\x13\x1f\xb8\xc3\x09\xac|\x08\x87\
\xbf>\xbf\xc6\xbcn\xf3\xbc~\xc9\xc5\x16$eJ\x1d\
\xa4S\x22\xac\x03\xf9G\xdc\xaf\xc9c\xbaJ\x9doc\
\xffCg\xe8\x07\xcb\xcc\x9c\x86\x81  @h&K\
s\xe9\xd4\xc7l,\x17\x1d\xae\xed\xd7\x0bD\xcd\x7fl\
[\xf0\x03?\x18\x9e\x0dk\x1d3v\x07y\x89\xc5\x82\
A\x91\x9d\xcf\x84\x86\x99\xfa\xd51\x92\xa6L \x8fp\
#\xf0\x02k\x19\xed\x7f\xe6\xd2\xcaz\xd7\x07\xda3!\
\x13N\x18S\x22V\x85\xab\xcf\x1a \xe2-\xbfc\x1b\
\xb1\xe4\xf1\xbe\x17,\x09\x91\xf6\xae\xb6,\xb0\x84 \x94\
\xb2\x05\x1b}\x82`)sg\xd4\x1aH\x1e\x16\xd8>\
&\x1b\x13\x86 \x0e\x876\x9dN{\xe6Z\xbf\xd5{\
\x82\x84e\x09\xcb\xb4[\xe2\xa4\xbc\x11\xc1\x84\xbc\xa0\x8e\
|\xce\x0a=,\xd6\xd0\xcfN\x90\xe2\xc1}\x80\xc9y\
\x8f\xe2\xc8\xd23yE>a\xad\x22N\x1c\xcb\xcf\xd4\
?\xc7\xe1\xd2ofB\xe6\xbdg\x13\x82\xc2\xa5\xa1\xbd\
\xf8~\xb9\xf8=\xc5\x0f\xe8\x04\xdb\xa3\xb3\xf5\xe3\x13'\
\xf7\x16Q\x88\x0f\x04\xd0f\xa9\x0c\xc4\xbe\xb9\xdcV(\
\x02\xdd\xe1Cq\xfe\xe4HpGD\xc7Y\xc7x\xfb\
T8\xa8\xe0T\x0a\xc4\x0e\xa6\xd9T\x157\xb3\xd1\x1f\
\x7fn\x94D\x99fPr\xb1w\x5c\xa5\xc3\xccL\xa5\
\xa7\xf2\xb9JH\xe5\xa5\xd2%\x03\xd6-\x82*\xd2\xf0\
X\xe6p\xf0\xbd\xdcg\xca\xb8Ri\xb844\x8e\xcf\
\x09\x02\x07`\x06\x94g\xad(#\xad\x0e\xeeEg\x8d\
\x89\x99FE\xe7\xc8\xb2\xa6\x1f\xdb*\xf7Jc\xc6\x9a\
A\xbem\xb1\xaf\x9b\xaaA4&\xa4\x90\x0e\xc9\x951\
\x9d\x0fy\xd7\xad\xb8\x9d,+s\x84\xd1%'\xf5\x91\
\xa3\x8b8\x98\x9fN\x86\x98;\xc7\x8c*\x91z\xe5|\
h\xbc`\xb2B\xdd\xe0s8a\xa7k\xfcI\xb7>\
\xb6j\x95y\xf9\x1d\x8e\xed\xd7\x0f\x96\x15\xfd,\x7fp\
\xe1\x89\xbdd\xf3\x0b\xb3~\x07\xbe\x97c\xed\x04\xeab\
\xfb;\xd22\xd9\x8a\x9f9+\xabdi\xf0G\xd7\x8c\
l0X\xa5\x0ay\x81h\xf2\x82%f\xc6\xe4y\xab\
\x22K>|\x0fV\x04\xfa\x03\xa2\xc2\xd3\xb6\x19\xbc\xd8\
\xc5\x86\x88\xc3BA\x8cC/H3u\x06A\xc9w\
\xe2\xbc\x9d\x8d<EX&\xdax\x84\xdf\x13\xe2\x03\xa8\
\x1b\x88Y\xfe\xcd%ao\xd3\xe9\xb6g\xfac\xc6\x04\
/z\xdb\xfa@\xfdv\xf07gN\xea!\xe3\x0cu\
\x846I\xd4}\xda\x94\x9f\xb5\x8a`\xd1\x1dm}'\
\xbf\xa8S\xf8(#\xe8\xce\xb5\xed\x96\xba\x16K\xd8\xf3\
8\x1b\x1c\xd6\xc2\xcc5L*\x15\xbe\x0f8\x0c\xbaF\
O\xc72\xdb\xa7\xe3\x01|\x5c\xb0\x1a\xc5\xae7#\x0c\
8\xa8\x96\xf5\xf4\xd8\xca\xc9E\xe5b\x87\x11\x85\x8a\x1f\
\x8a\x1f\x0bW\xd7\xc8\x11*T\xc2tB@\xb0\x9c\xc1\
\xdf\xbf\xf4\xfeG\xf1\xb3\xa8x\x98\x98\x89\xae}E\xd4\
\x17\x80\x8e\x9ag\xa5\xe21[M\xc6B\xc1\x80\xc5L\
\x98u~\xacY@GE\xba\xa7\x8c\xefj\x07/:\
\xdeB\x99\x91P\xd1\xddq+^0Kb\x86\x8fu\
\xcd\xcd\x94\xb8\x17\xf9\x84\xc9\x9a\xc1\x90{\x113\xa8S\
\xfb\xd6\xf2y?\x08o\x014@\xfaM\x04vj\xb9\
vx\xc2\xe0B\x1d$\xff\xa9k=m\x07w\x9a\xed\
L>1\xa5\x8f\xad\x83\xc52\x18\xba:\xc8g\xa9\x07\
\x5c\xfc\x8cs=\xd1\xeb\xfd\x88u\xbe\xa7\x1ea\xa9\x88\
y+i\xd2\xad\x8f,\x1de\xc2\xe1\xda~\xbd -\
\xb8^\xf8\x81S4\x96?\x96N\x1c,\x01a\x11<\
\xde^\xf8\xee0\xb0\xe1\xfb9iD\x17\x09\xec\xc9\xe7\
O\xb2m6\x1dHQ\xd02\x0d\x96r\x8e\xb6ri\
g\xd9\x92\xe5b\x96\x91\xa8{\xb1\xe2\x86\xbe\x97\xbe\x87\
\xfc\xf6c\xe5\x86\x9d\xa6\xa8\xa0\xad\xd4I,\xf2\xd9\x9a\
t\xf9=\xbf\x83\xdf\xb3\x92\x02|'\xd1\xffsM\xd8\
\xdbt\xba\xed\xd9~D>\xe7\x05;\x18I\x0f\x90\x8e\
A\xbd:\xd9t\xb6k\xf0\xf9H\x9d\xf9\xf0\x10\xe3I\
,\x18Y(\xb3mv<\xe0_\x97O\xf1\x84=\x8f\
\xb3\xc1a-\xcc\x9c\xfa\xa6b\x10\x8b\x07\x7f\x09\xd7\xe8\
\xc9\xe0\xa0\xce\x10\x15\xcdg\x9d\xa8\xa0\x10\xc7\x0e*\x12\
\x0b\x0f?\xc7v>\x0e\x0a\x97\x86\x8eS\xa9\x1f(y\
:\xd5B\xdbQ\xf1\x5c\xc4\x80I\xb6`\x11/\xcc\x9c\
\xf1\xddp\xa2\x93\xef\xa4\xa2!\x9a\x10J\x0c0T:\
\xd2\xce\x8c\x84\x0e\xda\xcbY\xde\x0bw^\x99\xb30\x00\
\xf7c\x87\xd5\x11\x03\x0a\xed\xcf\x91\x19\x0b\x97,?\xd8\
\x8e\xd8\x0f\x8e/\x02\x96\x1e\x1dr\xaf#K%o\xf9\
\xd9\xdd\x87\x8bN\xdd\x0f\xe7\xb7\xe0\xee\xb9\xdb\xce\x84\x9a\
\xa2146\xe4\x0f\x16\x08fx\x9f:\xb5\xaf\xb9\xe8\
\x84^f\x98\x15\x1c\x94\x03\x9dHP\x992 &\x0b\
Y\x99N~\xe6\xba>\x06q8\xb6_?X\x12Z\
fE\x9e\x1f\x93\xc7v\x15\x11\xe4\xac\xce\x94=\xe2\x91\
02<\x0bi\xe1\xa2\xcc\x990\xb9\x81\x85t\xa6\x03\
}%\xcbV~0\xb0R\x07\xb16ba<\xef\xf8\
^\xa6wW\xff\x93Xx6\xacS~l\xaf\xde'\
\xcb\xa0\x0c\xb6b\x0d\xcfR\xdb\xa6<\x13\xc1\xf7\x02\x83\
~\xb2\xee\x1e\x99\x10\xe66\x9dI{\xa6\xec\xfd\xf2\x1b\
\xab(;\x9a\xf9;`I\xd2\xab\xae \xe0\xb1p{\
\xc1\xc4\xa3zwd\x1c\xc0J\x85\x1b\x81[J\x8d'\
\xccy\x9c-\x0eka\xd63\xda\x19\xe0\x5cH\x06\xba\
\xd9\x11P1\x82:CD\x0a\xbb\x89>ZGo%\
[\xc2\x13uv\xfc\x1e\xd3\xad\x1fnF\xc0\xec\x8c\x81\
\x83\x8d\x0c~\x15,\x1e\xe7\xd3\xc5q\x13@\x1d\xc2\xfc\
\x8e\x0f\x17\xcf\x1b\xdb0\xf8\x1d\xaf\xb9R\xa8k\x0d\xa0\
\xd3g\xb9\x91\xb5x*t<N(%\x03\x03\x06\xbb\
kh ^y\xc8\xec&\x19\xe8\xbck\x02fU\xcd\
\x0d\xf2\x9dN\x89\x8b\xf2\xa0\xde2H\x93\x0fA\xf0w\
\xb1\xcb^AP\xfdd\xe6']M\xf24v}\x8c\
\xe5pl\xbf~\x90'A\x8e\xea\xfd\xbau4\x15v\
\xa0t\x16\x0c\xcav\xec +\xca|\xd2\xe25\xe8\xa5\
\x02\xf7gc\x84\x1f\xf8\xe3q\xc4\x0d\x9b\xb1\x18$q\
\x88f5\xc2m\xba\xf2\xba8\xaf\xd0\x0f\x97.\xb2\x91\
\xd8T~Kb\xa9@\xfb\x08\xb2\xd2\x01\xcbR\x0eW\
wm\xed\x8c\xbe\x93;\xc2\xda\xa63m\xcf\xec\xb0\xf7\
\x82M$;\xedd\x9aI9\x02X\x8e\xc4\x8b\xfe\xce\
A\xda\xd9\xe9\xe8\xb7|>\xd0N\x06\xa8g\xc0\xa4\x8c\
\xdd\xa5A\xcd.\xacy\x9c-B!\xccP\xe7?\xb9\
v\x94\xc4\x1eJ\xe5\xfa\xe2\xf9\x83\xc4O\xca9\x9c\xc7\
\xc3N ?\xf8N\xa7\xd0\xe9\xac\x07\xf6\xe8T?\xbb\
\x0a\x82\x0a\xc7\xba\xb9\x1f\xce\xfa\xe3*9\xfeSA\x15\
,\x08:f\xfcJ\xf0)IE\xe9'\x83\xa4\xd96\
T\x8e\x14\xf1\x1b\xcc\x92\xad\x90<\x1b~\x08X\xdd\x12\
\x0d\x8c\x89 \xaf\xf6\x88\xf9\xb8\xf1\x1bCS\x11[\xb4\
\x84T\xf8\xaf\x1d\xe4\xee{\xa1\xcc\xfc\xe4oK\xccu\
\xbf\x9ec\xae\xb8mF\xfdu\xfa7\xdf\xae\xbf\xd8E\
\x98,\xd9\xc8\xce\x5c\xd6G/\x0e\xf7\xf6\x1b\x8b_\xb8\
\x0f\x10\xeb\x5c\x8c\x93=KM\x88\x8e\x5cfqP`\
V|\x8f\xd8\x88\xe56cq\xcc\x92\xd7\xe6\xab\xd8\xeb\
\xe9\x04\xa7\x06\xb8,d\xdc\xc4\xe74\xd3<\xa5\x7fH\
4\xd9\xdbeEv\xfdg\xec\xf75\xe6n\xef\xc3\xa1\
M\xa7\xda\x9e\x11A^.)X\xdf~\xf3\xe8\x0a\xb1\
\xb0}bJo\x11I\xb1\x8f\x86`\xe2\x9a\xf6\x98\xf7\
1P\xec\xea\xe4\xden\xf5\x05qG\xb9%z\xa4\xc3\
!\x8f\xd3%\x14\xc2\x8c\xc8\xd2\xf8S\xa0fS\xb9\x10\
el\x91\x17l!\xc5\xfbY9\xdf%/\xb0\xb6\xb9\
\xf8=\x94o\xa9\xed\x0c\x93\x9d\x89R\x91\x13\x81\x13%\
3N\x06\x8ftD\x06\xe9C\xec\x10\xdb\xc9\x0d\x12\xd9\
\x84;\xd20\xb3qo\x1a\x08\xfea<s\xa6 \x06\
\x9b\xa8-4\x09T\x0d,?\x1c\xc8+\x9d\xc8Og\
\xc8\x916\x84\x1c!\x1a;Ku\x0c\xa2\xeej*r\
]\x1f\xbd8\x9c\xdbo<^\x91\xd2\x1d\xb8\x0c8+\
1m\x09_2v\x11\xe6\x92\xd8\xd5\x85\xc6\x86H\xee\
\x99\xb7\xf2V\xb2\x93;\x08\x06z\x96\xe9\x10\xee|\x1b\
\xc7\x0a5F\xefr8\xb4\xe9t\xda3\x9a\xea[\xff\
o\x98\xe7\xe7I\x17\x22\x1ek(+0\xb1\x9f\xc1=\
\xe0\xcbV(yY\xaa\xf8\xdc\xe7\xcf\x1b(\x13\xa2X\
\xbfg,\xd6A\xd6\xcd\xc3\xa5\xdfL\x97P\x083\x07\
&\xf4T.\xc23\xb0\xbd\x1d\xda\xda\x02\xc6\xe1\x10\xb5\
\x9d\x0c|\xce-Q\xf0\xaf\x97\xf9\xd5\x0f\x1cY\x13\xe1\
f t\xee\xe9\xc0\xdf3kh\xacAPi\x5c\x9c\
/\xe4?_]o>\xfd\xa3\x0fd\x9bz\x98;\x90\
\xb0\xd5\xc7\xb0\xb7\xdfT\xa0\xef\x8a&E\x10_\xa8\xe8\
\xcf\xb9\xc2\xf9\x185\x06\x88\xe8\xfd\xd1\x13=\x10\xb9{\
\xb2\xe0CJ\xf9$\x12\xd8n3Ew;.@\xa2\
e\xaeL9\x9c\xdat:\xed\x99\x8f\xb2\xe4\xc8\xe6\x00\
/X\xd2\xe6t\x81\x8bo~\xaf\xde\x92z\xc1M\xef\
\xca\x81\xe3~\xbee\xdckT\xff\x029\x9a\xcfA\xfd\
\xc7\x8a\x1cm\x82\x0d8\xdc\xfa\xcdt\x09\x950\x03\x94\
<\x95\x85YN\xb2\x17\x96\x1f,6C\xfb\x14$]\
\xd1X;v\x166g:M\xb67L\xa6\x220\x03\
`v\x86\x03qn\xbb\x03\xe5p\xe5g\x0f.5\xf7\
<\xb76)\xeb\x05K[\x841\xc1\xe9\x9d\x0b\xf3\x7f\
K\xa69\xb5_\x02\xd9\xba~+\xd5\xb4\xa4K\x90\xff\
(u\xcd\xd5\xb3L.v\x81\x7f\xfd\xd2!\xe2@\x8e\
\x8f\x9a#\x1b\xf9\xd9\xda\x16}\xa26\x80\xa5\x06\xff\xb6\
\xbe\xdd\x22\xbeU\x15v\x12\x9f\xa9 LD\xb3o\xd3\
6\xff\x82B\x1f\x01~\x9a\xce\xf70\xc8RLz9\
~\xe9\xddE\x15\xf5\x1b\xd2\x18\xff\xfb\xdb<\x09\x1a\xc7\
[B\xbf\x19:a\x86\x92g\x1d\x9b\xc2'nNR\
\xd7\xe4\x9erP*[~cU6\x85\xe2\x07>\x1f\
\xc4M\x01\xfe$\x12\xaa!qoH\xc3\xdeZ\xe9?\
\xdbt\xdf\xe9fg\xac\xad\xe7\xbcgW\x0e\xab,\xc6\
\xc2s\xef\x0berp\xae\x1f\xb4\x81\xeb/\x1el\x1e\
\xf8\xfeD\xf3\xf2\xd4\x13\xe4\x1c\xb8\xbf~\xe7\xa8z\xff\
\xca;\xae\x1f+\xc7`5g\x9aS\xfb\x0d\xda\xb5\x88\
P\xc4\x09\x1b\xe8\xbf\x12-\xe3d\x83\xa0\xbc%\xceU\
\xac/o\xba\xd7\xcf\xbep\x84\x19;\xa4P\x82O\xbb\
\x1d\xa7\x22<\xad(\xccF\xeapX\xf7;\x7f\x11\x10\
\x05\x0c\xfa\xc3\xfa\xe6\x8b\xa5\x8e\xa8\xf0\xb9\x12f-\xa5\
M3Yy* \xe8s2`H!N\xd9m\x9f\
?B\x04Yl\xacB&%\xa3\x07\x16z\x0a\xb3\x96\
\xd4o\x86N\x98\xd11\xd1i\xa0\x9a9F%\x99\x0b\
EL\xc7\xe6\x96\x1f\x1cA\xb3B\x9c\x05;03\x8d\
\xe2L\xa4\x89\xa0\xc3f\x07\x95\x1f\xae\xc3s\xc1\xef8\
\xd6$\xc7}l\x8b \xb6\xac\xbcp\x03\xdb\xe1\xc0\xfa\
-\xb5\xe2\x0b\xe1\xc7w/\x1fn\xee\xfa\xfaxs\xea\
Q\xdd\xcc\x86\xad\xb5\x12\x0d\xfe\xe9\xe9\x9b\xe4o\xeey\
~\xad\x5cth\xd4\xfb\xe6Lsi\xbf8\x9d\xe3\xeb\
\xe4\x07\xcfT\xef\x9fi\x93\xb1\x0f1\x98c\x82\xda\x0b\
;\xe28I\xc1\xd5\xb5t/\x8eg\xe3\x5c\xc3\xd8\xe0\
\xd3\xec\x9e\xc5\xa7.Y\x7f\xc0D\x04\xc5\xa4\x03\x1c\xbd\
\xc9{\x82\x06\xb3\xc3\xd6\x09\xeel\xd3\x12\xda4\xcb\xfa\
\xef,\xa88$\x9d\xb4\x19\xe2c\xb2!'\x08\x04\x19\
\xb1/\x1f\xba\xe5h9\xec|\xc9\xba\x1a\xf3\x9c\x15\xed\
\xce%\x81p\x1b\xec\xec\xa7~\xc4\x0d\xe5BK\xea7\
C'\xcc\x80Baf\x85\xd0J\xf6\xf2\x22h\x96\xca\
\xf6u*\x12K\xa1T\x0b\x8e\xf7H\xc61\x94\xfe\x84\
#\x84\xfc\xa0\xa3\xc0\x01\x92\x88\xd3\xccz\x89\x0b\x93\x9d\
.\xa8eS\x94\xef?\x90\xb0\xec\xc4\xc0FYRo\
\xc4\xca\x11R\x18\x18\xbc\x0e\xf2u\x10\x00\x92\xc0\x8e/\
\xbe\xbf\xd9\xdc\xf3\xdc\x1a\xf3\xc6\xbcmrv\x1c\xce\xac\
8\xc7R\xafjv\xef\x93XT\xcd\x9d\xe6\xd3~[\
\x19\x0e\xd0\xf6\x83 \xb9D\xd3G,\x91\x02v\xa3&\
\x93\x96t\xe1\xce\xa5Q\xbf+/6l\xddc:\xe4\
\xb5\x91<`g#\x96\xa7\xda4.\x0e\x1ag0\xe6\
\xa2\x9c\x9c5$[\x93(\xda\x12\x87c\x07Ax\x06\
NT\x982\xb6T\xc2*\x11\x9c7\xdbV\xb3\x96\xd0\
\xa6\xc93B\xac\xfc\xdf\xc3\xcb\xa2\xef|\xc4\x0d\x97\x0e\
\x11Q\xf4\xf7\x1f\x1c-\xc7\xfdq\x22\x0c\x02\x8cU\xac\
\x1b.\x19b\xfe\xefK\xa3\xcd\xc3?\x98d\x9e\xfb\xbf\
\xe3\xcd\x97l^l\xd8\xb6\xc7\xdc\xfb\xc2Z9N\xc9\
-uR?\x88\x100\xa2_\xe7\x8f&)1\xb4\xb4\
~3\x94\xc2,\x1b08\x8f\xea\xef?\x9bz\xcdV\
\x0a\xcc\xdbt\xc4\xfc\x9bJP\xd3Wf\xfaW\x10\xbe\
\xb3\xdc\xf9\xb0\xd8\xfa\xc5\xac\x1e\xb1\xa0dF^\xdc\x8e\
\xdbX\xd6D\xe3\xf2\x10\x06\x81\x81\x97\x81\xd5\xaf,\x99\
\x9da]\xc1\xff\xa4)\xc0D\xbf`\x95w\x1c\x1d~\
w\xfe\xe4^f\xfa\xc2\x1d\xe2\x9f\xe1p\xa2\x93\x19%\
\xbb\x05\xbb\x15\xb57\xed\xf2\x9aw\x9djN\xed\x97\xf2\
\x0b\x12B\xd3\x17\xec\xb0\x22\xe6\xa0\x9c\x92!ia\xb0\
\x0aHK\xa6u\x98\xbf%\x10\xaf\x1f\x9c\x11\x18iK\
\x91\xb0\x07\xac^\xb0D\x94\xee5\xa2\x7f\x819zD\
\x17\xf3\xc9\x93\xfb\xd4\xef\xbe\xcf\x06\xb4\x97\xd3'u\x0f\
\x14z\x0c\xe8\xd3\x1e])\xc7\xfcL\x18\xdeE\xce\xeb\
\xe4\xbdl\xd2\x22\xda\xb4}\xb4\x87\xfe\xb3\xee\x10\x9f1\
\xace\x9c\x0a\x81u\x8aC\xd0\x99` \x90\x10g\x9f\
?w\x80\x9c\x02C\xf9p\xfe+\x9b\xf5\xfe\xf6R\x99\
l\xdcs\xf1\x02iZ\x08\xf7\x9ev\x12F\xddpA\
j\xe3ii\xfdf\xb3\x15f\x14\xca\x98\xc1\xfe\x8e~\
T\xb0\xb7m\x87\xe8:\x7f\x9c|\x13\xc1`\xc1V\x5c\
\xbf\x1dMT0\xbe\xd3\x05o\xa4\xc2\x14t\x08^\x82\
S\x92C\x1c\xa2}`\x1b6\xbbs\x9dcg\xd0\x00\
\xcd`s\xdb\x03Ke&\xd5T\xf8\x85\x81`\xc7\x13\
\xd1\xab9\xb6\xc6A\xa72\xc2\xd6\xd1s\x8e\xed!g\
\xc7]yF\x7f\xf3\xc9S\xfb\x98\xe2\x82\xe0e\x83\xc3\
\x9d\xe6\xd6~\x89M\xe6\x07i\xf9`I\xa5\x08\x18\xea\
'\xb3\xfb \xed\xc0g\xa6>\xb2\x22\xed:L\xba8\
.\xcd\x8fw\x17\xed\xb0\x03Z$\xff\xf9,\xf5\x8f\xd3\
AN\x9d\xd0-\xad\xeb\x94#\xbb\xc9!\xd6\xec\xa2\xcc\
\x96(sPf\x89\x9c\xd1\xe9\x1fX\xce:vT\xb1\
|\x7f\xd0\xb1@~\xb8\xe5\xb6\xd8\xf3\x85ci\xeem\
\x9aR{\xcd\xc3\xb7\xcb\x05\xad%4\x09\xa7I\xfc\xeb\
\xcdM\xe6\x81\x7f\xaf3w<\xba\xc2\xfc\xe6\xf1\x95\xe6\
\xc1\x97\xd7\xc9r\xe5\xebV\xb4\xf1{\x17E\x01A\x86\
h*\xb5b\x89\xc3\xce\x11V\x88\xa7 ZR\xbf\xd9\
l\x85\x19Pi\x82\xd6\xbd\xf1?`&5~h\x17\
\xb3\xd6V\xacD3)\x1a5\xdbs\xfd`\x9d\x9d\x0a\
\xc2\xac\x0c\x98\xfd\xe2\xdf`\xfb6%C('?(\
7\x82b\x8e\xb4\x03\x1b\x0e\xc1bq\x88\xc3u\xac\x7f\
xj\xb5\x0c\xceM\xc9>\x9f\xc0\xa9\xce\xa7jo4\
\xb4\x00\xf5\xed\x84\xb1]eP\x8ct>\x91\xe3R\x18\
\x8c\xda\xda\x813\x9d\x01\xe6p\xa29\xb5_,TA\
\x96\x1d\x84\x03A6\x8f;\xa28\xe1A\xdf\x0f\xd9\xc1\
\x0e\xabC&\x10\xc3\xca\xefy8b\xe7\x99\xe9\xe5\x22\
d0T\xb3\x03\x96\xb8j\xe4_&\x17\x83q.\xf8\
\xe4)\xbdE@\x06\xc1.>\xca\x1e\x1f&\xe2\xa8\xa5\
\x12\xc7\x8d\xae\x83\x98y\xc4\xc9\xba\xe6\x17\xb3\xe4\xc0n\
\x96\xc4\x88\xa3\xe5\xca\xa9\xb9\xb7i|.\xbd\xf2\x0c1\
D\x1eL\x1e]\x22u\x0a\xb1\x85\xd5\x8cv\xc4\xcf\xa4\
\x8b\x7f\xdd\xc5k&\xd9\xb4+N\x9da\xc9\x93\xb3\x99\
\xc9\x83D\xb4\xa4~\xb3Y\x0b3\x1a\x14\xe7\xbd\xf9\x81\
\xff\x01\x03\xf5\x89cJL\xcf\xae\xed\xeb\x8fv\x8a\x87\
A\x9d\xf7\xf9l\xac\xa94\x9e\x8bN\xec%\xfe\x0c\xee\
\xf8\x15:\x0b\x9cN3]\x0aQ\x223\xa0\xa0A\x9a\
\x9dB+7\xee6\x97\x9c\xd4G\x96a\x9c\x10\x03\xe9\
<\xed\xff\x89\x08\x1d407\x16~\x1b\x19\xdc\xd2\x14\
g!Re8\xa3\xceuZ\xb1~\x94\xa4g\xc5\xfa\
]\xe6\xbe\x17\xcb\xa2\xef4O\x9aS\xfb\xc5\xd9\x9de\
\x1d?x\xaei\x8f\xad4\x13G\x14\xcb.B\x09\xd7\
\x11\x93\x16\xca\x9c%H\xd2\x90\x8dr\xe7\xde\x9c\x9b\xe8\
\x07V\x0f\xd2\xcdY\x84,\x13\xa7\xea\x9b\xe3\xa2\xec;\
\xe1\x92+(\x9a.\xb6_\xb8\xec\xe3\x89w\xda\x91w\
7\xfdy\x918\xb13H\xbb\xa3\xa2\xbcp~\xaa\x94\
\x031\xb3\x10dN\x0c\xe3\xb3T\xb6e\x8fy\xf8?\
\xeb\xcc\xa25\x91\xfa\xd4\xdc\xdb4\x16T/\xb6V\xed\
\xb5\xfd\xeaR\xe9s\xf1)c\xf9\xf2\x82\x13z\x99k\
\xcf\x19h\xbep\xde@9\x14\xfd\xf2\xd3\xfa\x99\xab\xcf\
\x1a`\xae9\xbb\xbfX\xaf\xae\xb5\x17\xf5\x0a\xab-\xf1\
\x07\x93\xdd\x08\xd2\x92\xfa\xcdf-\xcc(\x93\xa0\xce\x07\
\x18\xa8Y\xda:vT\x89)\xb2\x95\xcb5H \xbe\
\x10\x9d!\xef\xfd\xf4\xfe\xe0A\x9d\xf5q\x0e\x81\xc5\x91\
\x17\xf8nf\xa4\x5c1uCI\x13\xcaa\xca\xf8\xae\
\xd1W\x87\xc2,\xe8\x9bw\xcd\x17_\x07,gt\xbc\
\x0e\x96\x89\x08|\xd8\xd4\x962G\x9fR\xef]A,\
i=\xfa\xda\x06\x99\xe9q\xbc\x09\x07\xbf\xc7\x9ffA\
>0\x88\xdf\xf8\xc7\x05\x87\xf8{47\x9aS\xfb\xe5\
9>6\xa1[\xf4\x957\x0c\xfcXv\x88\xb7\xc4\xd2\
glZ\xca6\xef1\xdf\xb3\xa2\x22[\x13\x0b\xd2t\
\xf1\x94\xde\x0d\xdaI,\xb4\xa7/M\x9d-\x1b\x01\xb0\
\x86\xd4\x12\xad?@c\xf1+'\xc2\xf8\xdb\x97gl\
\x95\xa5,\xc4-o\xf3\xbb\xa0\xbf\xcf\x08{\xe3\xab\xce\
\xe8\x97p\x87&\x10\x9a\xe1\xf3\xb7\xcf\x96XXo\xcc\
\xddn\xb6W7\x5c\xd6\xc6\x0aF\xfb\xc21\x9d\xcf\x5c\
\xfe\xe3\x19R&\x084\x07B\x1f?V,\xf3\xf3\xa3\
~O\xcd\xbdMSO\xdc\xb2e<\x1c\x8a~\xd5\xcf\
f\x9a\xcf\xfe|\xa6\xf9\xd3\xb3k\xcc#\xafn\xb0b\
v\x83\xfc\xfb\xde\xe2\x0a3\xc3\xe6\xf9t\xfb\x99\x99\xcb\
\xaa$\xbf\xa9\x13\xecv\xe6\xdfT\x8e\xc9jI\xfd\xa6\
w\xablF\xb0\xf56Q\xdc\x12\x06\xec+\x7f:\xc3\
\xfc\xccv\xf0\xcfL\xdf$\x11\xa3\x97\x94\xed4\xcf\xbc\
].\xb3\xd8/\xfcrv\xe0\xa0\x8e\x03\xe4\xd7?9\
D\xa2\x1b;\xbf\x0f*\xc6\x11\x03\xbdw\x98(i`\
\xb3\xf1\xd2\x93\x83\x97,\xe8\xfc\x7f\xfd\xc8\x0as\xd1\xf7\
\xdf\x932\xe3\x88\x90K\x7f\xf0\xbe\xb9\xe5\x9eE\xf5\xe7\
\xb09\xe8h\x82\xee\x95+\xe8\xd4q\x84\xf6\x83A\x00\
'\xd6\xb3\x8e\xe9!\xbe9\x11a\xe1\x04\xc6A\xf3\xf0\
+\xeb\xcd\xb7~\xdf\xfcE\x99\xa3\xb9\xb4_\xac\x02,\
\xa3%\x12\x0f,i^\xf1\xd3\x99\x06\xeb\xee\xfd/\x95\
I}\xa6\x1e\x7f\xf1W\xb3}\x0f\x80N\x17v:\xe3\
w\xe3\x07\xf1\xd5\xbei\xeb\xda\xef\x9fZm6n\xab\
\x93%M/\x10\x908f38~\xe7\xee\x85\xd2\xe6\
x\xeeg\xa3\xe7g\xe2\x97\x85\x7fQ\xbc\x150[`\
\xd9\xa3\xed\xdf|\xd5\x88@_T\x07Kr\xc4\xc2\xfa\
\xc5\xdf\x97\x99\xcb~\xf4\x81\x9c\x9fx\xf9\x8f?0\xe7\
~\xe7\x1ds\xc9-\x91\xa8\xf5\xfc\x8e\xcfx-\xdfa\
\x85q\x16\xf9\xca\x9d{\xedw\x9bf\xdf\xa6y\xd6k\
\xce\x1e\x10\xd8g\xb2\x04\xce\xca\x05\xf5\xd6],\xff\xba\
\x8b:\x8d\xe5\xf1\xcc\x1b\xa7\x9b\xcf\xfd\xdf,s\xeb\xbd\
K\xcc\x8c\xa5\x91\x89\x10\xd6\xcb\xa0\xba\xd1\xd2\xfa\xcdf\
/\xcc(mL\xa8\x89\x22\xfeb\x92\xa5\xf3\xc6\xdc\xfd\
\xd5is\xcd\xd7~3W~\xc6\x8f\x85\x0a\xe7\x07\x15\
\xf5\xc6\xcb\x86IPH\xb6\xea:\xda\xb5m%\xdb\x7f\
\x9bb\xf0o\x8e\xd0\x19\xf6,\xe9`N\x18S\x12}\
'\x18\x84\x18N\xbf\xb13]\x07u\xe1\xf1\x9f\x1c\x13\
\xb8L\x96+H\x07\xbeL~\x811\x19`\xb0\x001\
8<\xf6\xfa\x06\xd9}\xf8\xe2{[\xcc\xdd\xcf\xac\xb1\
\x83\xc8\x0c1\xc3;\xcbD\x8b\xa0\x19\xb5_\x06\x88\xeb\
.\x18\x94\xf0\x9elN -\x884\x9e\xdf\xeb\x8cA\
\x96\xf5\x7f\xff\xbf\xe3\x13:\xbe\x07\x81\x0f\x1d\x96\xa6D\
y\xcb`K~r\xd4\x0e\x17\xf9\xcb\xc5\x19\x85g\xd9\
A\xf6\xecoO\x97\x03\xcf\x19\x1c\x11\x8f\xf1\xf5s\xd9\
\xba\x1a\xf3\xfe\xe2\x1d\xe6\x1d;p\x92\x07\xb9\x00\x1f\xb8\
.V`O\xbb~l\xa0\xcb\x83\x1f\xd4\x9fd\xfd\xce\
\xf0k\xc4\xcf\x0cH\xe9\xde}\x07\x9a}\x9bvK\xf1\
\x88\xdfl\xb4\x09&AX\xda\x9843\xf1\xc0\x9aE\
nR=\xbc\x04ZK\xeb7\x9b\xbd0c6Ey\
\xfc\xf0\xea\x91I\x99\xbaS\x81\xd9\x19\xf7\x9d4\xb2\x8b\
y\xe9\xfd\x8f\xb6\x00\xe3\xe48j@\xa1\x9c\xf9\xa5d\
\x0f\x1a\xd6\x15g\xf4\xcf\xa8c`\x10\xfa\xf9\x17G\x8b\
ChP\xd0\xcf\x5cB\xfd\xb8\xe9\xca\xe0\x0e\x8e\x8e\x0a\
'of\x9a,\x09\xb1\x84\x15+2\xf9[b\x07\xfd\
\xe0\xb3#\xa3\xef4O\x9aS\xfb\xc5\x0a7j@\x81\
\x84\x12\xc8\x04\x02d\xdey\xc38\x11\x8e\x99\xd4a\x97\
\xb7\x0c\xb6C\xfa\xf8\x87\xcf\x88\x85<\xc2\x22\xc9\x85E\
-\x99\xc1\x0e\x9f.\xe2\xcca9K\xe2\xe3i\xc1\xc0\
Mzp<\xff\xe37\x8fL:=\xa9r\xd4\xf0.\
\xe2O\x15\xbb\x03\x10+\x0c\x96\xd5\x96\xd0\xa6'\xdb\x89\
\xf1\x97/\xca\xac\xfe\xc6\xc3\xc4\x03\xcb\xec[\xf3w\x88\
\xe5\x8c<\xf1\xaaW-\xa9\xdfl\xfe\x163\x0b\xe5\xc8\
\x9a\xf6\xed\xd7\x8d6'\x8d\xf3\xf7SJ\x05fM\xb7\
_7\xc6L\xb4\x0d\x95\x1dLD\xca\x06f\x16\x04\x93\
<rh\x91.cf\x19\x1a\xd5\x80\x9e\x1d\xcd\xf7\x13\
4N?\xf0WB\x94\xe1\xe0MH\x82\xa6\x02\xa7\xd4\
#\xac\xc8\xb8\xfa\xec\xfe\xd1wR\x83eX\xf2\x80\x19\
$N\xae\xcd\x9d\xe6\xd4~\xb1\x06P\x0f9\xbc9\x9d\
:\x8c/\xdc\xd4\xaf\x8e\x15\x0b\x91\xd7\xee\xe3T!\xbd\
\xd4G,M\xd4\xa7l\xe2\x22\xac\xbb\xe5\xa3 g\xfb\
l@ya\xf5\x228\xef\xb4\xeb\xc7\xc9\xb1?~;\
OS\x856G\x99q\xcc\x14\xd6xw\xb6#%\x88\
\x84\xe0\xf7\xcd\xbdM#~I\xac;\x1c>\xdb \xa6\
\xb6U\xd5\x89\xff\x1e\x9b*b},\xa1%\xf5\x9b\x8d\
&\xcc\xe8H\x9a\x0a:\x9f\xb6\xb6PvT\xef3\xb7\
X\xa5L\xc7\x86\x83m:\xd0\xa1\xb3\xf4\xc1\xf9[\xec\
\x02y\xe4\xb5\x0d\xf5\x9d:\xb0Mx\xca\xf8R\x93\xdf\
1\xb1\xaf\x83\x92\x06\xb6\xad\xb2\xcd\x1a\x81\x15\x14\x19>\
\x16\xcal\xeaW\xc6\x98\xaf\x5c8\xc8,)\xab1/\
\xbe\xb7\xd9\xc4\xb5\xf9F\x87\x09!\xbeS<W*u\
\x91\xe0\x8d\xf7~\xf7(\x09e\xe0\x17S\xa9\xb9\xd1\x9c\
\xda/iA\xa8\x5c}V\x7f\x11\x9aAg=\xc6\xc2\
\xf2\x1c\xcf\xfd\x93kG\xd9|\xd8k\x1e\x7f}\x83o\
\xf8\x80T@\x1bb\x89\xe0\x1cI,\x09\xe4-\xe2/\
\x13\xb0V]{\xee\x00s\xe7\x0d\xe3e\x87\xab\xf3\xef\
d\x5c\xcf%\xdc\x9fXXX\xf5Vm\xdc%\xc7\xfe\
<x\xf3\xd1\x12\x92!\x9d\xe5M\xa0|\x10x\x1c#\
\xc4\xb2/\x9b\x07b\xcf\x8a$\xef\x10\x7f\x94ksn\
\xd3\xf8x!z\x7fx\xef\x12\xcfP-L\x98\x9e\xf9\
\xf9qr>%\xd7\x93\xb7\x1dg\x1e\xb2y\xcfu\xff\
M\x13\xa5\xdeR\xe7\x83\xea;\xed\x82`\xc0\xb8\xac,\
\x5c]-\x81\x8e\x9d/\x9f\xa3\xa5\xf4\x9b\xad>\xc4\xd1\
 \xc7\xe0W\xb0\xbb\xf6\xa0\x99\xb9\xac\xf2\x90L\x19\xdc\
\xbb\x93\x9d\x9dv1[*\xea\xcc\x93om\x14U\x8c\
\xb9\x98\x80\x84\xd9\x9e\xb1\xb2\xe3f\xe6\xd2\x0as\xc4\xc0\
B\xe9\x94y\x969\xcb\xab\xcc\xbcUUr\x9e\x1b\x1d\
\x1d\xbe\x06\x0e\x1a\x1c\x1dt\xcf\xe2\x0ef\xc2\xb0\x22s\
\xcc\xa8\x12\xd9\xcaN\xc3\xa7\x81\xce[Y]_q\xe8\
\x14X\x1a9i\x5c\xa9,1\xf8=;\x1f\xc7\x0f\x83\
\xc1\x00\xf3\xbe\x83\xe7a\x96\xce\x96\xe0{\x9f_+\x7f\
O\xd4l\x024\xa6\x92\x0f\xd9\xbe?\xbb\x8e\x103\xb1\
\xf7\x12\x8b\x82\xcd\x0fv\xbf\xfc\xf9\xd95\xf2\x9d,3\
\x05\xdd\x8b\x5cZn\xf3\x18\xb3\xb5;\x87\x10\x0amG\
\xca\xb6iv\xfc\xb0\xa3\x87\xd9\x12\xf1p.<\xa1\x97\
tz^\x10L\xd4\x1d\xf7\xf2\xf6\xfc\xed\xe6\xcdy\xdb\
\xc5\x8f\xc5\x95\x1d\xe5@z\xdd3Qv\xec\x06zy\
\xc6\x16\xd9\xea\x0e\x17L\xeee\xbat\xce3\xef,\xd8\
a*\xa2A\x0f\x19\xa4\x86\xdaAe\xd2\xc8b\xf3\xbc\
\x15o\xcb\xd7\xef\x94\xfax\xed\xb9\x03\xe5\xdfX2\xcd\
g\xfe\xbef\xcf>I\x07\xf1\xab8>\x04\xbf\x22\xfc\
\xa1\x08p\xca\xbf\x98\xf3\x19P\x88\x1a\xcf\xce8\x021\
\xb2T\xb3\xcc>\x17\xe9\xe6w\xe7\x1c\xd7\xc3<\xff\xee\
f\xa9\xdb\x0e\xf2\xf4\xf4\xa3\xbb\x9bY\xcb+\xa5\x9e\x92\
\x8f\x1c\xf6\xcf\xb9\xb22\xeb\x8d!\x97\xf51\xdb\xf7\x0e\
C\xfb\xcd\x06\x94+\xbb\x1d\xbb\x16\xb5\x17!\xc8\xae\xb5\
W\xe7l\x93\x8d\x07\x1c\x17\xc5\xf3Q\xb7)\xf7\xa1\xbd\
\xf3e\x86\x7f\xac\x15KX\x9c\xd8I\xb8pM\xc4\xe7\
\x0cGg\xea\xc3[\xb6\xde\xb8:\x0c\xb4\x9f\x93\xc7w\
\x15\x9f9\xf2\xc5\xaf\x0e\xc7B\xde\xd2\xd6\x07\xf7\xea$\
\xf7\xa4?\xc6a\x9f]\xaa,\x0fqh|\xbc\xbf\xa6\
\x9b\x18\x0d\xea\x99/\xd6\xb1\x91\xb6\xbd\x8d\xb4\xe5H\x88\
\x11\xda\xf1\xc2\xd55\xe6\xbd\xc5;L]T@\x12c\
\xf0\xf2\x8f\xf73\xed\x02\x9e#\x1b\x90\xbf\x08\xc2w\x16\
V\x98A6=\xb8/P\x9e\xd4\x97\xf7\x17G\xca\x9d\
<&`im\xddA\xf1\xe9\xa3-uh\xdf\xda\x0a\
\x87\xf6Ro\xa8/\x13Gt\x91\xbc\xe4\x88\xac\x056\
\xcfg\xdb\xba\x16ki\xa7\x8cF\xdb{3Q\xe4\xfe\
ah\xd3\xb9l\xcf\xecR\xf5:@\x1c\xd1\x83\xa8_\
\xbe~\x97\xacFP\xcf\xda\xdbz\xed\xc0m\xa4\x80v\
h\x05\x17m\x8cM:\xe4\x8b\x17\xe4)G7\x11\x94\
\x16?\xbe\xf3'\xf7\x94\xcd9\x8e0\xe4qc\xd0(\
\xc2\x0c\xd8\x1dA&\x90>\xfb\xa3@\xd1U\xda\x8a\xce\
`9ci\xa5t<\x14j\xae\x84\x99\x14\xea\xee}\
\xf5\x95\x82\xa3F\xd8\x82\xcb\xce\xafD\x10\xcb\x87J\x87\
\xd3\xe2R+\x02b\xcd\xac<'\x15\x8e\xed\xf0\xfd{\
tJ\xf8\xdcT\x9c\x9ah\x85\xe0.|\x9a\xfbc\xc6\
\xfd\xc0\xe6\x03\x8d\x9f\x0aJ$pv\x98\xa4\x9a\x0f\xd9\
\xbc?\xe5F\x87\x8c\xff\x86\xbb\x17\x9d.\x03\xc8L{\
/:5\x96d\x12\x093\xe0^\x0c |\xde\xdd\x8b\
N\x1b\x0b\x00\x03\x00\xf5\x80\xfa\x91H\x98\x91\xbe\x15\xb6\
\x91Q\x9fh4=\xec\xc0\xeb\xc7j\xdbA-\x5cS\
#\x83^\xec\xec\x8b\xd0\x0a\xa7\xda\xb4\xd3x\x89\xd1\xc4\
o\x5c}\xe4\x88'\x1a'\x04\x0dj\x99\xe63\x7f\xcf\
w\xad.\xdfe\xc5i\x91t\x9e~p_\xe2\xf5,\
^[]\xbf\x8cBg1\xc9\xce\x00\x09\x0f\xc2\xcf\xee\
\x19\xb8/\x16\x03:\x17\xf27Q\x07\x93\xcd\xfa\x12O\
6\xef\x1d\x96\xf6\x9b\x0d\xe8\xeb\xa8\x97\x08\x04\xc4\x83_\
(\x00\xe0\xc0\xf6EV\x18 \x90\x9c\xc8\x81N\x1d\xda\
\x98S\xc6w\x93\x18n\xe4\x8dK\xd1\x1e\x9bV&\x15\
\x08+\xea|P\x1dv\xf0\xf7De\x7fk\xfe6\x19\
\xd0\x09\x88\xdb\xc7\xb6\xc3\xa0:\x19\x0b\xf9K\xfb\xddV\
]'\xa1=\x18 c\xdb\x1bu\x90I\xcf\xc7\xed \
\xe9\xd7\xae\xb3\x09\xdf\x8d\x98\xc4\x09|KE\xad\xe9m\
\xf3\x97\xfa\x82\x80,\xb6\x03s\x22\x10\x05\xeb\xb6\xec\x96\
xeX\xfcb\x97aiB\xf8\x0b\xd2\x9e\xa83\xb1\
\xcb\xa5ah\xd3\xd9n\xcf\xb4\x15&\xbf\x08\xb3x\x98\
Pc\x19]\xb1a\xa7L|\x83\xe0{\xa6\xd8\x89\x0f\
\x13qveRG\xbc\xf8\xcb\xb7'\x98m\x95{\xcd\
;\x8bv\x88U\xecx+\xaeb\x9f1\x0cy\x9ck\
\x1aM\x98\x91h\xac%(\xd6\xd8\xce%\x1e:\x0f\x0a\
b\x9c-\x90t|0\x92\x01\x93)\x9d\xd6|;\xd3\
\xe6Y\xf8N\x1a+\x9d3?c\x0e\xaf\xb3\x9d\x13\xbf\
C\x94\xf0\xaf\x0b:\x19\x0b\xcfG\x85\x19`+\xe7Q\
\xc3\xba\xc8L1\x99g\xe6~\x0f\xfc\xbb\xac\xbe\xf1x\
A\xc3\x19;\xa4\xd0*\xfe\xc8l,\x15\xb2y\x7f\xcc\
\xd7\xecra\x06\xedWS\xf8{f\xa54\xbaD\xf7\
b\x19 \xbe\xd3\x8e\x85%\x81A6?\xd9m\x16\xd4\
\x81\xd3Y0\xf8\xbc9o\x9b\xcc\xc8\xb0~q\xf0r\
a~[I7\xa2\x8d2s\xfe-\x0e\x9e\xaf\xbd\xfd\
\xdcQ\xc3\x8b$\xe6\x0d\x8d\xf5?\xb6C\xf1\xdb\x91\xc5\
\xe0GpD\xafA-\x1b\xf9L\x87O\xbb\x98eg\
\xe3\xd49v\x07\xe2\x5c\xcc\x055v\xe0f\xf0\xc6\xd1\
:>\xcf\xb87\xe9\xe5 gv\xbc\xf19/xv\
\x84.\x83\x93W\xff\x92\xcb\xfa\x98\x8b{7u\xfb\xcd\
\x16\x94=a=8\x02\xa9\xb5\xad^\x85\x9d\xf2\xc4:\
\xc0@Oh\x0a\xea0b\x89\x814\x16\xda\x08>w\
X<&\x0e/\x96\x01\x97\xe5\xa5t\xeap,T/\
&]X \xe7\xae\xa8\x96\xfb\x91\x1dl0\xa0^\x22\
F\x9c\x08\xa1\xae\x11\xdb\x8c|\xe6\x19\xfd\xea\x1e\xf9\xcb\
\xf3b\x89:\xe5\xc8R\xb9Wc\x8dq\xa4\x874 \
\xac\xe6\xd8\x89\x16\x93\xc9\xfdv\x1c\xea\xd8\xae\xb5X\x8e\
\x88\x18O]a\xd0\xa5mQG\xb1\xc6s\x00{\xac\
U\xdfA\xdd -\xfc\xcd8+.\xd8 \x82\xc53\
\x9e\xa6n\xd3\xb9hs\xd7\xfdz\x8e\xe7\x11`\x1cR\
~\x0a\xcb\x84/\xac\xad\x9f\xec\xb82\xf7\xba+y\xc8\
2\xf7]O\xae\xae\x0f\xa7\x12\xcfMW\x8c\x90\xc9\x0a\
+h\xbd\xbbv0\x17y\xc4\xdb\x0bC\xbf\x99K\x1a\
M\x98\x01\x9d$\x07\x08crD\xa8\xc5C\xa1\x95\xda\
\x86{\xfa\xc4n6\x83\xdb\xe543\xa8Dtx\x14\
.\xe6~\xcc\xd5<\x11\xcf\xe5\xb2\xc4\xe5\x8c{\x0e\xaa\
\x1a\x1d(\xd6#\x22!c\x1e\x1dk\x05\x09\xb3]D\
D\xb2\xcf\xcbw\xcfXZ!\x83\x0b?\xc7\x17\x01\xf7\
\xefl;@\xcc\xaa|G\xaa\xf9\x90\xcd\xfb\x93\x1f,\
\x9d\xbck+0G^x\xdd\x8b\xe8\xcd\x98\x8b\x13\xcd\
,\xb0\x98\x91\xd7oE\xc5\xb9\xd7\xbd\xe84O\x1a_\
*3v\x1aw\x10<\x1b\x82\x91\x81\x8d\xd9:\xaf\xed\
\xff\xe5\xbe\xee\xd6<\x8e+7:\x8c\xbe\xdd:\xc9.\
<\xceh\xa3\xbe\xd1(\x09I\xc0\xb2\x06\xcf\x17\x8b\xc4\
\xb2\x1a\xd0Y\x8e\xf7\xf0\xea\xbc\xb2\x95\xcf\xfc-\xcf\xc1\
R\x123\xbb}\xf65\x95Q\xee\xc9\xffb\xd2\xc23\
s_:\x0d\xe2l\x8d\xb33F~~\xdf\xce\xf2\xf8\
\xfb\xf8p\x04|\x9e%\x84s\xed\xcc\xcfo`\xceV\
:\xbc\xc8\xd5\xbd\xb9WS\xb5\xdflB:\xb6X\xd1\
\xc8r\xe6\x069\xde\xc6\xa6\x81|\x8a+w\xf7\xec\x94\
'gN\xb2\xaa0\xb0G'yn\x84\xea\xb3\xef\x96\
\x9bm\xf6>\xa4?\x16\xea0\x87\xa3\x9flEQ2\
\x030\xf0L\xd4G,t\x8b\xec\x85P\xe1\xae\xe4\xab\
\xbb\x7fl1\xc6\xe7/\xd0v\x19\x00\x07\xd8gd\x90\
\xed\xd7\xbd\x93\xd4\xbf\xa6\xc8c\xda5}\xd7\x9a\xf2]\
\xe2\xb8\xbe\xc9\x8e?,\x85\x81\xa4G\xfe\x1f\x93 K\
l]\xe1\x91Y~\xc52\x83\x18\xc6\xaaJZ(\x0b\
?\x5c\x1e6E\x9b\xe6;\xb2\xd9\xe6\xd6o\xad5\xd7\
\xfcbf\xf4UC~\xfd\xd5\xb1\x92O\xce\xef\x8c:\
\x86+\xc0\xe41]\x0fy6\xca\x81\xc9\x06~f\xc4\
\x17\xa4\xdf\xf5\x02\xff1\xea5K\xf1L*\xae:\xa3\
\xbfL\xba\xe2i\xca<\xce5\x8d*\xcc\xf8&\x06d\
\x96\xbf*\xec\x15\xfb\xcdd\x1e\xb3\xde\x92\xcey6#\
\xda$\xac,\xd9\x80\xef\xa7a\xa2\xbe\xe9\x1c\xb1\xe40\
\xd0\xef\xb4\xb3U\xdeC\x89\xa3\xb6\xa9\x14t2\xfc\xcb\
\xba6\x1d9\xfe\x15\x14\x18\x9b\x1a\xd21sRy\xc8\
\x83\x1d5\xac\x977\xac\x14\x08\x1df\xefT\xcatM\
\xa8\xd9\xbc?\xf7\xaa\xde\xbdO\x1c\x84)\xbfX\xb8\x97\
\x9bQ'\x12R@~3\x93c\xf6\xca\xec<\x16f\
\xb0,K1#\x0d\xea\xf4b\xa1\x0cI\x1f\xf7+\xdb\
\xb2[D\x7f\xd5\xce\xfd2S\x96\xb2\xc3\xbf\xc1\xde\xaf\
\x97md,\xa5\xb0\x84\x99g\x07+\x97l\xfe\x9eY\
\xf2V\xca\xdd6rW%I\x0beM}Ld\xb9\
\xcbf>\xb3T\xc7\x0c\xbf*\xea\xd3S\xb5s\x9f\xcc\
\xde\x89\xabE\xfd\xa3\x8d \x80\xfb\xdb\x81\x8e\xd7n\xb0\
\xe5\xbb\xf1\xa3\xe3\x22M\xc0o:\xe7\xe7\xc9\x80\x92\xa8\
s\xc9e}\xcc\xd5\xbdIgS\xb5\xdflB:8\
\xa5\x80\xb2\xc6OgsE\xad\xd4E\x96\x14y~\xfa\
C\xfc_\x10d\xd4a\xda\x1b\x16\xb3\xd8\xf6F[\xda\
R\xb9\xd7\xd4\xd8:\xe3\xea0\xc9\xc2\x82\xc0)\x02A\
u\xd8\x8b\xd8\xbc\xc5\xd5\xa0\xdc\xe6+yK?\x80_\
\x16\xcf\x8b\x18&\xff\xc8G\x04 e\xc93\x96\x14\xe6\
\xc9\xc4\x07_T\xbe\x97\xc7L\xa6o\xc85\x08\x03\xd2\
D\xdfP\xbe\xa3N&s\x08\x05\x84-\x97\x1b\x9c\xc9\
\xef\x8e\xed[\xdb>\xad\xad\xf4E\x0c\xd0\xb4!\xda\x1a\
\xfdR*ii\xaa6\x9d\xcd6\xc7\xc4\xf7\x96{\x16\
G_5\x84\xb0\x13\xb8\x9e`\xdd\x22o\xf8\xf9\xccc\
z\xc8x\x10\x84\x9f\x05\x0e\x1e\xff\xc9\xb1fiY\x8d\
L\xe0i\xb7l\xde\xa0\x0c\xfc\x1e\xb5)\xfb\xcd\x5c\xd1\
\xa8\xc2\xcc\xc17\xc6\x9b\x17\x81J\xd2T}$\xcfC\
\xbc\x1d\xb2C\x9e\xcc\xfe\xc7=\xa1<\x92\xfd\x0f\xff\xa2\
\xba\x99!d\xa33'\x0b\xea\xbf/\x06n\x1d\xb6\xfb\
7\xca\xbd\xb8\xec\xbdR\xbc\x9d\xc0=\xe9t\xe5\xbe\xdc\
?\xfa~\xe4\x9e\x91\xfbFfM\x91\xf7\xe3\xa1\xfc\xf9\
;G*\xcf\x22\xdf\xc7\xdfG_;\xf8\xdbt\xf2\xc6\
=KlZ\xe4.\xd1\xfbqK/\xe1\xea\xfe6\x96\
T\x9e\xa1\xfe;\xa3\xaf\x1d\xa9\xdc\xc3\x8f\x5c\xde\x1b\x9a\
\xa2\xfdf\x1b\xf2\xa8\xbe\x0eG_C\xe4\xb9#\xcf\x9e\
J\x1d\x06W_2\x81{\xba{K\xfd\x8a\xfc\xbf\x1e\
\xb9=\xcf\xc7?\xd1\xef\xcb\xc6\xf7\xe6\x12W_ \xb6\
\xce\x081i\x81L\xeb\x8b\xcb7\xc9:\xf7\xaf}_\
\xeeh\xff\xe3\xf2*\xdbm\xba\xfe\xfb\xa2\xaf\x1d\xc9\xfe\
=p\x0f\x22\xea\xdfz\xaf\xb70\xc3\xe5\xe4\xeb\x97\x0e\
\x91\xcd+XXy\x8d+\x8a\x9fxE\x1c\xbf2k\
\x9b\xb9\xfd\xe1e\xd1w\x1a\x82K\xcc\x1d\xd7\x8f5\x8f\
\xbf\xb1\xd1\x94m\xde-\xc2\x9e\x0d\x00\xf8\x06\x06=\xb3\
\xcb\xa7\xfa4\xf3\xaf}_\xfe\x22\x9a^\xfe<\x17\xfd\
f.h\x12a\xa6(\x8a\xa2(J\xf8\xd9\xb4\xbd\xce\
\x5c\xf5\xb3\x19\xd1W\x87\x82\xcf\x18!,v\xed\xd9o\
Z\xb7im:\xe4\x1d\xbadm\xf5\x98\x88$\x5c\x99\
\xeext\x85X-\xbd`w'\x8e\xf9\xf7<\xb7F\
^\xb3\x84\xfc\xa9S\xfa\x88\x05\xb6\x09uR\xa3\xa3\xc2\
LQ\x14EQ\x14_8\xa0\xdco\x17%\xb0+\x9f\
S\x01\x08O\xc1\xf2ya4\xc4\x05\x1bCp\xc0\xc7\
O\xf9\xa9\xb77\x05\xde\x83Xh\xc4)\xc4_\xcd\x85\
\x84a\xb3\xc9gN\xeb'\xcb\xae-\x09\x15f\x8a\xa2\
(\x8a\xa2x\xc2\xf2\xfa\x9c\xe5U\xe6\xbb\x7fZ\x18}\
'\xfb\xb8\xa3\xf28\xea\x0a\x01\x07\xf8\x81\x8d\x1eX(\
\x9b\xc1\x9cOXK\xa1i<\xdb\x14EQ\x14E\x09\
=\xf8e\x11^\x88\x93'p\x9c\xcf&\xdc\xfb\xbc\xc9\
=E\x94\xb1q\x8b\xc0\xde\x0e\xfc\xcb\x88\xb5\xe6\xe5\x17\
\xd6\xdcQ\x8b\x99\xa2(\x8a\xa2(\xbeD6\xa5\x18\x89\
\x07\xf8\xe0\xcb\xeb\xc4W\x8c\xf7\xd2\x85\xdd\x96\xc7\x1dQ\
l\xae:\xab\xbf\xe9\xd7\xad\xa3\x84\xbd\xe1T\x01\xe7\x84\
\xcf\xef\x09DKL\xd3Tw\x147\x07T\x98)\x8a\
\xa2(\x8a\xe2\x0b*\x810W\x84:\x22\xda?\xa1(\
\x88m\xf9\xc1\xd2\x0a\x09{\x81\xef\x98\x9fC\xbf\x83\xbf\
#\xa6\x1d1\xc4\x88\xabG(\x12B\x1cq\xa4\x18\xa7\
[8\x10b}J;\x98\xd3&v\x97\xcf\xb4DT\
\x98)\x8a\xa2(\x8a\x12\x08\x162N[\xe1\x80q\x02\
\x06#\xb2\x88\xa9\xe7 \xce\x1dp^-1\xe1X\x80\
$\xfe\x18?\xb8\x98v\xf2\xfb\xca:9\xcbs\xd1\x9a\
\x1a\xd9\x1c\x10\x0b\x96\xb2\xdeV\x94qtW\xe7Ny\
-j'f,*\xcc\x14EQ\x14EI\x08\xc1\x5c\
\x9d\x95\x8b@\xae\x1c\x87W\x94\xdfV\x02\xb8b\xdd\x22\
\xbcElPVNX \xf81\xc1\x9e\x09\x9cL\x10\
\xe4\xf8\x80\xb7\x88/\x02\x14s\xea\xcb\x91\xc3\xba\xc8i\
+\xd9\xf6e;\xdcPa\xa6(\x8a\xa2(JR\xe0\
\x07\xc6\xe1\xe0\x1c\x85\x86o\x98\x9c\x98bUD\xfcQ\
bA\xe0\xd0O\x10Z\x0cb\x84\xc4\x18\xda7_B\
np^lK\xdb\x81\xe9\x85\x0a3EQ\x14EQ\
R\x82\xa5M,bX\xc2\xf01c\x89\x92\xa5I\x0e\
\xe0\xf7\xdb\x17\x80\xe4j\xdf\xae\x8d\xe9\xde\xa5\x9d\x04\x8d\
\xedY\xc2\xd5A\x969\x11k-u\xe92\x1e\x15f\
\x8a\xa2(\x8a\xa2\xa4\x05\x16\xb4\xfa\xe3\xd0\xac\x9a`\xb9\
\x93\xf3\x87\xe3\xcf\x82\xe2\x5cU\x96(\xd1^\x08\xb00\
\x1f\x8f\xd6\xd4\xa80S\x14EQ\x14%kx\xa9\x0a\
\xd5_\xc9\xa3\xc2LQ\x14EQ\x14%$h\xe4\x7f\
EQ\x14EQ\x94\x90\xa0\xc2LQ\x14EQ\x14%\
$\xa80S\x14EQ\x14E\x09\x09*\xcc\x14EQ\
\x14EQB\x82\x0a3EQ\x14EQ\x94\x90\xa0\xc2\
LQ\x14EQ\x14%$\xa80S\x14EQ\x14E\
\x09\x09*\xcc\x14EQ\x14EQB\x82\x0a3EQ\
\x14EQ\x94\x90\xa0\xc2LQ\x14EQ\x14%$\xa8\
0S\x14EQ\x14E\x09\x09*\xcc\x14EQ\x14E\
QB\x82\x0a3EQ\x14EQ\x94\x90\xa0\xc2LQ\
\x14EQ\x14%$\xa80S\x14EQ\x14E\x09\x09\
*\xcc\x14EQ\x14EQB\x82\x0a3EQ\x14E\
Q\x94\x90\xa0\xc2LQ\x14EQ\x14%$\xa80S\
\x14EQ\x14E\x09\x09*\xcc\x14EQ\x14EQB\
\x82\x0a3EQ\x14EQ\x94\x90\xa0\xc2LQ\x14E\
Q\x14%$\xa80S\x14EQ\x14E\x09\x09*\xcc\
\x14EQ\x14EQB\x82\x0a3EQ\x14EQ\x94\
\x90\xa0\xc2LQ\x14EQ\x14%$\xa80S\x14E\
Q\x14E\x09\x09*\xcc\x14EQ\x14EQB\x82\x0a\
3EQ\x14EQ\x94\x90\xa0\xc2LQ\x14E1\xfb\
\x0f\x1c4\x07\x0f~\x18}\xf5\x11\xfb\xf6\x1f\x8c\xfe\xd4\
\xf2\xd0<Q\x9a\x82V\x1fZ\xa2?+\x8a\xa2(\x8d\
\x04\x03>c~\xdb6\xad\xe4\xf5\x81\xa8\x00h\xd3:\
\xf2\xba1\xd9\x7f\xe0C\xb3\xa6|\xb7yy\xc6\x16\xb3\
s\xcf\xfe\xe8\xbb\x91g\x19\xd2;\xdf\x5cpB/\xf3\
\xa1\xfd_+\xfe\xd7\xf8\x8f\xd7$h\x9e(M\x85\x0a\
3EQ\x94&`m\xf9\x1e\xf3\xea\x9c\xadfke\
\x9d\xbcn\x97\xd7\xda\x0c\xe9\x95o\xce:\xb6\xbb\xbcn\
\xd3\xbau\xa3\x0e\xf8\xbf\xfc\xc7r\xf3\xef\x0f\xb6D_\
5\xe4\x1f?\x98d\xf6[\xe1\xc8p\xd1\xb5\xb0\x9d\xc9\
k\xdb2\x16[4O\x94\xa6@k\x92\x92\x11\xcc\xf2\
\xddL\xdf\x0bf\x9d\x5c\x07\x1bI\xff\xf3,,?\x04\
}]c>\x8f\xa2\xc4C\x1d]\xb0\xba\xda|\xfe\x97\
\xb3\xccC/\xaf\x93\x81\x9f\xeb\xd9\xe9\xe5\xe67\x8f\xaf\
47\xdc9\xdf\xb4\xb6\x8a\xacj\xd7>\xb3w\x7fp\
]n,h/k\xcbw\x9b\x7f\xbd\xb9\xc9L_\xb0\
C\xdaPKG\xf3D\xc9\x15j1S2\x82\x01\xe6\
\xcdy\xdb\x1b\x98\xfac\xe9\xd6\xa5\xbd).\xc83\xc7\
\x1eQlz\x96t\x90\xce\x8cA'\xdb\xb8\xfb\xae\xde\
\xb4\xdb\xbc\xb7x\x87\xd9\x5cQg\xf6\xee\xf3\xf6\x03\xe9\
\xdd\xb5\x83\xb9\xf0\xc4^\xa6c\xfb6b\x91\xc8\xc5\xf3\
(\x8a\x1f\xf4\xb8w<\xba\xc2\xbc\xf0\xde\xe6\xe8;\x87\
r\xcf\xb7'\x98\xed\xd5{\xcd\xa6\xed\xb5\xe6\x84\xb1]\
MQ~^\xf47\xb9#\xc8:\xf4\xf7[\x8e6+\
7\xee2\xef,\xdca:uhc\xae>k\x80i\
\x9f\xd7\xfc\xe7\xf5\x9a'JS\xa0\xc2LI\x0bj\xcd\
\xbcUU\xe6[\xbf_\x10}'1gL\xean\xbe\
\xf9\xa9\xa1b1h\xdd\xbaU\xd6}i\xfe\xf0\xd4j\
\xf3\xc4\x1b\x1b\xa3\xaf\x82\xe9]\xda\xc1\x0e~G\x99\xea\
\xdd\xfbL~\x87\xb6\xa6]\xdb\xc6]6RZ6\xb7\
\xdc\xb3\xd8\xbc\xbbhG\xf4\xd5\xa1L\xfd\xca\x18\xd3\xa6\
M+\xf3\xda\x9cmfT\xff\xce\xe6\xa4\xf1\xa5\xf5\xbe\
h\xb9\x22Y\x11\x82\xf8\xb8\xf6\xdc\x81*\xccZh\x9e\
(\xb9Gk\x91\x926\x0c\x1a\xa9@\x07w\xef\x0be\
\x22\xc8\x16\xad\xa96\xb5{\x0fD\x7f\x93\x19\x08\xbd\x97\
glMZ\x94\xc1\xc6m\xb5\xa6l\xf3n\xb3\xc9\xfe\
\xfb\xc2{\xe5\xa6r\xe7\xde\xe8o\xc2\x0f\x96@\x96\xb8\
\xdc\xc5\x0e1\x9d^5/ZEg\x09\x94\xf5\xf2\x0d\
;}\xad\xbf\x8a\xa24?T\x98)i\xc1\xb8\x81\xb8\
I\x15\xc4\xd3\x9e\xbd\x07\xc5\x1f\x83\x99f]\x16\x06\x1c\
\x84\xde\xc3\xaf\xac\x8b\xbeJ\x9e\x1a\x96_m:\xd6o\
\xad5\x1f,\xa9\x0c\xbd\x8f\x08\xae|\x88\xc9g\xdf)\
7\xff\xfc\xef\x86\xfa\xeb\x91W7\x989+*\xa3\x9f\
Q\x85\x16v(\xa2\xe2\xce\xc1K\x93=J\xda\x9b\x9a\
\xdd\x11\xf7\x80\xfd\xfb?4\xbbj\xf7\xab\xf8V\x94\x16\
\x82\x0a3%m\x0e\xa4!d\xb0\xf0\xbc1w\x9b\x19\
\xd2\xa7\xc0,^[#\x96\xb3\xa0\xcd\x03\x898hu\
\xdd\xd2u;\xcd\xba-{\xa2\xef\xa4\x0e\x16\xa7U\x9b\
v\x85>6\x11+\xbf\xbf}|\x95,\xd9\xde\xffR\
Y\xfdu\xdf\x8be\xe6\xdb\x7f\x5c(\x9f\xa9\xda\xb9_\
\xfc\xfd\xd4\x119\xbc \xb0.:\xb1\xb7,\x9f{q\
\xd2\xb8\xae\xa6{\x97\xf6\xf5u\x9a\x92\xdc]w@B\
3(\x8a\xd2\xfcQa\xa6\xe4\x04f\xfc~>d\xaf\
\xcc\xdcj\x0a;\xb55\xdd\x8b\xdb\x9b\xc5e5\x19\x89\
\x88\xd6\xb6\x06?\xf7Ny\xf4UC\xba\x15\xb5\x8b\xfe\
\x94\x18\xc4\xa1\x0c~\x87\xf9\xd8\xc7\xb2\xd7\xc3\xaf\xac7\
\xf3WUe$x\x95\xdcA\x9d\x1d\xd4\xab\x93y\xe8\
\x96\xa3\xcd\x8d\x97\x0d3W\x9f\xd5\xdf\x5cuf\x7fs\
\xc3%C\xcc\x1d\xd7\x8f5\xb7|v\xa4Yb\xdb\xc5\
\xfa\xad\x11a\x86u\xba\xa0C[\x89\x97\xa5(J\xf3\
G\x85\x99\x92\x13\xee\xfc\x9f\xf1\xe6\xfaO\x0c\x8e\xbej\
\xc8\xdc\x95Uf[\xd5^3\xb2\x7fgSQ\xb3O\
\xe28\xa5+\x88\x10u^\xbenX#\xfe|\xe3\x04\
s\xde\xe4\x9e\xd1w\x92\xa0\x19\xe8\x18\x82\x96\xb2\xec5\
sY\xf8\x97f[2\x94\x0c\x16\xe7#\x06v6\xe7\
\x1e\xdf\xd3\x9co\xeb\xe9\xa4Q\xc5\xa6\xa0c[\xf3\xf4\
\xf4M\x0dvlR\x97\xd9\xf5\xa7\x9bS\x14\xa5e\xa0\
\xc2L\xc9\x09\xf8\xd0\x9c<\xbe\xd4\xd7j\xf6\xd2\xfb\x9b\
\xcd\xf0\xbe\x05\xb2<\xb7l\xdd\xce\xb4\xac;\x08\x8f\xd7\
\xad(\xdbSw\xe8&\x82)\xe3\xbb\x9a|;\xc8\x95\
tN\xdej\xd6\x5c@\xe4\xaa\xb3x\xb8\xa1\xde\xb7o\
\xd7\xda\xbc2k\xab\xf9\xdbKe\xe6\xde\x17\xd6\x9a\xbf\
\xffg\x9d\xf9\xd7\x9b\x1b\xcd\xca\x0d\xbb\xa2\x9f\xb2\x9f\xc9\
km\xc6\x0c*\xd4\xe0\xa5\x8a\xd2\x82\xd0\xd6\xae\xe4\x8c\
\xce\x9d\xda\x9a\xe3\x8e(\x89\xbej\x08\x03\x12\x91\xce\x07\
\xf4\xcc\x17\xff\xae\xba}\xa9\xef\xd0$|\x80_,\xa8\
S't\x8b\xfe\xa4(\xe1\xa4S\xfb6\xe6\xc4\xb1]\
MiQ;i\x0b\xd4gw!\xc4\x88\xb37\xda\x8a\
\xb2\xf1C\x8br\x1e*CQ\x94\xf0\xa0\xc2L\xc9)\
S\xc6u\x8d\xfe\xd4\x10\x1c\x9b\x97\xaf\xdfiF\xf6+\
0\xb5{\x0f\xcak\xaf\xc3\x82\x83`9\x94e\xd1x\
\x08\xc6y\xf4\x88.\xd1W\x8d\x0bV<\x89\xd6\x1e}\
\xdd\xd80\xc0\x17\xda\xf4#\x8as\xb5\xf4E95e\
\x1a\xe3\xc1\xda\xbao\x7fn\x9fF\xac\x90Y\xde\x1cB\
,\xbf\xc1\xbd:\x99O\x9e\xd2\xc7\x5czr\x1fs\xde\
\xf1=\xcd\xc9\xe3\xbb\x89X;\xfd\xe8\xee\xe6\x93\xf6\xbd\
\xc9\xa3KD\xc0e\x02\xe5\x95\xeb\xfcI\x95\xa6n'\
a\xcc\x13Eq\xa80Sr\x06\xbb\x1c\x89Z\xee\xb7\
\xfb\xec?3\xb7\x9a\x81=;\xc9r\xcd\x8a\x0d\xbbR\
Z\xce\xa4c\xf5\xb3\x96\x9d2\xa1T\xdc\xa4\xb3\x15'\
\xcd\x8bX\xff-\x8e\xceAd\x120\xf4\xbf\xb3\xb6\x9a\
\xd7fo3/\x7f\xb0\xc5|\xb0\xa4\xc2\xac\xda\xb8\xcb\
\x0e@\x91\xcf\xa6\x1a\xcb9>?H3\xdf\xe5G\xc5\
\xce}\xe6\xa8a]\xcc\xb5\xe7\x0c0W\x9e\xd1\xbfA\
\xbeg\xe2\xc3\xe7\xd8\xb8\xbd\xd6\xcc_U-\xe5\xe6\xd2\
8\xcf\x0ac\xd2\xe8\x88\xfd|\xaa\xf8\xfd\xadW\xbdp\
\x9fe\x19\x9cgyu\xf6V3ci\x85\x84_!\
\x9f\xe2I\xe5\xde@~\x11z\x84\xfbQ\xb6\xf81\xf2\
=o\xcc\xdbn\x96\x94\xed\xac\x0f\xf3\x92nz\xdd_\
\x11\xaf\x8cr\xeaQ\xdc\xde\x0c\xea\x95o\xc6\x0d)\xb4\
W\x91,\xf3\x97\xa4y\xfe\xa2KS\xd5\xae\xfdr2\
\xc7\xab\xd1\xfc\xa1~n\x89\x9e\xcb\x99J[\xcb\x84\xd8\
\xfc\xc9U;I\x860\xe5\x89\xa2$B#\xff+i\
C\xd4\x7f/\x8b\x15\xbc<\xf5\x04\x09\x871j@g\
\xf3\xb3\x07\x97JG\x18\x0f\x96\xad\x7f\xde:\xc9\xbce\
\x07;vg^\xf6\xb1\xbe\xa6KA\xf2G\xcf\x5cq\
\xdb\x0c\xb3yG\xa4S\x8de\xda\xd7\xc6\x89\xd8\xebZ\
\xd4N\xce\x1f$\xa4\x84\x17\xbf\xfa\xca\x18Y\x22\x22\xf0\
-\x96\xa6\xcbN\xed+\x83\xa1\x9f\xa5\x89\x01\x1f+G\
\xf5\xee\xfd\xe6U;\xb0 J\x16\xac\xae1;j\x12\
\x07\xa7\xe5\xa4\x81\x13\xc6t5\x17\x9c\xd0\xcb\xf4,i\
/\x83\x8f\x0b\x22\xea\xc7\xc6m{\xcc\xaf\x1fY\x19}\
\x15\x19\xd8\xd6\x94\xef\x8e\xbe:\x14v\xa1\xf6.\xed\x18\
}\xd5\x10\xac2\x13\xa3VDv\x05&:\x86\x8a\x01\
\x15?\xa8\xd7\xe7n\x97#\xaef,\xa9\x0c\x14\x85\x94\
%\xc7n\x9d9\xa9\xbb\x08\x0b\x069\xbe#\xc1\xd74\
\x80\xf8vw<\xb2\xdc,\xb2\xf5\xc6\xd1\xad\xa8\xbd\xb9\
\xea\xcc~rOz*\xf1Y\xb4\xff\x9fiE\xd8_\
\x9e[\xdb\xc0\x1f\x0bp\x9e\x7f\xf4G\xc7\x88c=\xe9\
l\xdb&r\xa2C\xb2\xf7v\xcf\xcbD\xe1\xb9w\xcb\
e\x07\xb1\x97\x0f#bj\xd2\xc8b\xf3\xe9\xd3\xfa\x9a\
\x11\xfd\x0a$\xc6\x1c\x7f\x9alz\xb1\x16\x11\xf6d\xdd\
\xe6=R\x7fx\x8d?$\xd7\xc7'v\x93\x09\x0du\
$\x95<$\xcf\x117O\xbc\xbe\xc1\xbc9\x7f\xfb!\
y\xe3\x18\xd2'\xdf\x9cw\x5cOs\xceq=$\xdd\
\xd4i\xbe#[Q\xee\x1b\xbb\x9d\x04\x11\x96<Q\x94\
Ths\xab%\xfa\xb3\xa2\xa4\x04\x1d\x16gRz\xc1\
\xf6\x7f:-:\xb8.\x05\xed<wNbu\x18\xd9\
\xbf@:E,1.\x84F\x22\xd1@\xc7OG\xef\
\x15\xe9\x9f\x8e\xfd\x8b\xe7\x0f\x94\x99p\xbf\xee\x9d\xc4\xa2\
\xe2'\x1e9\x22\x8a\xe7\xe399\xfe\x06'kw~\
f<XOVm\xdam\xfe\xf8\xf4j;\xc0\xaf4\
\xef\xd8\xfb\xaf\xb5\x83\xea\x9e$\xadr\x04\x0b]\xb4\xa6\
F\x9c\xbb\x19\xb0\x8e\x1cZ$\xe1\x0f\xec\x18\xe0\x99^\
\x06\x14\xf2\xf7\xf9w7K\x1esU\xee\xf4\x17F@\
\xb8\x0f\xf7\xd9\xf8\x0bGs\x06\xfb\xf7\x17W\xd8O\xb6\
\x12\x01\x13\x94\xcf\xef.\xaa0?\xb9\x7f\xa9y\xc6\x0a\
[\xce\x1fM\x14\x08\x98\xdf\x93\x8f<\xf3\xbc\x95\xd5f\
P\xcf|\xd9\x00B\xfaHg\x82\x22\x158}a\xea\
?W\x98]{\x0e\xd4_X3zu\xed(\x16\xa4\
\x0dV\xa8\x22\x9c\xc9\x93_<\xb4L\xce\x92\x8c\x07\x81\
s\xce\xb1=\xccj+`\x11\x93\x9d\xad`\xa4^%\
\xba\xf7\xc25\xd5r\xae+\x82\x942\xe6\xb3\xd4\x9d \
K\x1b\xcb\xef<\x0b\xe5\x89H\xdb+~\x92\xad\xa4N\
%\x02\x91\xf2\xf3\x07\x97I\xd9T\xef\xda/\xcf\xc3\xd2\
<\xf7\xa4\xacX\xce$\x1f\x11\x09\xd4\xc9d\xee\xf9\xce\
\x82\x0as\xf3_\x16\x9a\xe9V(\xb0\xdb\xd9\x0f~\xf7\
\x9e\xad\x07\xec\xdc\x9d8\x82\x9d\xa0\xd4\xf9Vr\x107\
e\xe8\xc5%'\xf7\x96\xbf#\x84\x07\x93\x99\xa3\x86w\
\xf1\xf4{k\xecv\x92\x880\xe4\x89\xa2\xa4\x8a\xca{\
%\xa7,\xb7\x83\xdb\xa4\x91]dp\xf1\x82M\x00\x1c\
n\x8e\xc5E\x963}\x06\xc2X\x18\xa4^|\xdf\xdf\
\xe9\x9f\x1d\x89~\x9di\xba\xdc\xfd\xf4\x1as\xfd\xb4\xb9\
b\xf9\xcb\xd4\xd7\xe8\xa9\xb76\xd9{\xcd3\xfb\xed\xe0\
\xce@\xe4'z\xf0\xbd\xcb\x16\x0c\xfa\xb0t\xfdN\xc9\
;^3\xe8\xc7\xc2KD\xefo\x1e_i~x\xef\
\xe2@\xeb\x5c\x10\x08\xe1\x1b\xee\x9c'e\xcbXJ\xf8\
\x0e\x84L&`\xd1d\xd9\x1b\x0b\xe8\xb4GW$\xbc\
_^\xdbV\xa6l\xcbn\x09f\xec\xb5\xb4\x19\x0b\x83\
\xe9\x08;A\xd8\xbc\xa3\xd6\x5c{\xfb,)\x9fT\xe0\
\xf3\xb7\xdd\xbfD\x96\x1d\x11\x8f\xd9ZB'\x1f\xb1\xda\
\xb19&(\x0d\x88!&)\xb7\xde\xb7\xd8l\x8d\x96\
s2`\xd1\xfe\xe2\xaff[1\x12\x99\xb8dZF\
\xd0\x14\xed\xc4\x8b0\xe5\x89\xa2\xa4\x8a\x0a3%\xa7,\
\xb3B\x80\x01k\xf2\x18\xef\xdd\x99o\xcf\xdf!\x02\x84\
\x81\x91xfX\x85\xe2\x05C<t\xd0o\xce\xdb\x1e\
}\xd5\x10\x96\xd2\x08\xb2\x9a\xae\xef\x8f\x17\x08\x14:\xf9\
lv\xd2\xdcs\xea?\x97\xcb\xd2\xed,;Kg\xe0\
I\x94\xeeLpaK\xc8\x17\xf2\x8f\xa3\x9d\x18\xbcb\
A\x14\xdf\xf6\xc0R\x11?\x99B^\xb1\x0c\xf4\xfc;\
\x9bETau\xcb\xe4d\x05\xc4\xd3\xdc\x95\xd5\xe6w\
\xffZ\x15}'1\xa4\x15KY\xa2\xaa\xc0\xf3Q\x1e\
_\xfb\xed<\xcf\xa5\xf1d\xc0\xf7\x8ce\xcf\x8e\xed\xda\
\x88u\x18\xebe\xa6\xb8\xb2\xda\xb0u\x8f-\xab\xe8\x9b\
qP\x84\xcfN\xdf,\xcb\xa2\xe9\xc02\xed\xcd\x7fY\
d~\xf1\xf7eb\x1d\xca\x84\xb0\xb4\x930\xe5\x89\xa2\
\xa4\x83\x0a3%\xa7p<\x10N\xe3g\x1d\xd3=\xfa\
NC\x98U\xe3\x84;j@\xa1t\xe8+6\x06o\
\x02\xe0w~\xb1\xcb\xf0g\xeb\xd5\xb5\x838gC\xb6\
\x16\x15\x10\x15~\xb0$\xc8R,~1\x9f8\xa9\xb7\
,\xe1\xf2/\xc7\xea$:y\x00\xab\x02N\xcf\x9c\x92\
@\x1e\xc4/\xf7\xe4w\xc8l7^,\xa5]\x22\xcf\
Rg\xbf\x83|\xc1_,v\x80C\xa4\xfd\xf9\xd95\
\x220\xbc\xc0\xa7\x8a`\xbdD\xaa\xbf\xff\xa6\x89\xe6\xc9\
\xdb\x8e3\xb7_7\xc6|\xf9\xc2A\x92~?\x18\x1c\
\xb7T\xd4\xc9\xd2\xd0\xc25\xe9\x9d\xf2\x80\x15\x8a|B\
4&;\xe8\xd7\xd6ED \x1f\x0f\xb26\xcd]Q\
e\x9ez{\x93\xf9\xde\x9f\x16I]\xcd\x84G_\xdb\
 K\xf1\xa4q\xfa\x82\xed\x19\x09Q\x07e\xe5\x97g\
\xbc[a\x85\xe7\xddO\xa7'@\x1c\xe4\xa9\x9f/]\
*4U;\x89%ly\xa2(\xe9\xa0\xc2L\xc99\
\xf8\xea\x8c\x1b\x5c$\xcb\x95^\xb8#\x9ap\x5c_\xb1\
>\xd8\xda\x85\xe5\xc7w7\xe6\x91\xa5\xe2\x97\xb2>z\
\xc6`\xb6\xe8\xd8\xbea3!\x1dg\x1f\xdbC\x84\xc9\
c?>\xc6\xfc\xf1\x1bG\x9a[\xaf\x19i>k\x07\
\x9b\x0b\xacxaW$\xc7\xea\xfc\xcd\x0a\x1864\xf8\
\x05\xd9\x85G\xec`>\xb8W\xbe)\xb7\xe2\x05\x8b\x80\
K;\x7fs\xd2\xf8R\xf1\x83s\x17~LA0\xf0\
\xc5~>\xf6:\xd5\xe6\xcd&+\x90\xddrP\xac(\
\xdb\x7f\xe0\xa0\x99\xbd\xac\xca\xd3g\x0f\x188\xa7}m\
\xac\xf9\xeaE\x83\xcd\xc8\x01\x05\xe2S3cI\x85i\
\x97\xd7J\x82\x08O\xbb~\x9c|\x87\x17\x08\xef;\x9f\
X%\xcb\xd5\x1b\xb6\xd5\xca\x00\x9b\xac\xb8rP?\xbe\
4u\x8e\xef\xe6\x83\xf8\x81\x1d\x7f\xc1\xd8e\xaf\xa0\xfd\
M,\x17\xfe\xce>_\xfc\x00\x8c\x90\xb8\xf0\xc4^r\
L\x12\xe2\x13A\xe1W\x7f\x1dXw\xb0\xb0\x8c\x1b\x5c\
h\x96\xaf\xdf\xe5\xb9\x5c\x9cM\xa8U\x7fzfM\xc2\
%C\x9e\x9d\xfax\xf7\xb7\x8e\x94\x8d1\xf8`\xe2\x8b\
\x99m\x9a\xa2\x9d\xc4\x13\xb6<Q\x94tP\xe7\x7f%\
m\x129\xff3\x80s\xe1s3ax\x17Y\x92\xc1\
\x8f,\x1e\xeeq\xeeq=\xc5\xe9\x99\xa5\xcf>\xb6\x83\
,\xcc'\x0e\xd7\xa1\x1d5KM8\x16\xc7C\xa7\xfe\
\xdd\xcf\x0c\xb7\xf7\xdf)\x03$\x1c5\xbcX\x0e8\xcf\
\xd4\xf9\xbfC\xbb6\xe6\xf1\xd77\xca\x8e\xb9\xab\xcf\xee\
on\xbab\xb88gce\xc2\x99\xfe\xed\x05\xdbe\
i\xf5}+Vf\xaf\xa8\x92\xed\xff\x9cU\xc9\xd0q\
\xf6\xb1=%\x1d~\xcf\x80\x80\xb8xJoYZ\x5c\
[\xbe\xc7\x0c\xefW \xdf\x07\xf8IM\x19W*\x83\
\x08\x17\xbb\xf5pP\xf6rz\x07,Y\x08%\xf7\xf9\
\xd8+/\xaf\xb5\x84(\xc0*D^aA\x1b\xd83\
_\xd2\xcf\xf5\xed\xbb\x17\x88\x03z<\x0cVw~}\
\xbc\x9c\xd5\xf8\xc4\x9b\x1b\xcd\x8c\xa5\x95\xa6\xcc\x0a\xdfM\
;j%\xdf\xd8\xb4\x81\x88\xb9\xe4\xa4\xde\x22\x8a\x97F\
\xad\x95\xb1 \x08O\xb6\xc2\x10\xc7}\x9c\xc1\xd9\x18\xe0\
\xd2\x18\x0b\xcb\x7f\xe4s2\xf0\x9d\xd7\x9e;\xc0|\xe7\
\xf2\xe1\xe63\xa7\xf7\x93\x8b\xdd\x95\xc4oC\xd0\x92\xff\
\xe4\x13\xe5J\x08\x11\x06\xead\xef\x8dH\xf8\xc1\xd5#\
%\x86\x18\xcf\x8c 8\xfb\xb8\x1e\xe6t[_(G\
\xbf\xfc\x07\xf2\x80\x98d\x9cuYc\xf3\x1a\xbf8/\
\xc1\x11\x94VgY\x9a\xbd\xbcJ\x04\x08\xbb\x8b\x09\xa5\
\x11\xbf\x01\x80v\xc3&\x05?\xf8\xde[m:\xae\xb4\
m\x11\xab!\xe2\x13\xcb'\x93\xa4O\x9d\xdaG\xac\xcb\
\xee;\x12\x91\x8c\xa3{S\xb5\x93X\xc2\x96'\x8a\x92\
\x0ej1Sr\x0e\x9d\xdfA;\x81\xf5[\xce\x04\x1c\
\xd2\xdd\x11M\x887>\x1f\x0f\xd6\x87\x17|\x9c\xfe\xe9\
\x14\x19\x94\xd9\xd1\x05t\x90\x84K\xc8\x06Df\xff\xf5\
W\xc7\x9a\x07o\x9e(\xdb\xf8\xe7\xaf\xae\x96e\xbfG\
^\xdd 1\x91\xb6W\xed\x95e+\x04\x1d\x1d?>\
u\x0c$\x0cFl\xa5\xbf\xecc}d\xb0\xf2b\xe3\
\xb6Z\xf1\x9baG \xe2!\xf6x*B=\xd0\xe9\
\xdf\xf5\xe4*s\xcf\xf3k\xe5=|\x98\xfc`\xa0b\
7\xea\x1d\x8f\xae8\xe4\xfa\xdb\x8be\x22\x90\x80\xbbc\
\xcd\xe0y\x19\x80\xde[T\xe1\xeb[\xf5\x99\xd3\xfa\x99\
<\x9b\x97\x0f\xffw\xbd\xf8\x00\x02\x02\x8142\xa0!\
\x1e\x19p\x11d\x883/\x11\x02O\xbe\xb5\xc9\x0a\xb2\
N\xb21c\xf6\xf2\xcc\xce\xf1\xec\xd7\xbd\xa3XY\x08\
m@y3A\xc0\xc9\xbf\xa40O\xac0k\xad0\
\xc7b\x05<\x8d\x97\xc0\xf7\x82g\xff\xfe\x95#\xcc5\
VT,]Wc\xfe\xf2\xdc\x1a\xf3\xe0\xcb\xeb\xe4\xc8\
$&\x03\xbb\xac\xd0\x9a\xfa\x95\xb1\x22\xb6\xfc\xc0y\x1c\
\x8amy\xf3\x1c\x94m.@T\x90\xee \xb0\x02q\
\xf2\xc6\xe3ol\x94\xfc\xe7\xf3\xcf\xbeSn\xee\xb3u\
\x81XtX\x98\xa7]?\xd6\xb7n\xa6JS\xb5\x13\
G\x18\xf3DQ\xd2A\x85\x99\xd2(\xb0\x9ct\xc4\xc0\
B_\x7f\x92\xd8#\x9aV\xfb\x1c\xd1D\x87\xfeo\x1f\
a\xf6\xf1\xa3\xba\x89pp\xe2\x81\xc1\xb8\xad\x8fHH\
\x07bUa\xad\xfa\xeb\xf3k\xc4\xc7\xcd\xf9#\xb1\x85\
\x9f\x01\x86\xf8E\xf8\x17\x0d\xed\x93o\xc6\x0f)\x92\xd0\
\x14\x93\xc7t\xb5\x03\x90\x1d\x84\xec\x7f\x8e\x1e\xe9\x7f\x12\
\x01\xa1\x138\xa4\x9a\x81\x05\x7f<\xfe\x05\xd2\xcb`G\
\x9e\xb5\xb3\x02(\x15\x10\xa6\xe4'\xcf\x15{\xf1^\x87\
v\xe4s'yv>\x87\x8f\x95\x17X\xcb\xb0\xd2\xcd\
\x5cZY\xbf\xd4\xc7\x80\xda\xb9c[s\xc2\x98\x12\xb1\
`\x5c}\xd6\x00\x11o\xf9\x1d\xdb\x88\xb5\x81\xf7\xbd`\
\xf9\x09A\xd7\xd5\x0ex\x08ovj\xa6\x03\xa2l\xaa\
\x1d\xfc\xabw\xed\x93\xf8t\xc4X#\xd4\xc5\x9c\x15\x91\
\xa5XD,\x96=\xb7\xb1\x81\xb2A\xe0&\x82t\xdd\
|\xd5\x08\xb1\x92\x91\x1f\x94\xf1\xae\xdaH\x9a\xc9'\x84\
\xe4sv\x00\xa7^b\x9d\xf3\x83|b\x03\x0b\xe5\x86\
\x80@\xa8e\x22B\xfd /\xff3\xd3_\x84\xe0\xbb\
\x85\x0f\x17\xed\x0a+\x93\x83\xfc\xc0\x8aH\xa0W|\xe2\
z\x94t\xb0\xf99F,\x90\xd9\xa0)\xda\x89#\xac\
y\xa2(\xa9\xa2\xc2Li\x14\xe8D\x19+\xa7\x8c/\
\x8d\xbe\xd3\x90DG4\xf1\xf3\x9c\xe5U\x9e[\xdfY\
~\xa4\x83wV\x12\xa0S\x8d_\xfa\xc9\x04\x9e\x84\xa5\
;7X3\x90c1\xeaV\xdcN\xc2\x81\xb0|u\
\xc9I}\xe4(\x9d\xe3\xed\xe0\xce\xa0C\x0c\xa6cF\
\x95\xc8\xcc\x1e\x1f+?\x88F\xce\x80\xc5\xe7p\x94?\
\x10c-l\x9f\xd7\xc6\x9cf\xef9ah\xeaGL\
\xf1\x0cX\x12c/\x8e\xaa:\xeb\x98\x1e\xa6k4\x90\
.\x16\x0bD\x93\x17,\xa7Qf\xf3VE\x96\x97H\
3\x16\x0b\x8e\x0e\x1a;\xb8H\x84\x18\x03%;\xe6\x10\
qXC8\xdb\xd1\x0b,\x1e\xe4\x1d\x83\x1e\xdf\x89\xa3\
x\xaa\xbef\xe4\xf7\x8f?7J60`\xed\x88\x15\
N\x0c\xaeXL\xb1\x04\x92\x97N\x04\xf4\xed\xd6\xd1\xa6\
3\xf1\xf7\xdcp\xe9\x10s\xcc\xc8b\x11un)\x1c\
\x10\xae,\xfb\x1ewD\xb19eB7Y\xba\xe2\x98\
\xb1 \x8b\x0au\x97g!}l\x5c\x88\xdf\xfd\x9a\x0d\
x\x0e\xf2\xd4\x0f\xfc\xe3\xd6Z\xf1\x81\xa5\xca\x81 \x1f\
;\xb8\xd0\x5cl\x7f\xf7\xff>\xd6WvJ\xcfYY\
%\xcb\xb5?\xbaf\xa4\x94o\xa64U;\x81\xb0\xe6\
\x89\xa2\xa4\x8a\x0a3\xa5Q\x88\x0cM\x1f\x8ae\xcb\x8f\
\x8f\x8ehj\x15\x89i\x163p#\xb2^\xfc\xc0\xdb\
ZFgJ\x07\x8b\xe5\x04\x18L9\x830\x9b]*\
\xf7\xc4\xa9\x1b\x11\xc8\xe0\xd0\xd3\x8a\x12\x04\xd3'\xa6\xf4\
1\x13\x87\x17\x8b`q\x82\x80\xcf\xd2\xa1s\xf13\xd6\
B\x8e\xdc\xf1#\xd69\x1dq\x835\xc9\xbd\x85x*\
.hgF\x0d\xec\x1cy#I\xf8n|\xab\x8e\x1e\
Q\xdc\xe0\xe2Y\xfb\x94v\x94\xdf\xf3\x15^KB\x0e\
\xcabG\xf5\xdez\x8bO\xc4\xe7-r\xe86\xe9\xe2\
\xd9\x1c\x11\xeb[\xeb@\x07\xf9\x95\x1bv\x9a\xa2\x82\xb6\
\x92^N5\x88\xb7x$\x82e\xa8\xee6\x9f_z\
\x7fK\xfd\x8eG\xd2\xc1\x12&aR\xae\x88\xfa\x9a1\
\xc0\x9e:\xa1T\x06~,x\x04(\x0d\x82M\x158\
\xa9\xffw\xf6\xd6\xfa\xe5^\xd2F\x9d:\xd6\x0a\x86\x8b\
O\xecm&\xd8\xbc\x1c\xd6'_\x84\x1e\xdf\xc9\x0e`\
?H\x1f\xf9A\x19V\xeeL\x1c\xde!U\xb8\x9f[\
2\xf5\x02\x0b+\xfev\x94\xad\x03K)Kx\xc7\xdb\
\x8bM6\x08s\xac\xa6\x93\xacP\xaf\xda\xb9O>\x7f\
\xd2x\xefsmS\xa1\xa9\xdaI\x98\xf3DQRE\
\x85\x99\xd2h\xb0\xbc\x88\xd3\xae\xdf\xee'v\xdf\xd1\xcf\
\x0e\xef\xdbY|\xab\xdc\xac\x1bX\x22zs\xaew(\
\x87\xd3\x8e\xea.\x9f\xaf_6\xb1\x1d\xfd\xe0\xde\xf9\xf6\
\x0b\xe5eV`\xf0\xc0J\xc4\x8c\xffS\xa7\xf65\x17\
\x9d\xd0K\x06j\x06\xefx\x91\x12\x0f\x83t\xb2\x90\xfe\
\x98\xf1G\xe0\xcf\xf9\xfeTay\x86g\x8b\xbf\xdc\xe3\
\x10\xb7\x8c%@?\x06YqK\xfa\xd8$\x81\x7f\xe0\
y\xc7\xf72\xbd\xbbv\xf4\xb5Dr_B\x1a\xf8\xb1\
\xbdz\x9f,\x83\x8a\xc5\xa3r\xaf\x84\xb2H\x16\xea\x0d\
\x16\x0f\xfc\xd9\xdc\xd1>\xe4\x09\x03\xfd9\xc7\xf5\x94\xf2\
\xc6\xc7\x8eA\x1fk\xd6\xc8\xfe\x9d\xa3\x9b\x01\x22\xbet\
ApB\x01\xb0k\xd4\xc1\xbdN>\xb2\x9b\x15dE\
b\x15\xe4\xbbH7\xf9\xc7\xf3\x07\xed\xe0#YX\xcc\
\x80\x1d\xaf\xbbc\x04D6\xc0\x02\xc7&\x19?&\x8f\
\xed*b\x9a\x8d/\xc03#$q%@\x8c\x90\x1f\
\x5c\xd4K\xacYN\x0c!\x962\xa5\xa9\xdaI\x98\xf3\
DQREk\x9d\xd2\xa8`%!:\xbf\x17\x84C\
\xe0\x18\x1d\x82\xcd2#\xc6\xd7\x8cA\x90\x0b\xd1\xe6\xb5\
\x05\x9eAx\xc2\xf0\xa2\xfa\xd92\x9d+\xa17J\x8b\
\xfc\x05B\xba\xd0\x993\xab\xe6\xa23g\xa0\xa6\xb3\xf7\
\xb389\xf8\xbb\xd8\xe5\x93 \x18l\xc4\x12 CO\
n\xe1\xb9\xcaw\xf8/\xfd\xe0\x18\xcdq:l\xc4`\
\xd9\x08\xe7k\x9c\xe2\xc9k\xbf\x8b\xb3\x11\xfdpV.\
\xd2\x88XI%B\xbes\xb8\xe7\xb8\x1f\xa0\x9cY\xae\
>mb7\x11V\xb1\xc2\x95\xdf\xf1\x9a\x8b\x9fS\x85\
\xb2e7!\x82\xc2k`\xa6\xbc\xfdN\xb2\x88\x87R\
\x8c_r\xcb\x14\xd2\xe5|)\xbd\xe8\xd7\xad\xa3\xa9\xb0\
\xe2\xd5\xe57\xe5<v\x90\x15 >\x22\xc3Oh\xa7\
KS\xb4\x93\xb0\xe7\x89\xa2\xa4\x82\x0a3\xa5Q\xa1\xc3\
#\xa6\x96\x1f\xaf\xcc\xda\x22~&\xf8-\xb1\x9c\xf9\xa1\
\xedG\xe9t\xff=\xc3\xdb\xa9\xf7\x94\x09\xa5\xd2I\xbb\
#\x98XNcw'\x1do.\x88\x1d\xe8\xd9\x9aO\
\x08\x8a\xfb^(3?\xf9\xdb\x12s\xdd\xaf\xe7\xc8\xc1\
\xea\xee:\xfd\x9bo\xd7_~\xb1\xd7\xbc =\x8dE\
P\xa4{\xfc\xb8\xbeq\xd7|\xb9\xfe\xf7w\xf3\xe5\x98\
\xa5\xff\xf9m\xf0\xf5t\x82S\x03\x5c\xd2\x18\xa3w\xee\
9\x90vZ\x19PY\xc2\xc6\x17(\x15KK\x22\x10\
b\x88\xc0a\xb6\x0ee\xc3Z\x12/ \xb2\x05\xe7k\
\xfaQ\x98\x9f\xd7`\xb3\x06\xcb\xbfn\x17nc\xd1\x14\
\xed$\xecy\xa2(\xc9\xa2\xc2Lit\xf0\xe3\xf0\x8b\
\x16\xef\x8ehb\xe9\x8a\x190\xb3l\xfc\x91\xb0\xc6x\
\x81\xc5\x04gm\xd7\xe92\xd1%\xe6\x13\x9do\xb6a\
  N\x15\xa1\x13dP\xf9\xe9\x0c9v\xe8\x1f\xff\
]/\x11\xf3WZ!\x89\xd0q\xd7\xe1\x80\x97\x15\xb2\
\xb1`\x87c:\x82\x05\xd1\x8d\xafW.\xca\x99\xbb!\
\xfa\xb2y\xdf\x5c\x08mW\xdf\xbd \xee\x191\xd4\x00\
\xe1A{cY\xbb\xb1h\xaav\x12\xe6<Q\x94T\
Pa\xa64:\x88\xad)c\xbd\x9dj\x11\x0a\x1c\xbb\
r\xc4\x80B\xd3\xd6\x0e\x90m\xdb\x12\xe9\xdf\xdbZ\x86\
\x9f\x0f\x96\x0d\x82y\x02\x96\x13\xb6\xe2cm\xcb\xe6L\
\xd89\xa9\xff\xf3\xd5\xf5\xe6\xd3?\xfa@\xc22\x1c.\
\xc2+\x11\xce_\xab1\xe8Y\xd2\xde\xec\xdf\x1f\xc9K\
\x1c\xb9\xf7\xd4\xa6g1\xa3\x9cYJ\xcc\x85\xf8n\x0e\
\x10&&6_\xf3;\xb4\xcd\xeaF\x18?\xc2\xdcN\
\x9a*O\x14%\x1dT\x98)\x8d\x0e\x03*;\xb5\xfc\
\xc0\x9f\x0c\xe7\xe9S\xa2\xa15^\xf1\x89Mt\x86\xbd\
\x07\x01K\xf1E\x03\x02\xca\x0e\xe9\x9d\x9f\x93\x99\xf0\xcf\
\x1e\x5cj\xeeynmR\x16&\x96H\x88\xb7E(\
\x00.N\x14\x08+A\x01kI\x87KC&\x17\xbb\
\x1e\xbf~\xe9\x10q\xc6\xc7G\xcd\x91\x86&S\x92`\
\xdf\x81\x83\xf5\xa2\x95\x0d7\xe2\x0f\xd7H*$\xac\xed\
\xa4)\xf3DQRE\x85\x99\xd2$\xb0\xeb\x89\xe5J\
/\xdc\xb17\xfc~\xf6\xb2J\xcf\xd8e\xf0\xb1\xa3\xba\
\xc9N\xac\x8f\xc29\xb4\xce\xfa\xf2\x16\xbb\xbd\xee}\xa1\
L\x0eR\xf6\x83\xe7\xbc\xfe\xe2\xc1\xe6\x81\xefO4/\
O=A\xce\x05\xfc\xebw\x8e2\xbf\xfa\xca\x18\xb9\xee\
\xb8~\xac\x1c\xf3\x13F\x18\x1c\xfd f\x98KC&\
\xd7\xcf\xbep\x84\x19;\xa4\xd0<\xffny\xfd\xae8\
\x19\x1c\xad(\xd4\xb11=\x82v\xbfb\xa5r\xc1Q\
\xb1\x1cs\x18~\xa2\x90!\x99\x12\x86v\x12\xb6<Q\
\x94tQa\xa64\x09,g\x06\xc54{1\xea\x04\
\xec\xe7\xf4\xcf\xec\x9a\x00\xa7n\xa0G\x8c\xf1\x9a\x0e7\
\x9b\xac\xdfR+\xbe1~|\xf7\xf2\xe1\xe6\xae\xaf\x8f\
7\xa7\xda\xb4l\xd8Z+Q\xc5\x9f\x9e\xbeI\xfe\x86\
c\x94\xb8\x08\xc3\x80e \x8c\x04E7\xe7<\xc7U\
\x9bv\xd5\xa7#\xdd\xebO\xcf\xac\x963\x14]Y\x01\
1\xd1\xf0\xfb\xd1\xddo\xa9C\x08\x0e\xc2\x84\xf8A\xdb\
\xaa\xdf\xfcb\xe7,\xfb\xa2\x13\x97\x5c\xd2\xd4\xed$\x8c\
y\xa2(\xe9\xa2\xc2Li\x12\x10R~a3\xe01\
;\x90\xff\xfa\x91\x15\xe6\x0d\x9f\xd8e\x9ci\x87\x83\xb1\
;Z\x85\x01\x9ec^\xb29\xd0\xd3\x99\x13t\xd4\x0f\
\x02\x9e\x12\xc8\x94s>\xefyn\x8dyc\xde63\
oe\x9587\x13\xa8\x94c\x83jv\xef\x93xa\
a\x84\xa7\x22\xaa\xbd\x1f\x1c:\xdf!\xaf\x8d\xa4\x83s\
\x22q\xae\xaeM\xe3\xda\xb7\xffCq\xa8\xe7\xc2\xaa\xc9\
2\xd2\xe8\x81\x85\x81\xa2P\x09\xa2\x95).\xf0\xb7t\
bqf\x92B\xfeR\xc6,\xf7\xe72\xfcJ8\xda\
I\xb8\xf2DQ2A\x85\x99\xd2d\x10\x7f\xca\xcf\xaf\
\x84`\xb1l\x9d\xa7\xd3\x8fGD\x9d\x9dy/\x8f\xb1\
\xc0\x10X\xb4\x7f\xf7NY]\xc6\xe4^\x0bVy\xc7\
U\xe2w\xe7O\xeee\xa6/\xdc\xd1`\xc7(\xb3r\
\xc4\x07\xcf\x83\x9f\x5c\xb7\xa2\xf6\xa6]^\xe3X\x85\x82\
\xe28y\x81\xb36>y~p\x1e!\x1b)p\xb6\
\xa7\x14\xfaw\xef(\xcbQ\xe9^\xc4\xa7\xe3H\xa8O\
\x9e\xdcG\x22\xae\xe7*\xa4Is\x87|\x0b\x12\xd4\xd3\
\x17\xec\x90x]\x84\x8da\x93\x05\x96\xcf \x0d\xc22\
$u\xc1\x85\x9cI\x950\xb4\x93\xb0\xe5\x89\xa2d\x82\
\x0a3\xa5\xc9\xc07\x8c\xa8\xf2\xa9\xc2\xa0N\x10\xd9\xc5\
\xd1\xdd\x98t\xca\x03zD\xa2\xd4g\x9b\xadU\xdeb\
g`4*>\xa1<\x1c\x0c2#\xfaw6\xe7\x1c\
\xdb\xc3|\xee\x9c\x01\xe6\xca3\xfa\x9bO\x9e\xda\xc7\xce\
\xe4\xfd\x07\x8cT!`\xa7\x1f\x84\x03p\x11\xe7\x93\x81\
A\x93s\x02\xfdxw\xd1\x0eYr\x1cc?\xc3g\
I\xdb\xc9\xe3K\xc5\xd2\x99\xceu\xca\x91\xdd\xe4X(\
b\x8f\xa9(\xcb\x0c\xe2p\xf9\x81e\xf3\x83h\xa0f\
D5\x16)\x8f\xf9M=|f\xea#+\xc4\x82\x95\
.ah'a\xcb\x13EI\x17\x15fJ\x93\xc1\xe0\
<e\x5c\xa9\x0c\xfa\xa9p\xf2\x91\xa5b\x1dr\x16\x22\
\x1c\xc9s\xb5\x1bs\xdf>\xef\xdden7\xe3\xdeh\
\xf8\x07\xd2\xc2A\xea\x08\x97\xc8`\x149\x1e\x88\xe5;\
B~\xb8\xe3\xa22\x81Y|\x90\x83\xf3\xea\x8d\xbb\x1b\
\x1c\x02m?\x9e\x10\xe2\x81\xf9-)r \xf43\xd3\
\xcb\xcd\xb1\xa3\x8am\x19E\x02\xa5\xfa\x1d\xf3\x94\xcae\
\x8bK\xc9\x10\xea{\xd0R0\xbe[D\xde\xe7\xf0\xf5\
D\x07\xc6?\xf4\xf2:9\xe5!\x13\xc2\xd0N\xc2\x96\
'\x8a\x92.*\xcc\x94&\xa5\xa0c\x1b3~hQ\
\xf4Ub\xf0O:ql\x89Y\xbe\xfe\xa3\x99l'\
\xfb\x1e1\xcd\x98\xe5f\x9b\x0el\xab\xf7\xc0-q\xb0\
\xbb\x94\xaf\xe5L\xc6\x11\xfd\x0ad\x90\x89}\x0e:\xff\
\x15\xf6Y\xef{\xb1,\xfaN\xfa\xd4\xed\x0b>\xe4\x99\
\xa5_\x06\x1e\xc2S\xb4\xb1J*\x99#\x8f\x10o\x9c\
A\xe9\xc7\x03\xff^'\xc2\x97s\x0fw\xd7\x1eH\xd9\
\x0f\x08\xa7l\x08\x1a\x04\x95\xd4\xc1\x97\xf2X+0\xfc\
`\xd9p\xdac+\xcd\xc4\x11\xc5fX\xdf|9\xee\
,V\xa8S\x1e,\xd5\xfd\xe1\xa9\xd5Y\xa9\x9bah\
'a\xcb\x13EI\x17\x15fJ\x93\xc2\xc0\x1d\xb4;\
3\x9e)\xe3\xba\x8ao\xca\xc25\x11\x9f\x16f\xe0\x1c\
`\xcd{\xb9\xa0O\xa9\xf7.1\x96F\x1e}m\x83\
\xcc\xfc90\xbb\xb4\x88\xe5\xb9\x86\xcf@'\xcf`p\
\xe3\x1f\x17\x04F%O\x16\x86\xb1\x1e\xc5\xfe\x87g\xe3\
\xe0\xfc\xbb\x7f\xad2\xc7\x8f.1_:\x7f\xa0\xf8\x87\
\x01\xcfQ\xb9s_\xfd9\x81\xb106^<\xa5\xb7\
X,\xbc\xc0\x82\xf1\xa5\xa9\xb3e#\xc0d{\xdfZ\
\xa2\xf5\x07h,~\xe5D\x18\x7f\xfb\xf2\x8c\xad\xe67\
\x8f\xaf\x14\xab(o\xf3\xbbd,yJ0\x94\xe9\xc7\
&\x04\xb7\x1b,>\xc4\x14#F\x18\xcb|.\xac\x0c\
\x94m\xdec\xbe\xf7\xe7E\x12\x046\x1b\x84\xa1\x9d\x84\
-O\x14%]T\x98)M\x0a\x9d\xf4\xc9\xe3\xbb\xfa\
\x0a\x83xN\x9b\xd8\xdd\xac\xb7\x22\xc1-y0K\x1e\
\xd4\xab\x93\xfdW^f\x15\x96\x0eqV\xf7\x83\x0e\x1e\
\xa7\xe6\xb3\x8e\xe9!\xfeS\x0c\x0c\x08M\xf7\xef\xc3\xaf\
\xac7\xdf\xfa}vD\x19\xe0\xab\xd3\xb7\x9b\xbf0\x83\
\xa7\xde\xdad>\xf7\x7f\xb3\xcc/\xfe\xbeLf\xfd\x04\
\xfc\xfc\xd4\xad\x1f\x98\xbf\xbdT&\xe2\x15\xa7g\x9e'\
V\x1c\x15\xe5\xb7\x15\x1f\x1f?\x88\x01\xf5M\x9b\x8e\xdf\
?\xb5\xdal\xdcV'K\x9a^0\xc8\xe1\x04\xce@\
\xfc\x9d\xbb\x17\x9aK\x7f\xf0\xbe\xec\xac}6z~&\
\xe56gE\xd5!\x96\x0a%u\xa8\xf7\xc7\x8c*6\
\xa3\x06t\x8e\xbe\xe3\x0d\xcbwW\xfct\xa6\xe1\x8c\xca\
\xfbm\x1d\xa0<8\xf7\xf4\x8b\xbf\x9amf-\xab\x8c\
~*3\xc2\xd2N\xc2\x94'\x8a\x92\x09*\xcc\x94&\
\xa7}\xbb6\xb2\xfc\x96\x88nv\xb6=nHa\xfd\
\xee.\xac=l\x02\xc0\x8a\x94\x8beL\xee\xf9\xf1\x89\
\xdd\xe4{\xbd\xc0\xfas\xdb\x03K\xe5\xf0\xee\xc7^\xdf\
`^\x9b\xb3\xcd\xbc\xf8\xde\x16s\xf73k\xcce?\
\x9a!\xc2\xc8Y\x8f\xb2\x05GP1\xdb\x0f\x02\xdf0\
NO\xc0O\x86\x80\x9f\x08\xa1m\x95\x91 \xbd\x087\
\x8e\xcc!\x80\xaf\x13G\xecR\xbb\xea\x8c~\x09#\xaf\
\xf3\xb7_\xfb\xcd\x5cs\xf1\xcd\xef\xc9\xf5\xd5is\xe5\
\xe2<\xc4\xb3n\x9cn\xce\xfe\xf6t9\xf0\x9c\x81\x98\
\x01.>\xed\xcb\xd6\xd5\x98\xf7\x17\xef0\xef\xd8A\x9a\
\x01Y\xc9\x0c\xf2\xf0\xba\x0b\x06%\xf4\xd1\xe4\xd8-\xce\
\xa8D\x90\xb0\xdc\xbd`\xf5\xa1;(K:\xb73\xbf\
\xff\xdf\xf1\xe6\xecc{D\xdfI\x9e0\xb5\x93\xb0\xe4\
\x89\xa2d\x82\x0a3\xa5\xc9\xc1\xd2\x82C\x7f\x22\xa6\x8c\
/\x151\xe1\xfcV\xe8|\x87\xf4)\x90\xe5\xcc\x5c\x81\
\x95\xe9\xa6+G\x04v\xf4\x08ED\x10\x075\xb3l\
\xc7R\x08b\xc8\xc1\xdf\x12`\xf3\x07\x9f\x1d\x19}'\
}\xf6\xec=`\xae<\xb3_\xf4U\xf2\xb8\x81\x8fx\
d\xbbj\x0f\x985\xe5\xbb\xc4\xd2\x01\xf8\x90\xf1\xeb\x9b\
\xaf\x1a\xe1{\xb8|<X,\x97\xad\xdb)\x17\x16\xb5\
d\x06\xd6\x83V\x8bq@=\x96\xb3,\x8d\xc3-\x1a\
\xac\xcd\xa3\x06\x14\x98/_8(\xfaNz\x10\xd4\xf5\
\xce\x1b\xc6\x89\xe8\x0f\x0a\xd2\x1aDX\xdaI\x98\xf2D\
Q\xd2E\x85\x99\xd2\xe4 \xac\xf0\x1d\x93\xf3\xeb\x028\
sRw\x11\x14n\xc9\x83\x8e|(\xbb1\x03\x06\x83\
L\xc1I\xf9\x88\x01\x9d\xcd\xd5g\xf7\x8f\xbe\x93\x1a,\
\xd1~\xdf\x0eXX\x14pz\xce\x14v\xb9a1;\
a\x8c\xf7!\xf0~\x103\x0e\x08\xa9\x81\x1e\xc3\xe7\xcc\
Y\xcc\x80e \xd2:\xed\xfa\xb1\xf2\xac\xd9\xc4Es\
w\xe5\xe6\xe5\xeb\xa6\xa4\x07e\xc8\xe6\x8d\xcf\x9c\xde/\
\xadv@\xe8\x99\xa9_\x1d+\xbbm%\xb6W\x9a\x84\
\xa9\x9d\x84%O\x14%]T\x98)i\x93\xcd\xf0\x14\
\x88\xb3\xc9cJ\xa2\xaf\x0ee`\xcfN\xe2\xe4\xbf\xa4\
,\x12T\x96\xe5\x13\xe2a\x15\x15\xe4\xc9\x92\xa6'Y\
\xb2\xca`\xdd\xe1\x0c\xbf\xa9_\x19\x93p\x191\x16\xa2\
\x9d\xdf\xfb\xdd\xa3$\xdc\x04V\xa2l\x81o\xce\xad\xd7\
\x8c4\xdf\xf8\xd4\xd0\xc0\xf0\x00\xb1\xf0\xdc\x155\x11\xeb\
\x04\xd9\x15+\xca\x80\xf1\x0b\xab\xc7\xf6\xaa\xbdb\xb5`\
`b\x80\xca\x04\xaco\xd7\x9e;\xc0\xdcy\xc3x\x09\
m\xb2\xa6<rJ\x83oy))\x83\xa0F\xf0^\
}V\x7fs\xfbu\xa3}\x97\x13\xe3a\x99\xee\xc6\xcb\
\x86\x99\x9f\x5c;\xca\xec\xa8\xdek\x1e\x7f}\x83o\xc8\
\x8bd\x09K;\x09S\x9e(J:\xb4\xfa\x10\x07\x13\
EI\x11|9\xb0\xba\xccZVe6W|\x14\x5c\
\x92\xb3*\x09\xe2\xc8\x91;8\x81\xd3\xd12\x9b\xbe\xf6\
\xdc\x81\xf2\xaf\x1ft\xea\x08\x0e|\x90\xca\xb6\xec\x91c\
|\x1c\x1c\xb5r\xe2\xb8\xae\x22&\x1e|\xb9L\x96>\
#B\xae\xab9rh\x91\xef\xac\x98\xa5\xba\xba\xbd\x07\
\xcd\xac\xe5\x95f\xd5\xc6\x88(\x00\x82\xa6\x0e\xed]`\
\xc6\x0f-4\xef-\xae0\x1f,\xa9\x90\xc0\xad\x97\x9d\
\xdaW\xc4^\xbcp\xe0{k\xf6\xb0\xab\xf1C\x09G\
\xc1q2\xf8\xa7\xe0\xcbU\xbe\xa3V\xfee)\x8f\x8e\
\x9d\xe8\xe3\xec^\xe4\x80u\x8e\x80\xe1\x90\xf5\xb7\xe7o\
\x97\xdf\x9ds\x5c\x0f\xf3\xfc\xbb\x9b\xe5()\x07>r\
\xa7\x1f\xdd]\x9e\x91\xe7@\x1c\x9dw|O\xd3\xbfG\
\xc7@\xbf9\x06\x1e~M|\xa8\xff\xcc\xd8b\xd6\xd9\
|^\xb3i\xb7Yg\xf3\x8eeF\x9e\x83\xef$\xe2\
\xfeI6\xef\xc6\xd9\x81\x92#qXN\xe2;F\x0f\
\xec,1\xe4\xe2\x97\x81y\xb6\xf9\xab\xaa\xcd\xe0^\x9d\
\xe4\xf9\xb7\xd8\xb2\xc5a\x9f\x1d\x9f\xfcm\xf5\xae\xfd\x0d\
\x96\x9f\xc0\xc5V\x1b\xd43_\xacc#\x07t6#\
\xed\xf7v/n/!;\x16\xae\xae\xb1\xf9\xbc\xc3\xd4\
E\x079\xacw\x97\x7f\xbc\xdf!\xc1r\xc9g|\xd3\
8\x9f\x93%O\x07\xa1\x16(gB2\xdc\xfb\xfcZ\
yf\xd2E\xd0\xda\xf8\xe7\xf7#\x9b\xf7&d\x08\x96\
\x94\x19K+\x1b\x08\x09\xaaa\xff\x1e\x9d$N\x16y\
\xf6\x96-w\xbf\xf2\xcc\xea\xf3\xd8\xba\xc7\xae\xd9\xaeE\
\xede\x83\xc8\x0c[\x8f^\x9d\xb3M\x82\xa3n\xb3B\
\x9b\xfa\x80E\x8a:\x81\x85\x19\xab\xd4\xb1Vtc\xb9\
\xe4\xc83\xb7\xc3\x19\xe7|\xca\xfc-[\xb7+l\xdb\
v\x10\xeb\x8e\x0d:\xd4\x1f\xce;\xf5k\xcfaj'\
a\xc9\x13EI\x07\x15fJ\xda \xa4X\x1a\xc32\
\xc5\xd0B\xf7H\x87H\xc7\xb7\xc8vl\xceB\x92l\
\xa7\x85\xe0B\xe4u\xb2\xe2\x8e{\xb9\x8aYg\x07\xf7\
\xf2\x1duf\xa6\x1d\xc8\x88\xd8\x0d\x04\xa6\xfc\xd4\xa9}\
\xa4#\x0f\xd0/2X\xb0\x8b\x90\xe7\xb2\xff\x97\xfbr\
m\xb5\xcf\xb8\xda\x0e\x8a\xce\xe97H\x98\x01\x7f\x8f\xf0\
Y]\xbe\xcb\x8c\x1d\x5c$\x03\xa8\x1f\xc4\xfb\xc2\x0fn\
\xf1\xdaj9\x98\x19\x18<&\x8d*6#\xa3\x91\xc7\
I\x1b_\xc3}W\xd9\xcf2\xd8 \x5c\x92\x15f\xe4\
\x15\x83?B\x18aD>xA\x19!\xda\x10\x01\xae\
<\xf8\x0ev\xaf\x1d5\xac\xcb!\x83=\xf9\x85\xe0~\
k\xfe6\x11\x0c\x04\xed\xecc\x07\xa1\xa0\xf4\xc6B\xda\
9\xffp[u\x9d\x84\x1f`0v\xbel\xc0ws\
\xa6)!R\xf89\x1e\xf2\xa3&: \xbb<\xe2\x9e\
\xdb\xaa\xea\xcc\x07V\x08Q\xfe\x0c\xa8\x88\x7fv\xf8\xf9\
\x89\x15/\xb2yo\xd2\xb4k\xcf\x01\xf9\xd7\xde\xb6\xbe\
^1x#\xd6f\xda\xfb\xf1;\xd2x\xbe-\xcf~\
\x1e\xe5\x99\xcd\xe7AP,\x5cS#\x82\x83]\xca~\
\xe1+\x806F\xfbDh;\xb1\x0c\xb4\xbbS\xc6w\
3=\xbb\xb6\x97z\xc03\xc1\x1e\xfbL\xcb\xadp\xa2\
\xbe\x91\xa6\xa0\xf6\x1c\xa6v\x12\x96<Q\x94TQa\
\xa6\xa4\x0d\x9d\xe5\x5c\xdb1qtOlg\x16\x0f\xc7\
\x04q\xecJ\xa2N\x8b\xfb\xcdY^\xd5\xc0\xba\xe2\x05\
\x03\xd4\xa0^\xf9\xe2s\xe65\xb8\xc7B\xa7\x89@x\
\xfe\xdd\xf2\xc0{\x22\xf4X\x86!\xf6\x97\x9f\x1e\xa2\xa3\
G\xc8\xcd\xb2\xcf\x88%\x0eQ\xc4\xe7]\xbc0D*\
\x83\x00\xce\xf0|o,\x0c\xb0\x85\xf9m\xcd\x04+\x86\
\xd8\x95\xc8\xe7\xbc \x8f.<\xa1\x97\xe9m\x07\x11\xbf\
\xe7p 8\xb1\xda,\xb2\x83\x0fB\x0d\xab\x02\xcf\x82\
\xaf\x1eV-6\x0aTY\xa1\xc0\xefb!\xad|\x07\
\x96\x00\xaf\xef\xe0\xd1\xb1t\xcd[Ue\xcb\xb7\xda\xec\
\xb5\xe9\xc6\x1a\x84\x134i\xc6\xc1\xda-\xa1\x92\x0eb\
\x9b\x91\x1f\x08:\xbftQf,1q&\x22\x07\xd0\
s/\xaf\xef\xa6\x8c\x1e\xf8wY\xbd`\xf1\x82\xbc\x1c\
;\xa4\xd0L\x1e\xdd5P\xac\xc4\x93\xcd{#xW\
X\xa1\xf0\xf2\x07[$\x7f\xfc\xa0</:\xb1\xb7g\
^g;\xad\xd4O\x96\xfai\x8f\x84\x8f)\xec\x94g\
\x8a\xf2\xf3\xa4\xac\xa8+X\xa0(#7\xb9qP.\
y\xf6\xdeX\xe6&\x0e/\x16aH\xbc/\xbft!\
V\xae>k\x80o{\x0eS;\x09K\x9e(J*\
\xb4\xb9\xd5\x12\xfdYQR\xa2\x95\xfd\x1f\xcb\x04X\xb3\
\xf6\xdaA\x86\x0e\x92\x0e\xcd]D\x9f\xe7\xf7\xe3\x87t\
\x91\xd9*\xef\x05\xc1\xcc\xb7\xa40\xcf\x8a\x0a:n\x96\
\xea\xec}\xe2\xee\x89(\xc0\xaau\xd2\xf8R\xdb\xb9\x06\
\xf8\x97E\xe1\x1e<\xc3\x8e\xea\x88h\x88\x7fF\xaev\
ymdF\xcd,=\xc8o\x8e%S\x04\x05\x16\x1f\
`y\xa6\xd2v\xe8,\xf7q\xe07[\xf0\x19d\x19\
j\xf8\x1e\x06R\xf2\x80\x93\x09\x18\x5cO\xb63o,\
\x08t\xee<\x0f\xc4>\x07\x22\x93#\x95\x8e\xf4\xb0d\
y\xc1 \xd6\xa7\xb4\x83\x9d\xcdw\x90\xf0\x17\x88\xb1*\
\xfb\xfd\x0c\x22\x22\xcc\xea\x22\xf1\xcax\x16\x9e\x9d\xbc\xe3\
oF\x0f\xea,\x0e\xd6~i\xe5\xf3\xeeY\xd8\x95\xc6\
\xcfX\x82\x10y\xfc\xcb\xfd\xb1\x0am\xd8\xb6\xc7l\xa9\
\xac\x13\xdf5\x06\xb8}\x07\xa2u\xc0\xfe\x87{\x93\xa6\
\xb6\xf6o\x11\x8aCzG\x0e0?fT\x89\x1dx\
\x83\xcb\x0d!Iz\xbc\xca\x9f\xfc\xecl\x07\xd5I#\
\x8a\x13\xde\xc7\x8bl\xdd\x9b\xbf']\x88\x0bD,\x9f\
\x8d\xbd\x17\x17\xf9\xd6\xb7{G3np\x91oyf\
3\xad\x941K\x88X8)\xab\xcd\x15\xb5\xb6\xac\xf6\
JYQN\xbc\x87\x18\x94g\xb5\xff\xa1\x8cxF\xea\
4\xc7$\xe1\x17\x96\xdf\xa1\xad\xa4k\x83\xad\xcf^m\
\x9a\xb62\xacO\x81L\x8cx\xedE\x98\xdaIX\xf2\
DQRA-fJF8\xeb\x0a\x9d\x1d\xb3\xce\xd8\
\xcaD\x07Gtm,f\xc9\x08\x0d\x07\xb3\x5cf\xb1\
;\xec\x80\xcf\xcf\xb1\xd0y\xd3)\xd3Q\xd2A&\x0b\
\x9d<\x8e\xed\x88\x88\xd8Y:\xcf\xc52 ~O<\
o\xb20\xa0\xd6\xec\xde'\xcb\x83\x08I\x11E\xf6\x99\
\x09E\xd1\xaemd\xd0.\xb6\xf7e\xa9\xa5\x7f\xf7N\
\xf2\xda\xe5\x01ib0\xe6r\x8f\xc2o:\xdb\xc1\x97\
\x01)\xd5Y7\xe9\xc12\xc1`\x13y\x8e\xfdf\xbb\
\x1d\xfcX*\x02\xee\xc7\xe0\x84\xcf\x17GW\x91\xded\
\xcb\x83\xe7\xc3\x92\xc93\xe3\x10]n\x07W\x06\xd8j\
\x9b\xf6\xda\xba\x83\x22\xc6\x18\xac\x18\xd0\xf8\x1e\xc4\x1fe\
\x84xFd\x97\x16\xb5\x17\x1fA\xf2\x961+\x99\x81\
\x8b\xbc\xad\xb0\xcf\xefW\xfe\xa4\x03\x0b\x85\xdf\x12V\x10\
\xd9\xbe7u\x9fr\xa4\xbe\xc6T+\xf9{6\xa6\xe0\
x\x1et\xf0|.\xd2\xcasP.\xd4G\x8e.C\
\x8c\x88e\xd3\xd6\x11\xeaJ{+$\xb0\xaeRF\x88\
'D\x08\xd6\xa1\xd8\xb2!][*\xad\x80\x8ai\xd3\
<\x02V/\xdat\xb2m%,\xed$Ly\xa2(\
\x89Pa\xa6d\x05jQ\xfc\xb2\x04]\x1a\x96\x80\x14\
\xc6\x94z\xb8\x15U3\xberr\xaft\x06d\xf0\xba\
g\xa6\xcfH\x9a\xeb\xef\xcb\xbf\xf6}\xb9U\xf49\xb9\
/\xb3\xf6x\xdc\xdf\xc6\xc2g\xd3M\x1b\xb0\xbc\xc6\x1d\
c\x9fG\x88y\x16\xf7o:\xb8gv\xff\xf2e\xee\
+@nk\xff\xc3\xbf.O\xd3\xfd>\xb9=\xdf\x15\
}\xedp\xf7\xcc\x84l\xdf\x9b\xfbeR\xf7\xb3\xfd<\
\x0e\xee\x8b\xa8v\xf7v\x8f\x18y\xb6\xc8\xf3Q7\xfd\
\xbe\xc2\x95u,\xe9\x94'\xf7p\xf7r\xf5\x92\xdb\xca\
m\xec\x7f\xdc=\x1b\xa3\x9dp\xab0\xe4\x89\xa2\x04\xa1\
\xc2LQ\x14EQ\x14%$\xa8\xedUQ\x14EQ\
\x14%$\xa80S\x14EQ\x14E\x09\x09*\xcc\x14\
EQ\x14EQB\x82\x0a3EQ\x14EQ\x94\x90\
\xa0\xc2LQ\x14EQ\x14%$\xa80S\x14EQ\
\x14E\x09\x09*\xcc\x14EQ\x14EQB\x82\x0a3\
EQ\x14EQ\x94\x90\xa0\xc2LQ\x14EQ\x14%\
$\xa80S\x14EQ\x14E\x09\x09*\xcc\x14EQ\
\x14EQB\x82\x0a3EQ\x14EQ\x94\x90\xa0\xc2\
LQ\x14EQ\x14%$\xa80S\x14EQ\x14E\
\x09\x09*\xcc\x14EQ\x14EQB\x82\x0a3EQ\
\x14EQ\x94\x90\xa0\xc2LQ\x14EQ\x14%$\xa8\
0S\x14EQ\x14E\x09\x09*\xcc\x14EQ\x14E\
QB\x82\x0a3EQ\x14EQ\x94\x90\xa0\xc2LQ\
\x14EQ\x14%$\xa80S\x14EQ\x14E\x09\x09\
*\xcc\x14EQ\x14EQB\x82\x0a3EQ\x14E\
Q\x94\x90\xa0\xc2LQ\x14EQ\x14%$\xa80S\
\x14EQ\x14E\x09\x09*\xcc\x14EQ\x14EQB\
\x82\x0a3EQ\x14EQ\x94\x90\xa0\xc2LQ\x14E\
Q\x14%\x14\x18\xf3\xff\x01C\xc2\xa8\x07\xaf\x85\xec\xcc\
\x00\x00\x00\x00IEND\xaeB`\x82\
"

qt_resource_name = b"\
\x00\x03\
\x00\x00ps\
\x00i\
\x00p\x00s\
\x00\x13\
\x0b\x1b\x9a\xa7\
\x00b\
\x00a\x00s\x00e\x00_\x00p\x00e\x00d\x00i\x00a\x00t\x00r\x00i\x00c\x00o\x00.\x00p\
\x00n\x00g\
\x00\x0c\
\x0dga\x87\
\x00b\
\x00a\x00s\x00e\x00_\x00i\x00p\x00s\x00.\x00p\x00n\x00g\
\x00\x13\
\x09\x08\xa5\x07\
\x00b\
\x00a\x00s\x00e\x00_\x00m\x00a\x00t\x00e\x00r\x00n\x00i\x00d\x00a\x00d\x00.\x00p\
\x00n\x00g\
"

qt_resource_struct = b"\
\x00\x00\x00\x00\x00\x02\x00\x00\x00\x01\x00\x00\x00\x01\
\x00\x00\x00\x00\x00\x00\x00\x00\
\x00\x00\x00\x00\x00\x02\x00\x00\x00\x03\x00\x00\x00\x02\
\x00\x00\x00\x00\x00\x00\x00\x00\
\x00\x00\x00V\x00\x00\x00\x00\x00\x01\x00\x00\xb7k\
\x00\x00\x01\x9b\xc1\xe0\x0e\x91\
\x00\x00\x00\x0c\x00\x00\x00\x00\x00\x01\x00\x00\x00\x00\
\x00\x00\x01\x9b\xc1\xdfj\xe5\
\x00\x00\x008\x00\x00\x00\x00\x00\x01\x00\x00j8\
\x00\x00\x01\x9b\xc1\xc1\xbe.\
"

def qInitResources():
    QtCore.qRegisterResourceData(0x03, qt_resource_struct, qt_resource_name, qt_resource_data)

def qCleanupResources():
    QtCore.qUnregisterResourceData(0x03, qt_resource_struct, qt_resource_name, qt_resource_data)

qInitResources()
